[2026-05-29 07:55:53] testing.ERROR: Internal boom {"exception":"[object] (RuntimeException(code: 0): Internal boom at C:\\Users\\hp\\Documents\\ResumeLayout\\WebProject\\ums-app\\tests\\Feature\\ApiResponseAndExceptionHandlerTest.php:52)
[stacktrace]
#0 C:\\Users\\hp\\Documents\\ResumeLayout\\WebProject\\ums-app\\vendor\\laravel\\framework\\src\\Illuminate\\Routing\\Route.php(238): Tests\\Feature\\ApiResponseAndExceptionHandlerTest->Tests\\Feature\\{closure}()
#1 C:\\Users\\hp\\Documents\\ResumeLayout\\WebProject\\ums-app\\vendor\\laravel\\framework\\src\\Illuminate\\Routing\\Route.php(208): Illuminate\\Routing\\Route->runCallable()
#2 C:\\Users\\hp\\Documents\\ResumeLayout\\WebProject\\ums-app\\vendor\\laravel\\framework\\src\\Illuminate\\Routing\\Router.php(721): Illuminate\\Routing\\Route->run()
#3 C:\\Users\\hp\\Documents\\ResumeLayout\\WebProject\\ums-app\\vendor\\laravel\\framework\\src\\Illuminate\\Pipeline\\Pipeline.php(128): Illuminate\\Routing\\Router->Illuminate\\Routing\\{closure}(Object(Illuminate\\Http\\Request))
#4 C:\\Users\\hp\\Documents\\ResumeLayout\\WebProject\\ums-app\\vendor\\laravel\\framework\\src\\Illuminate\\Pipeline\\Pipeline.php(103): Illuminate\\Pipeline\\Pipeline->Illuminate\\Pipeline\\{closure}(Object(Illuminate\\Http\\Request))
#5 C:\\Users\\hp\\Documents\\ResumeLayout\\WebProject\\ums-app\\vendor\\laravel\\framework\\src\\Illuminate\\Routing\\Router.php(723): Illuminate\\Pipeline\\Pipeline->then(Object(Closure))
#6 C:\\Users\\hp\\Documents\\ResumeLayout\\WebProject\\ums-app\\vendor\\laravel\\framework\\src\\Illuminate\\Routing\\Router.php(698): Illuminate\\Routing\\Router->runRouteWithinStack(Object(Illuminate\\Routing\\Route), Object(Illuminate\\Http\\Request))
#7 C:\\Users\\hp\\Documents\\ResumeLayout\\WebProject\\ums-app\\vendor\\laravel\\framework\\src\\Illuminate\\Routing\\Router.php(662): Illuminate\\Routing\\Router->runRoute(Object(Illuminate\\Http\\Request), Object(Illuminate\\Routing\\Route))
#8 C:\\Users\\hp\\Documents\\ResumeLayout\\WebProject\\ums-app\\vendor\\laravel\\framework\\src\\Illuminate\\Routing\\Router.php(651): Illuminate\\Routing\\Router->dispatchToRoute(Object(Illuminate\\Http\\Request))
#9 C:\\Users\\hp\\Documents\\ResumeLayout\\WebProject\\ums-app\\vendor\\laravel\\framework\\src\\Illuminate\\Foundation\\Http\\Kernel.php(167): Illuminate\\Routing\\Router->dispatch(Object(Illuminate\\Http\\Request))
#10 C:\\Users\\hp\\Documents\\ResumeLayout\\WebProject\\ums-app\\vendor\\laravel\\framework\\src\\Illuminate\\Pipeline\\Pipeline.php(128): Illuminate\\Foundation\\Http\\Kernel->Illuminate\\Foundation\\Http\\{closure}(Object(Illuminate\\Http\\Request))
#11 C:\\Users\\hp\\Documents\\ResumeLayout\\WebProject\\ums-app\\vendor\\laravel\\framework\\src\\Illuminate\\Foundation\\Http\\Middleware\\TransformsRequest.php(21): Illuminate\\Pipeline\\Pipeline->Illuminate\\Pipeline\\{closure}(Object(Illuminate\\Http\\Request))
#12 C:\\Users\\hp\\Documents\\ResumeLayout\\WebProject\\ums-app\\vendor\\laravel\\framework\\src\\Illuminate\\Foundation\\Http\\Middleware\\ConvertEmptyStringsToNull.php(31): Illuminate\\Foundation\\Http\\Middleware\\TransformsRequest->handle(Object(Illuminate\\Http\\Request), Object(Closure))
#13 C:\\Users\\hp\\Documents\\ResumeLayout\\WebProject\\ums-app\\vendor\\laravel\\framework\\src\\Illuminate\\Pipeline\\Pipeline.php(167): Illuminate\\Foundation\\Http\\Middleware\\ConvertEmptyStringsToNull->handle(Object(Illuminate\\Http\\Request), Object(Closure))
#14 C:\\Users\\hp\\Documents\\ResumeLayout\\WebProject\\ums-app\\vendor\\laravel\\framework\\src\\Illuminate\\Foundation\\Http\\Middleware\\TransformsRequest.php(21): Illuminate\\Pipeline\\Pipeline->Illuminate\\Pipeline\\{closure}(Object(Illuminate\\Http\\Request))
#15 C:\\Users\\hp\\Documents\\ResumeLayout\\WebProject\\ums-app\\vendor\\laravel\\framework\\src\\Illuminate\\Foundation\\Http\\Middleware\\TrimStrings.php(40): Illuminate\\Foundation\\Http\\Middleware\\TransformsRequest->handle(Object(Illuminate\\Http\\Request), Object(Closure))
#16 C:\\Users\\hp\\Documents\\ResumeLayout\\WebProject\\ums-app\\vendor\\laravel\\framework\\src\\Illuminate\\Pipeline\\Pipeline.php(167): Illuminate\\Foundation\\Http\\Middleware\\TrimStrings->handle(Object(Illuminate\\Http\\Request), Object(Closure))
#17 C:\\Users\\hp\\Documents\\ResumeLayout\\WebProject\\ums-app\\vendor\\laravel\\framework\\src\\Illuminate\\Foundation\\Http\\Middleware\\ValidatePostSize.php(27): Illuminate\\Pipeline\\Pipeline->Illuminate\\Pipeline\\{closure}(Object(Illuminate\\Http\\Request))
#18 C:\\Users\\hp\\Documents\\ResumeLayout\\WebProject\\ums-app\\vendor\\laravel\\framework\\src\\Illuminate\\Pipeline\\Pipeline.php(167): Illuminate\\Foundation\\Http\\Middleware\\ValidatePostSize->handle(Object(Illuminate\\Http\\Request), Object(Closure))
#19 C:\\Users\\hp\\Documents\\ResumeLayout\\WebProject\\ums-app\\vendor\\laravel\\framework\\src\\Illuminate\\Foundation\\Http\\Middleware\\PreventRequestsDuringMaintenance.php(86): Illuminate\\Pipeline\\Pipeline->Illuminate\\Pipeline\\{closure}(Object(Illuminate\\Http\\Request))
#20 C:\\Users\\hp\\Documents\\ResumeLayout\\WebProject\\ums-app\\vendor\\laravel\\framework\\src\\Illuminate\\Pipeline\\Pipeline.php(167): Illuminate\\Foundation\\Http\\Middleware\\PreventRequestsDuringMaintenance->handle(Object(Illuminate\\Http\\Request), Object(Closure))
#21 C:\\Users\\hp\\Documents\\ResumeLayout\\WebProject\\ums-app\\vendor\\fruitcake\\laravel-cors\\src\\HandleCors.php(52): Illuminate\\Pipeline\\Pipeline->Illuminate\\Pipeline\\{closure}(Object(Illuminate\\Http\\Request))
#22 C:\\Users\\hp\\Documents\\ResumeLayout\\WebProject\\ums-app\\vendor\\laravel\\framework\\src\\Illuminate\\Pipeline\\Pipeline.php(167): Fruitcake\\Cors\\HandleCors->handle(Object(Illuminate\\Http\\Request), Object(Closure))
#23 C:\\Users\\hp\\Documents\\ResumeLayout\\WebProject\\ums-app\\vendor\\fideloper\\proxy\\src\\TrustProxies.php(57): Illuminate\\Pipeline\\Pipeline->Illuminate\\Pipeline\\{closure}(Object(Illuminate\\Http\\Request))
#24 C:\\Users\\hp\\Documents\\ResumeLayout\\WebProject\\ums-app\\vendor\\laravel\\framework\\src\\Illuminate\\Pipeline\\Pipeline.php(167): Fideloper\\Proxy\\TrustProxies->handle(Object(Illuminate\\Http\\Request), Object(Closure))
#25 C:\\Users\\hp\\Documents\\ResumeLayout\\WebProject\\ums-app\\vendor\\laravel\\framework\\src\\Illuminate\\Pipeline\\Pipeline.php(103): Illuminate\\Pipeline\\Pipeline->Illuminate\\Pipeline\\{closure}(Object(Illuminate\\Http\\Request))
#26 C:\\Users\\hp\\Documents\\ResumeLayout\\WebProject\\ums-app\\vendor\\laravel\\framework\\src\\Illuminate\\Foundation\\Http\\Kernel.php(142): Illuminate\\Pipeline\\Pipeline->then(Object(Closure))
#27 C:\\Users\\hp\\Documents\\ResumeLayout\\WebProject\\ums-app\\vendor\\laravel\\framework\\src\\Illuminate\\Foundation\\Http\\Kernel.php(111): Illuminate\\Foundation\\Http\\Kernel->sendRequestThroughRouter(Object(Illuminate\\Http\\Request))
#28 C:\\Users\\hp\\Documents\\ResumeLayout\\WebProject\\ums-app\\vendor\\laravel\\framework\\src\\Illuminate\\Foundation\\Testing\\Concerns\\MakesHttpRequests.php(510): Illuminate\\Foundation\\Http\\Kernel->handle(Object(Illuminate\\Http\\Request))
#29 C:\\Users\\hp\\Documents\\ResumeLayout\\WebProject\\ums-app\\vendor\\laravel\\framework\\src\\Illuminate\\Foundation\\Testing\\Concerns\\MakesHttpRequests.php(476): Illuminate\\Foundation\\Testing\\TestCase->call('GET', '/api/test/unhan...', Array, Array, Array, Array, '[]')
#30 C:\\Users\\hp\\Documents\\ResumeLayout\\WebProject\\ums-app\\vendor\\laravel\\framework\\src\\Illuminate\\Foundation\\Testing\\Concerns\\MakesHttpRequests.php(306): Illuminate\\Foundation\\Testing\\TestCase->json('GET', '/api/test/unhan...', Array, Array)
#31 C:\\Users\\hp\\Documents\\ResumeLayout\\WebProject\\ums-app\\tests\\Feature\\ApiResponseAndExceptionHandlerTest.php(173): Illuminate\\Foundation\\Testing\\TestCase->getJson('/api/test/unhan...')
#32 C:\\Users\\hp\\Documents\\ResumeLayout\\WebProject\\ums-app\\vendor\\phpunit\\phpunit\\src\\Framework\\TestCase.php(1617): Tests\\Feature\\ApiResponseAndExceptionHandlerTest->unhandled_exception_returns_500_with_generic_message()
#33 C:\\Users\\hp\\Documents\\ResumeLayout\\WebProject\\ums-app\\vendor\\phpunit\\phpunit\\src\\Framework\\TestCase.php(1223): PHPUnit\\Framework\\TestCase->runTest()
#34 C:\\Users\\hp\\Documents\\ResumeLayout\\WebProject\\ums-app\\vendor\\phpunit\\phpunit\\src\\Framework\\TestResult.php(729): PHPUnit\\Framework\\TestCase->runBare()
#35 C:\\Users\\hp\\Documents\\ResumeLayout\\WebProject\\ums-app\\vendor\\phpunit\\phpunit\\src\\Framework\\TestCase.php(973): PHPUnit\\Framework\\TestResult->run(Object(Tests\\Feature\\ApiResponseAndExceptionHandlerTest))
#36 C:\\Users\\hp\\Documents\\ResumeLayout\\WebProject\\ums-app\\vendor\\phpunit\\phpunit\\src\\Framework\\TestSuite.php(685): PHPUnit\\Framework\\TestCase->run(Object(PHPUnit\\Framework\\TestResult))
#37 C:\\Users\\hp\\Documents\\ResumeLayout\\WebProject\\ums-app\\vendor\\phpunit\\phpunit\\src\\TextUI\\TestRunner.php(651): PHPUnit\\Framework\\TestSuite->run(Object(PHPUnit\\Framework\\TestResult))
#38 C:\\Users\\hp\\Documents\\ResumeLayout\\WebProject\\ums-app\\vendor\\phpunit\\phpunit\\src\\TextUI\\Command.php(146): PHPUnit\\TextUI\\TestRunner->run(Object(PHPUnit\\Framework\\TestSuite), Array, Array, true)
#39 C:\\Users\\hp\\Documents\\ResumeLayout\\WebProject\\ums-app\\vendor\\phpunit\\phpunit\\src\\TextUI\\Command.php(99): PHPUnit\\TextUI\\Command->run(Array, true)
#40 C:\\Users\\hp\\Documents\\ResumeLayout\\WebProject\\ums-app\\vendor\\phpunit\\phpunit\\phpunit(107): PHPUnit\\TextUI\\Command::main()
#41 C:\\Users\\hp\\Documents\\ResumeLayout\\WebProject\\ums-app\\vendor\\bin\\phpunit(122): include('C:\\\\Users\\\\hp\\\\Doc...')
#42 {main}
"} 
[2026-05-29 07:55:53] testing.ERROR: Internal boom {"exception":"[object] (RuntimeException(code: 0): Internal boom at C:\\Users\\hp\\Documents\\ResumeLayout\\WebProject\\ums-app\\tests\\Feature\\ApiResponseAndExceptionHandlerTest.php:52)
[stacktrace]
#0 C:\\Users\\hp\\Documents\\ResumeLayout\\WebProject\\ums-app\\vendor\\laravel\\framework\\src\\Illuminate\\Routing\\Route.php(238): Tests\\Feature\\ApiResponseAndExceptionHandlerTest->Tests\\Feature\\{closure}()
#1 C:\\Users\\hp\\Documents\\ResumeLayout\\WebProject\\ums-app\\vendor\\laravel\\framework\\src\\Illuminate\\Routing\\Route.php(208): Illuminate\\Routing\\Route->runCallable()
#2 C:\\Users\\hp\\Documents\\ResumeLayout\\WebProject\\ums-app\\vendor\\laravel\\framework\\src\\Illuminate\\Routing\\Router.php(721): Illuminate\\Routing\\Route->run()
#3 C:\\Users\\hp\\Documents\\ResumeLayout\\WebProject\\ums-app\\vendor\\laravel\\framework\\src\\Illuminate\\Pipeline\\Pipeline.php(128): Illuminate\\Routing\\Router->Illuminate\\Routing\\{closure}(Object(Illuminate\\Http\\Request))
#4 C:\\Users\\hp\\Documents\\ResumeLayout\\WebProject\\ums-app\\vendor\\laravel\\framework\\src\\Illuminate\\Pipeline\\Pipeline.php(103): Illuminate\\Pipeline\\Pipeline->Illuminate\\Pipeline\\{closure}(Object(Illuminate\\Http\\Request))
#5 C:\\Users\\hp\\Documents\\ResumeLayout\\WebProject\\ums-app\\vendor\\laravel\\framework\\src\\Illuminate\\Routing\\Router.php(723): Illuminate\\Pipeline\\Pipeline->then(Object(Closure))
#6 C:\\Users\\hp\\Documents\\ResumeLayout\\WebProject\\ums-app\\vendor\\laravel\\framework\\src\\Illuminate\\Routing\\Router.php(698): Illuminate\\Routing\\Router->runRouteWithinStack(Object(Illuminate\\Routing\\Route), Object(Illuminate\\Http\\Request))
#7 C:\\Users\\hp\\Documents\\ResumeLayout\\WebProject\\ums-app\\vendor\\laravel\\framework\\src\\Illuminate\\Routing\\Router.php(662): Illuminate\\Routing\\Router->runRoute(Object(Illuminate\\Http\\Request), Object(Illuminate\\Routing\\Route))
#8 C:\\Users\\hp\\Documents\\ResumeLayout\\WebProject\\ums-app\\vendor\\laravel\\framework\\src\\Illuminate\\Routing\\Router.php(651): Illuminate\\Routing\\Router->dispatchToRoute(Object(Illuminate\\Http\\Request))
#9 C:\\Users\\hp\\Documents\\ResumeLayout\\WebProject\\ums-app\\vendor\\laravel\\framework\\src\\Illuminate\\Foundation\\Http\\Kernel.php(167): Illuminate\\Routing\\Router->dispatch(Object(Illuminate\\Http\\Request))
#10 C:\\Users\\hp\\Documents\\ResumeLayout\\WebProject\\ums-app\\vendor\\laravel\\framework\\src\\Illuminate\\Pipeline\\Pipeline.php(128): Illuminate\\Foundation\\Http\\Kernel->Illuminate\\Foundation\\Http\\{closure}(Object(Illuminate\\Http\\Request))
#11 C:\\Users\\hp\\Documents\\ResumeLayout\\WebProject\\ums-app\\vendor\\laravel\\framework\\src\\Illuminate\\Foundation\\Http\\Middleware\\TransformsRequest.php(21): Illuminate\\Pipeline\\Pipeline->Illuminate\\Pipeline\\{closure}(Object(Illuminate\\Http\\Request))
#12 C:\\Users\\hp\\Documents\\ResumeLayout\\WebProject\\ums-app\\vendor\\laravel\\framework\\src\\Illuminate\\Foundation\\Http\\Middleware\\ConvertEmptyStringsToNull.php(31): Illuminate\\Foundation\\Http\\Middleware\\TransformsRequest->handle(Object(Illuminate\\Http\\Request), Object(Closure))
#13 C:\\Users\\hp\\Documents\\ResumeLayout\\WebProject\\ums-app\\vendor\\laravel\\framework\\src\\Illuminate\\Pipeline\\Pipeline.php(167): Illuminate\\Foundation\\Http\\Middleware\\ConvertEmptyStringsToNull->handle(Object(Illuminate\\Http\\Request), Object(Closure))
#14 C:\\Users\\hp\\Documents\\ResumeLayout\\WebProject\\ums-app\\vendor\\laravel\\framework\\src\\Illuminate\\Foundation\\Http\\Middleware\\TransformsRequest.php(21): Illuminate\\Pipeline\\Pipeline->Illuminate\\Pipeline\\{closure}(Object(Illuminate\\Http\\Request))
#15 C:\\Users\\hp\\Documents\\ResumeLayout\\WebProject\\ums-app\\vendor\\laravel\\framework\\src\\Illuminate\\Foundation\\Http\\Middleware\\TrimStrings.php(40): Illuminate\\Foundation\\Http\\Middleware\\TransformsRequest->handle(Object(Illuminate\\Http\\Request), Object(Closure))
#16 C:\\Users\\hp\\Documents\\ResumeLayout\\WebProject\\ums-app\\vendor\\laravel\\framework\\src\\Illuminate\\Pipeline\\Pipeline.php(167): Illuminate\\Foundation\\Http\\Middleware\\TrimStrings->handle(Object(Illuminate\\Http\\Request), Object(Closure))
#17 C:\\Users\\hp\\Documents\\ResumeLayout\\WebProject\\ums-app\\vendor\\laravel\\framework\\src\\Illuminate\\Foundation\\Http\\Middleware\\ValidatePostSize.php(27): Illuminate\\Pipeline\\Pipeline->Illuminate\\Pipeline\\{closure}(Object(Illuminate\\Http\\Request))
#18 C:\\Users\\hp\\Documents\\ResumeLayout\\WebProject\\ums-app\\vendor\\laravel\\framework\\src\\Illuminate\\Pipeline\\Pipeline.php(167): Illuminate\\Foundation\\Http\\Middleware\\ValidatePostSize->handle(Object(Illuminate\\Http\\Request), Object(Closure))
#19 C:\\Users\\hp\\Documents\\ResumeLayout\\WebProject\\ums-app\\vendor\\laravel\\framework\\src\\Illuminate\\Foundation\\Http\\Middleware\\PreventRequestsDuringMaintenance.php(86): Illuminate\\Pipeline\\Pipeline->Illuminate\\Pipeline\\{closure}(Object(Illuminate\\Http\\Request))
#20 C:\\Users\\hp\\Documents\\ResumeLayout\\WebProject\\ums-app\\vendor\\laravel\\framework\\src\\Illuminate\\Pipeline\\Pipeline.php(167): Illuminate\\Foundation\\Http\\Middleware\\PreventRequestsDuringMaintenance->handle(Object(Illuminate\\Http\\Request), Object(Closure))
#21 C:\\Users\\hp\\Documents\\ResumeLayout\\WebProject\\ums-app\\vendor\\fruitcake\\laravel-cors\\src\\HandleCors.php(52): Illuminate\\Pipeline\\Pipeline->Illuminate\\Pipeline\\{closure}(Object(Illuminate\\Http\\Request))
#22 C:\\Users\\hp\\Documents\\ResumeLayout\\WebProject\\ums-app\\vendor\\laravel\\framework\\src\\Illuminate\\Pipeline\\Pipeline.php(167): Fruitcake\\Cors\\HandleCors->handle(Object(Illuminate\\Http\\Request), Object(Closure))
#23 C:\\Users\\hp\\Documents\\ResumeLayout\\WebProject\\ums-app\\vendor\\fideloper\\proxy\\src\\TrustProxies.php(57): Illuminate\\Pipeline\\Pipeline->Illuminate\\Pipeline\\{closure}(Object(Illuminate\\Http\\Request))
#24 C:\\Users\\hp\\Documents\\ResumeLayout\\WebProject\\ums-app\\vendor\\laravel\\framework\\src\\Illuminate\\Pipeline\\Pipeline.php(167): Fideloper\\Proxy\\TrustProxies->handle(Object(Illuminate\\Http\\Request), Object(Closure))
#25 C:\\Users\\hp\\Documents\\ResumeLayout\\WebProject\\ums-app\\vendor\\laravel\\framework\\src\\Illuminate\\Pipeline\\Pipeline.php(103): Illuminate\\Pipeline\\Pipeline->Illuminate\\Pipeline\\{closure}(Object(Illuminate\\Http\\Request))
#26 C:\\Users\\hp\\Documents\\ResumeLayout\\WebProject\\ums-app\\vendor\\laravel\\framework\\src\\Illuminate\\Foundation\\Http\\Kernel.php(142): Illuminate\\Pipeline\\Pipeline->then(Object(Closure))
#27 C:\\Users\\hp\\Documents\\ResumeLayout\\WebProject\\ums-app\\vendor\\laravel\\framework\\src\\Illuminate\\Foundation\\Http\\Kernel.php(111): Illuminate\\Foundation\\Http\\Kernel->sendRequestThroughRouter(Object(Illuminate\\Http\\Request))
#28 C:\\Users\\hp\\Documents\\ResumeLayout\\WebProject\\ums-app\\vendor\\laravel\\framework\\src\\Illuminate\\Foundation\\Testing\\Concerns\\MakesHttpRequests.php(510): Illuminate\\Foundation\\Http\\Kernel->handle(Object(Illuminate\\Http\\Request))
#29 C:\\Users\\hp\\Documents\\ResumeLayout\\WebProject\\ums-app\\vendor\\laravel\\framework\\src\\Illuminate\\Foundation\\Testing\\Concerns\\MakesHttpRequests.php(476): Illuminate\\Foundation\\Testing\\TestCase->call('GET', '/api/test/unhan...', Array, Array, Array, Array, '[]')
#30 C:\\Users\\hp\\Documents\\ResumeLayout\\WebProject\\ums-app\\vendor\\laravel\\framework\\src\\Illuminate\\Foundation\\Testing\\Concerns\\MakesHttpRequests.php(306): Illuminate\\Foundation\\Testing\\TestCase->json('GET', '/api/test/unhan...', Array, Array)
#31 C:\\Users\\hp\\Documents\\ResumeLayout\\WebProject\\ums-app\\tests\\Feature\\ApiResponseAndExceptionHandlerTest.php(185): Illuminate\\Foundation\\Testing\\TestCase->getJson('/api/test/unhan...')
#32 C:\\Users\\hp\\Documents\\ResumeLayout\\WebProject\\ums-app\\vendor\\phpunit\\phpunit\\src\\Framework\\TestCase.php(1617): Tests\\Feature\\ApiResponseAndExceptionHandlerTest->unhandled_exception_response_does_not_expose_stack_trace()
#33 C:\\Users\\hp\\Documents\\ResumeLayout\\WebProject\\ums-app\\vendor\\phpunit\\phpunit\\src\\Framework\\TestCase.php(1223): PHPUnit\\Framework\\TestCase->runTest()
#34 C:\\Users\\hp\\Documents\\ResumeLayout\\WebProject\\ums-app\\vendor\\phpunit\\phpunit\\src\\Framework\\TestResult.php(729): PHPUnit\\Framework\\TestCase->runBare()
#35 C:\\Users\\hp\\Documents\\ResumeLayout\\WebProject\\ums-app\\vendor\\phpunit\\phpunit\\src\\Framework\\TestCase.php(973): PHPUnit\\Framework\\TestResult->run(Object(Tests\\Feature\\ApiResponseAndExceptionHandlerTest))
#36 C:\\Users\\hp\\Documents\\ResumeLayout\\WebProject\\ums-app\\vendor\\phpunit\\phpunit\\src\\Framework\\TestSuite.php(685): PHPUnit\\Framework\\TestCase->run(Object(PHPUnit\\Framework\\TestResult))
#37 C:\\Users\\hp\\Documents\\ResumeLayout\\WebProject\\ums-app\\vendor\\phpunit\\phpunit\\src\\TextUI\\TestRunner.php(651): PHPUnit\\Framework\\TestSuite->run(Object(PHPUnit\\Framework\\TestResult))
#38 C:\\Users\\hp\\Documents\\ResumeLayout\\WebProject\\ums-app\\vendor\\phpunit\\phpunit\\src\\TextUI\\Command.php(146): PHPUnit\\TextUI\\TestRunner->run(Object(PHPUnit\\Framework\\TestSuite), Array, Array, true)
#39 C:\\Users\\hp\\Documents\\ResumeLayout\\WebProject\\ums-app\\vendor\\phpunit\\phpunit\\src\\TextUI\\Command.php(99): PHPUnit\\TextUI\\Command->run(Array, true)
#40 C:\\Users\\hp\\Documents\\ResumeLayout\\WebProject\\ums-app\\vendor\\phpunit\\phpunit\\phpunit(107): PHPUnit\\TextUI\\Command::main()
#41 C:\\Users\\hp\\Documents\\ResumeLayout\\WebProject\\ums-app\\vendor\\bin\\phpunit(122): include('C:\\\\Users\\\\hp\\\\Doc...')
#42 {main}
"} 
[2026-05-29 07:59:33] testing.ERROR: Internal boom {"exception":"[object] (RuntimeException(code: 0): Internal boom at C:\\Users\\hp\\Documents\\ResumeLayout\\WebProject\\ums-app\\tests\\Feature\\ApiResponseAndExceptionHandlerTest.php:52)
[stacktrace]
#0 C:\\Users\\hp\\Documents\\ResumeLayout\\WebProject\\ums-app\\vendor\\laravel\\framework\\src\\Illuminate\\Routing\\Route.php(238): Tests\\Feature\\ApiResponseAndExceptionHandlerTest->Tests\\Feature\\{closure}()
#1 C:\\Users\\hp\\Documents\\ResumeLayout\\WebProject\\ums-app\\vendor\\laravel\\framework\\src\\Illuminate\\Routing\\Route.php(208): Illuminate\\Routing\\Route->runCallable()
#2 C:\\Users\\hp\\Documents\\ResumeLayout\\WebProject\\ums-app\\vendor\\laravel\\framework\\src\\Illuminate\\Routing\\Router.php(721): Illuminate\\Routing\\Route->run()
#3 C:\\Users\\hp\\Documents\\ResumeLayout\\WebProject\\ums-app\\vendor\\laravel\\framework\\src\\Illuminate\\Pipeline\\Pipeline.php(128): Illuminate\\Routing\\Router->Illuminate\\Routing\\{closure}(Object(Illuminate\\Http\\Request))
#4 C:\\Users\\hp\\Documents\\ResumeLayout\\WebProject\\ums-app\\vendor\\laravel\\framework\\src\\Illuminate\\Pipeline\\Pipeline.php(103): Illuminate\\Pipeline\\Pipeline->Illuminate\\Pipeline\\{closure}(Object(Illuminate\\Http\\Request))
#5 C:\\Users\\hp\\Documents\\ResumeLayout\\WebProject\\ums-app\\vendor\\laravel\\framework\\src\\Illuminate\\Routing\\Router.php(723): Illuminate\\Pipeline\\Pipeline->then(Object(Closure))
#6 C:\\Users\\hp\\Documents\\ResumeLayout\\WebProject\\ums-app\\vendor\\laravel\\framework\\src\\Illuminate\\Routing\\Router.php(698): Illuminate\\Routing\\Router->runRouteWithinStack(Object(Illuminate\\Routing\\Route), Object(Illuminate\\Http\\Request))
#7 C:\\Users\\hp\\Documents\\ResumeLayout\\WebProject\\ums-app\\vendor\\laravel\\framework\\src\\Illuminate\\Routing\\Router.php(662): Illuminate\\Routing\\Router->runRoute(Object(Illuminate\\Http\\Request), Object(Illuminate\\Routing\\Route))
#8 C:\\Users\\hp\\Documents\\ResumeLayout\\WebProject\\ums-app\\vendor\\laravel\\framework\\src\\Illuminate\\Routing\\Router.php(651): Illuminate\\Routing\\Router->dispatchToRoute(Object(Illuminate\\Http\\Request))
#9 C:\\Users\\hp\\Documents\\ResumeLayout\\WebProject\\ums-app\\vendor\\laravel\\framework\\src\\Illuminate\\Foundation\\Http\\Kernel.php(167): Illuminate\\Routing\\Router->dispatch(Object(Illuminate\\Http\\Request))
#10 C:\\Users\\hp\\Documents\\ResumeLayout\\WebProject\\ums-app\\vendor\\laravel\\framework\\src\\Illuminate\\Pipeline\\Pipeline.php(128): Illuminate\\Foundation\\Http\\Kernel->Illuminate\\Foundation\\Http\\{closure}(Object(Illuminate\\Http\\Request))
#11 C:\\Users\\hp\\Documents\\ResumeLayout\\WebProject\\ums-app\\vendor\\laravel\\framework\\src\\Illuminate\\Foundation\\Http\\Middleware\\TransformsRequest.php(21): Illuminate\\Pipeline\\Pipeline->Illuminate\\Pipeline\\{closure}(Object(Illuminate\\Http\\Request))
#12 C:\\Users\\hp\\Documents\\ResumeLayout\\WebProject\\ums-app\\vendor\\laravel\\framework\\src\\Illuminate\\Foundation\\Http\\Middleware\\ConvertEmptyStringsToNull.php(31): Illuminate\\Foundation\\Http\\Middleware\\TransformsRequest->handle(Object(Illuminate\\Http\\Request), Object(Closure))
#13 C:\\Users\\hp\\Documents\\ResumeLayout\\WebProject\\ums-app\\vendor\\laravel\\framework\\src\\Illuminate\\Pipeline\\Pipeline.php(167): Illuminate\\Foundation\\Http\\Middleware\\ConvertEmptyStringsToNull->handle(Object(Illuminate\\Http\\Request), Object(Closure))
#14 C:\\Users\\hp\\Documents\\ResumeLayout\\WebProject\\ums-app\\vendor\\laravel\\framework\\src\\Illuminate\\Foundation\\Http\\Middleware\\TransformsRequest.php(21): Illuminate\\Pipeline\\Pipeline->Illuminate\\Pipeline\\{closure}(Object(Illuminate\\Http\\Request))
#15 C:\\Users\\hp\\Documents\\ResumeLayout\\WebProject\\ums-app\\vendor\\laravel\\framework\\src\\Illuminate\\Foundation\\Http\\Middleware\\TrimStrings.php(40): Illuminate\\Foundation\\Http\\Middleware\\TransformsRequest->handle(Object(Illuminate\\Http\\Request), Object(Closure))
#16 C:\\Users\\hp\\Documents\\ResumeLayout\\WebProject\\ums-app\\vendor\\laravel\\framework\\src\\Illuminate\\Pipeline\\Pipeline.php(167): Illuminate\\Foundation\\Http\\Middleware\\TrimStrings->handle(Object(Illuminate\\Http\\Request), Object(Closure))
#17 C:\\Users\\hp\\Documents\\ResumeLayout\\WebProject\\ums-app\\vendor\\laravel\\framework\\src\\Illuminate\\Foundation\\Http\\Middleware\\ValidatePostSize.php(27): Illuminate\\Pipeline\\Pipeline->Illuminate\\Pipeline\\{closure}(Object(Illuminate\\Http\\Request))
#18 C:\\Users\\hp\\Documents\\ResumeLayout\\WebProject\\ums-app\\vendor\\laravel\\framework\\src\\Illuminate\\Pipeline\\Pipeline.php(167): Illuminate\\Foundation\\Http\\Middleware\\ValidatePostSize->handle(Object(Illuminate\\Http\\Request), Object(Closure))
#19 C:\\Users\\hp\\Documents\\ResumeLayout\\WebProject\\ums-app\\vendor\\laravel\\framework\\src\\Illuminate\\Foundation\\Http\\Middleware\\PreventRequestsDuringMaintenance.php(86): Illuminate\\Pipeline\\Pipeline->Illuminate\\Pipeline\\{closure}(Object(Illuminate\\Http\\Request))
#20 C:\\Users\\hp\\Documents\\ResumeLayout\\WebProject\\ums-app\\vendor\\laravel\\framework\\src\\Illuminate\\Pipeline\\Pipeline.php(167): Illuminate\\Foundation\\Http\\Middleware\\PreventRequestsDuringMaintenance->handle(Object(Illuminate\\Http\\Request), Object(Closure))
#21 C:\\Users\\hp\\Documents\\ResumeLayout\\WebProject\\ums-app\\vendor\\fruitcake\\laravel-cors\\src\\HandleCors.php(52): Illuminate\\Pipeline\\Pipeline->Illuminate\\Pipeline\\{closure}(Object(Illuminate\\Http\\Request))
#22 C:\\Users\\hp\\Documents\\ResumeLayout\\WebProject\\ums-app\\vendor\\laravel\\framework\\src\\Illuminate\\Pipeline\\Pipeline.php(167): Fruitcake\\Cors\\HandleCors->handle(Object(Illuminate\\Http\\Request), Object(Closure))
#23 C:\\Users\\hp\\Documents\\ResumeLayout\\WebProject\\ums-app\\vendor\\fideloper\\proxy\\src\\TrustProxies.php(57): Illuminate\\Pipeline\\Pipeline->Illuminate\\Pipeline\\{closure}(Object(Illuminate\\Http\\Request))
#24 C:\\Users\\hp\\Documents\\ResumeLayout\\WebProject\\ums-app\\vendor\\laravel\\framework\\src\\Illuminate\\Pipeline\\Pipeline.php(167): Fideloper\\Proxy\\TrustProxies->handle(Object(Illuminate\\Http\\Request), Object(Closure))
#25 C:\\Users\\hp\\Documents\\ResumeLayout\\WebProject\\ums-app\\vendor\\laravel\\framework\\src\\Illuminate\\Pipeline\\Pipeline.php(103): Illuminate\\Pipeline\\Pipeline->Illuminate\\Pipeline\\{closure}(Object(Illuminate\\Http\\Request))
#26 C:\\Users\\hp\\Documents\\ResumeLayout\\WebProject\\ums-app\\vendor\\laravel\\framework\\src\\Illuminate\\Foundation\\Http\\Kernel.php(142): Illuminate\\Pipeline\\Pipeline->then(Object(Closure))
#27 C:\\Users\\hp\\Documents\\ResumeLayout\\WebProject\\ums-app\\vendor\\laravel\\framework\\src\\Illuminate\\Foundation\\Http\\Kernel.php(111): Illuminate\\Foundation\\Http\\Kernel->sendRequestThroughRouter(Object(Illuminate\\Http\\Request))
#28 C:\\Users\\hp\\Documents\\ResumeLayout\\WebProject\\ums-app\\vendor\\laravel\\framework\\src\\Illuminate\\Foundation\\Testing\\Concerns\\MakesHttpRequests.php(510): Illuminate\\Foundation\\Http\\Kernel->handle(Object(Illuminate\\Http\\Request))
#29 C:\\Users\\hp\\Documents\\ResumeLayout\\WebProject\\ums-app\\vendor\\laravel\\framework\\src\\Illuminate\\Foundation\\Testing\\Concerns\\MakesHttpRequests.php(476): Illuminate\\Foundation\\Testing\\TestCase->call('GET', '/api/test/unhan...', Array, Array, Array, Array, '[]')
#30 C:\\Users\\hp\\Documents\\ResumeLayout\\WebProject\\ums-app\\vendor\\laravel\\framework\\src\\Illuminate\\Foundation\\Testing\\Concerns\\MakesHttpRequests.php(306): Illuminate\\Foundation\\Testing\\TestCase->json('GET', '/api/test/unhan...', Array, Array)
#31 C:\\Users\\hp\\Documents\\ResumeLayout\\WebProject\\ums-app\\tests\\Feature\\ApiResponseAndExceptionHandlerTest.php(173): Illuminate\\Foundation\\Testing\\TestCase->getJson('/api/test/unhan...')
#32 C:\\Users\\hp\\Documents\\ResumeLayout\\WebProject\\ums-app\\vendor\\phpunit\\phpunit\\src\\Framework\\TestCase.php(1617): Tests\\Feature\\ApiResponseAndExceptionHandlerTest->unhandled_exception_returns_500_with_generic_message()
#33 C:\\Users\\hp\\Documents\\ResumeLayout\\WebProject\\ums-app\\vendor\\phpunit\\phpunit\\src\\Framework\\TestCase.php(1223): PHPUnit\\Framework\\TestCase->runTest()
#34 C:\\Users\\hp\\Documents\\ResumeLayout\\WebProject\\ums-app\\vendor\\phpunit\\phpunit\\src\\Framework\\TestResult.php(729): PHPUnit\\Framework\\TestCase->runBare()
#35 C:\\Users\\hp\\Documents\\ResumeLayout\\WebProject\\ums-app\\vendor\\phpunit\\phpunit\\src\\Framework\\TestCase.php(973): PHPUnit\\Framework\\TestResult->run(Object(Tests\\Feature\\ApiResponseAndExceptionHandlerTest))
#36 C:\\Users\\hp\\Documents\\ResumeLayout\\WebProject\\ums-app\\vendor\\phpunit\\phpunit\\src\\Framework\\TestSuite.php(685): PHPUnit\\Framework\\TestCase->run(Object(PHPUnit\\Framework\\TestResult))
#37 C:\\Users\\hp\\Documents\\ResumeLayout\\WebProject\\ums-app\\vendor\\phpunit\\phpunit\\src\\Framework\\TestSuite.php(685): PHPUnit\\Framework\\TestSuite->run(Object(PHPUnit\\Framework\\TestResult))
#38 C:\\Users\\hp\\Documents\\ResumeLayout\\WebProject\\ums-app\\vendor\\phpunit\\phpunit\\src\\Framework\\TestSuite.php(685): PHPUnit\\Framework\\TestSuite->run(Object(PHPUnit\\Framework\\TestResult))
#39 C:\\Users\\hp\\Documents\\ResumeLayout\\WebProject\\ums-app\\vendor\\phpunit\\phpunit\\src\\TextUI\\TestRunner.php(651): PHPUnit\\Framework\\TestSuite->run(Object(PHPUnit\\Framework\\TestResult))
#40 C:\\Users\\hp\\Documents\\ResumeLayout\\WebProject\\ums-app\\vendor\\phpunit\\phpunit\\src\\TextUI\\Command.php(146): PHPUnit\\TextUI\\TestRunner->run(Object(PHPUnit\\Framework\\TestSuite), Array, Array, true)
#41 C:\\Users\\hp\\Documents\\ResumeLayout\\WebProject\\ums-app\\vendor\\phpunit\\phpunit\\src\\TextUI\\Command.php(99): PHPUnit\\TextUI\\Command->run(Array, true)
#42 C:\\Users\\hp\\Documents\\ResumeLayout\\WebProject\\ums-app\\vendor\\phpunit\\phpunit\\phpunit(107): PHPUnit\\TextUI\\Command::main()
#43 C:\\Users\\hp\\Documents\\ResumeLayout\\WebProject\\ums-app\\vendor\\bin\\phpunit(122): include('C:\\\\Users\\\\hp\\\\Doc...')
#44 {main}
"} 
[2026-05-29 07:59:33] testing.ERROR: Internal boom {"exception":"[object] (RuntimeException(code: 0): Internal boom at C:\\Users\\hp\\Documents\\ResumeLayout\\WebProject\\ums-app\\tests\\Feature\\ApiResponseAndExceptionHandlerTest.php:52)
[stacktrace]
#0 C:\\Users\\hp\\Documents\\ResumeLayout\\WebProject\\ums-app\\vendor\\laravel\\framework\\src\\Illuminate\\Routing\\Route.php(238): Tests\\Feature\\ApiResponseAndExceptionHandlerTest->Tests\\Feature\\{closure}()
#1 C:\\Users\\hp\\Documents\\ResumeLayout\\WebProject\\ums-app\\vendor\\laravel\\framework\\src\\Illuminate\\Routing\\Route.php(208): Illuminate\\Routing\\Route->runCallable()
#2 C:\\Users\\hp\\Documents\\ResumeLayout\\WebProject\\ums-app\\vendor\\laravel\\framework\\src\\Illuminate\\Routing\\Router.php(721): Illuminate\\Routing\\Route->run()
#3 C:\\Users\\hp\\Documents\\ResumeLayout\\WebProject\\ums-app\\vendor\\laravel\\framework\\src\\Illuminate\\Pipeline\\Pipeline.php(128): Illuminate\\Routing\\Router->Illuminate\\Routing\\{closure}(Object(Illuminate\\Http\\Request))
#4 C:\\Users\\hp\\Documents\\ResumeLayout\\WebProject\\ums-app\\vendor\\laravel\\framework\\src\\Illuminate\\Pipeline\\Pipeline.php(103): Illuminate\\Pipeline\\Pipeline->Illuminate\\Pipeline\\{closure}(Object(Illuminate\\Http\\Request))
#5 C:\\Users\\hp\\Documents\\ResumeLayout\\WebProject\\ums-app\\vendor\\laravel\\framework\\src\\Illuminate\\Routing\\Router.php(723): Illuminate\\Pipeline\\Pipeline->then(Object(Closure))
#6 C:\\Users\\hp\\Documents\\ResumeLayout\\WebProject\\ums-app\\vendor\\laravel\\framework\\src\\Illuminate\\Routing\\Router.php(698): Illuminate\\Routing\\Router->runRouteWithinStack(Object(Illuminate\\Routing\\Route), Object(Illuminate\\Http\\Request))
#7 C:\\Users\\hp\\Documents\\ResumeLayout\\WebProject\\ums-app\\vendor\\laravel\\framework\\src\\Illuminate\\Routing\\Router.php(662): Illuminate\\Routing\\Router->runRoute(Object(Illuminate\\Http\\Request), Object(Illuminate\\Routing\\Route))
#8 C:\\Users\\hp\\Documents\\ResumeLayout\\WebProject\\ums-app\\vendor\\laravel\\framework\\src\\Illuminate\\Routing\\Router.php(651): Illuminate\\Routing\\Router->dispatchToRoute(Object(Illuminate\\Http\\Request))
#9 C:\\Users\\hp\\Documents\\ResumeLayout\\WebProject\\ums-app\\vendor\\laravel\\framework\\src\\Illuminate\\Foundation\\Http\\Kernel.php(167): Illuminate\\Routing\\Router->dispatch(Object(Illuminate\\Http\\Request))
#10 C:\\Users\\hp\\Documents\\ResumeLayout\\WebProject\\ums-app\\vendor\\laravel\\framework\\src\\Illuminate\\Pipeline\\Pipeline.php(128): Illuminate\\Foundation\\Http\\Kernel->Illuminate\\Foundation\\Http\\{closure}(Object(Illuminate\\Http\\Request))
#11 C:\\Users\\hp\\Documents\\ResumeLayout\\WebProject\\ums-app\\vendor\\laravel\\framework\\src\\Illuminate\\Foundation\\Http\\Middleware\\TransformsRequest.php(21): Illuminate\\Pipeline\\Pipeline->Illuminate\\Pipeline\\{closure}(Object(Illuminate\\Http\\Request))
#12 C:\\Users\\hp\\Documents\\ResumeLayout\\WebProject\\ums-app\\vendor\\laravel\\framework\\src\\Illuminate\\Foundation\\Http\\Middleware\\ConvertEmptyStringsToNull.php(31): Illuminate\\Foundation\\Http\\Middleware\\TransformsRequest->handle(Object(Illuminate\\Http\\Request), Object(Closure))
#13 C:\\Users\\hp\\Documents\\ResumeLayout\\WebProject\\ums-app\\vendor\\laravel\\framework\\src\\Illuminate\\Pipeline\\Pipeline.php(167): Illuminate\\Foundation\\Http\\Middleware\\ConvertEmptyStringsToNull->handle(Object(Illuminate\\Http\\Request), Object(Closure))
#14 C:\\Users\\hp\\Documents\\ResumeLayout\\WebProject\\ums-app\\vendor\\laravel\\framework\\src\\Illuminate\\Foundation\\Http\\Middleware\\TransformsRequest.php(21): Illuminate\\Pipeline\\Pipeline->Illuminate\\Pipeline\\{closure}(Object(Illuminate\\Http\\Request))
#15 C:\\Users\\hp\\Documents\\ResumeLayout\\WebProject\\ums-app\\vendor\\laravel\\framework\\src\\Illuminate\\Foundation\\Http\\Middleware\\TrimStrings.php(40): Illuminate\\Foundation\\Http\\Middleware\\TransformsRequest->handle(Object(Illuminate\\Http\\Request), Object(Closure))
#16 C:\\Users\\hp\\Documents\\ResumeLayout\\WebProject\\ums-app\\vendor\\laravel\\framework\\src\\Illuminate\\Pipeline\\Pipeline.php(167): Illuminate\\Foundation\\Http\\Middleware\\TrimStrings->handle(Object(Illuminate\\Http\\Request), Object(Closure))
#17 C:\\Users\\hp\\Documents\\ResumeLayout\\WebProject\\ums-app\\vendor\\laravel\\framework\\src\\Illuminate\\Foundation\\Http\\Middleware\\ValidatePostSize.php(27): Illuminate\\Pipeline\\Pipeline->Illuminate\\Pipeline\\{closure}(Object(Illuminate\\Http\\Request))
#18 C:\\Users\\hp\\Documents\\ResumeLayout\\WebProject\\ums-app\\vendor\\laravel\\framework\\src\\Illuminate\\Pipeline\\Pipeline.php(167): Illuminate\\Foundation\\Http\\Middleware\\ValidatePostSize->handle(Object(Illuminate\\Http\\Request), Object(Closure))
#19 C:\\Users\\hp\\Documents\\ResumeLayout\\WebProject\\ums-app\\vendor\\laravel\\framework\\src\\Illuminate\\Foundation\\Http\\Middleware\\PreventRequestsDuringMaintenance.php(86): Illuminate\\Pipeline\\Pipeline->Illuminate\\Pipeline\\{closure}(Object(Illuminate\\Http\\Request))
#20 C:\\Users\\hp\\Documents\\ResumeLayout\\WebProject\\ums-app\\vendor\\laravel\\framework\\src\\Illuminate\\Pipeline\\Pipeline.php(167): Illuminate\\Foundation\\Http\\Middleware\\PreventRequestsDuringMaintenance->handle(Object(Illuminate\\Http\\Request), Object(Closure))
#21 C:\\Users\\hp\\Documents\\ResumeLayout\\WebProject\\ums-app\\vendor\\fruitcake\\laravel-cors\\src\\HandleCors.php(52): Illuminate\\Pipeline\\Pipeline->Illuminate\\Pipeline\\{closure}(Object(Illuminate\\Http\\Request))
#22 C:\\Users\\hp\\Documents\\ResumeLayout\\WebProject\\ums-app\\vendor\\laravel\\framework\\src\\Illuminate\\Pipeline\\Pipeline.php(167): Fruitcake\\Cors\\HandleCors->handle(Object(Illuminate\\Http\\Request), Object(Closure))
#23 C:\\Users\\hp\\Documents\\ResumeLayout\\WebProject\\ums-app\\vendor\\fideloper\\proxy\\src\\TrustProxies.php(57): Illuminate\\Pipeline\\Pipeline->Illuminate\\Pipeline\\{closure}(Object(Illuminate\\Http\\Request))
#24 C:\\Users\\hp\\Documents\\ResumeLayout\\WebProject\\ums-app\\vendor\\laravel\\framework\\src\\Illuminate\\Pipeline\\Pipeline.php(167): Fideloper\\Proxy\\TrustProxies->handle(Object(Illuminate\\Http\\Request), Object(Closure))
#25 C:\\Users\\hp\\Documents\\ResumeLayout\\WebProject\\ums-app\\vendor\\laravel\\framework\\src\\Illuminate\\Pipeline\\Pipeline.php(103): Illuminate\\Pipeline\\Pipeline->Illuminate\\Pipeline\\{closure}(Object(Illuminate\\Http\\Request))
#26 C:\\Users\\hp\\Documents\\ResumeLayout\\WebProject\\ums-app\\vendor\\laravel\\framework\\src\\Illuminate\\Foundation\\Http\\Kernel.php(142): Illuminate\\Pipeline\\Pipeline->then(Object(Closure))
#27 C:\\Users\\hp\\Documents\\ResumeLayout\\WebProject\\ums-app\\vendor\\laravel\\framework\\src\\Illuminate\\Foundation\\Http\\Kernel.php(111): Illuminate\\Foundation\\Http\\Kernel->sendRequestThroughRouter(Object(Illuminate\\Http\\Request))
#28 C:\\Users\\hp\\Documents\\ResumeLayout\\WebProject\\ums-app\\vendor\\laravel\\framework\\src\\Illuminate\\Foundation\\Testing\\Concerns\\MakesHttpRequests.php(510): Illuminate\\Foundation\\Http\\Kernel->handle(Object(Illuminate\\Http\\Request))
#29 C:\\Users\\hp\\Documents\\ResumeLayout\\WebProject\\ums-app\\vendor\\laravel\\framework\\src\\Illuminate\\Foundation\\Testing\\Concerns\\MakesHttpRequests.php(476): Illuminate\\Foundation\\Testing\\TestCase->call('GET', '/api/test/unhan...', Array, Array, Array, Array, '[]')
#30 C:\\Users\\hp\\Documents\\ResumeLayout\\WebProject\\ums-app\\vendor\\laravel\\framework\\src\\Illuminate\\Foundation\\Testing\\Concerns\\MakesHttpRequests.php(306): Illuminate\\Foundation\\Testing\\TestCase->json('GET', '/api/test/unhan...', Array, Array)
#31 C:\\Users\\hp\\Documents\\ResumeLayout\\WebProject\\ums-app\\tests\\Feature\\ApiResponseAndExceptionHandlerTest.php(185): Illuminate\\Foundation\\Testing\\TestCase->getJson('/api/test/unhan...')
#32 C:\\Users\\hp\\Documents\\ResumeLayout\\WebProject\\ums-app\\vendor\\phpunit\\phpunit\\src\\Framework\\TestCase.php(1617): Tests\\Feature\\ApiResponseAndExceptionHandlerTest->unhandled_exception_response_does_not_expose_stack_trace()
#33 C:\\Users\\hp\\Documents\\ResumeLayout\\WebProject\\ums-app\\vendor\\phpunit\\phpunit\\src\\Framework\\TestCase.php(1223): PHPUnit\\Framework\\TestCase->runTest()
#34 C:\\Users\\hp\\Documents\\ResumeLayout\\WebProject\\ums-app\\vendor\\phpunit\\phpunit\\src\\Framework\\TestResult.php(729): PHPUnit\\Framework\\TestCase->runBare()
#35 C:\\Users\\hp\\Documents\\ResumeLayout\\WebProject\\ums-app\\vendor\\phpunit\\phpunit\\src\\Framework\\TestCase.php(973): PHPUnit\\Framework\\TestResult->run(Object(Tests\\Feature\\ApiResponseAndExceptionHandlerTest))
#36 C:\\Users\\hp\\Documents\\ResumeLayout\\WebProject\\ums-app\\vendor\\phpunit\\phpunit\\src\\Framework\\TestSuite.php(685): PHPUnit\\Framework\\TestCase->run(Object(PHPUnit\\Framework\\TestResult))
#37 C:\\Users\\hp\\Documents\\ResumeLayout\\WebProject\\ums-app\\vendor\\phpunit\\phpunit\\src\\Framework\\TestSuite.php(685): PHPUnit\\Framework\\TestSuite->run(Object(PHPUnit\\Framework\\TestResult))
#38 C:\\Users\\hp\\Documents\\ResumeLayout\\WebProject\\ums-app\\vendor\\phpunit\\phpunit\\src\\Framework\\TestSuite.php(685): PHPUnit\\Framework\\TestSuite->run(Object(PHPUnit\\Framework\\TestResult))
#39 C:\\Users\\hp\\Documents\\ResumeLayout\\WebProject\\ums-app\\vendor\\phpunit\\phpunit\\src\\TextUI\\TestRunner.php(651): PHPUnit\\Framework\\TestSuite->run(Object(PHPUnit\\Framework\\TestResult))
#40 C:\\Users\\hp\\Documents\\ResumeLayout\\WebProject\\ums-app\\vendor\\phpunit\\phpunit\\src\\TextUI\\Command.php(146): PHPUnit\\TextUI\\TestRunner->run(Object(PHPUnit\\Framework\\TestSuite), Array, Array, true)
#41 C:\\Users\\hp\\Documents\\ResumeLayout\\WebProject\\ums-app\\vendor\\phpunit\\phpunit\\src\\TextUI\\Command.php(99): PHPUnit\\TextUI\\Command->run(Array, true)
#42 C:\\Users\\hp\\Documents\\ResumeLayout\\WebProject\\ums-app\\vendor\\phpunit\\phpunit\\phpunit(107): PHPUnit\\TextUI\\Command::main()
#43 C:\\Users\\hp\\Documents\\ResumeLayout\\WebProject\\ums-app\\vendor\\bin\\phpunit(122): include('C:\\\\Users\\\\hp\\\\Doc...')
#44 {main}
"} 
[2026-05-29 09:16:09] local.ERROR: SQLSTATE[HY000] [1049] Unknown database 'laravel' (SQL: select * from `users` where `email` = test@example.com limit 1) {"exception":"[object] (Illuminate\\Database\\QueryException(code: 1049): SQLSTATE[HY000] [1049] Unknown database 'laravel' (SQL: select * from `users` where `email` = test@example.com limit 1) at C:\\Users\\hp\\Documents\\ResumeLayout\\WebProject\\ums-app\\vendor\\laravel\\framework\\src\\Illuminate\\Database\\Connection.php:712)
[stacktrace]
#0 C:\\Users\\hp\\Documents\\ResumeLayout\\WebProject\\ums-app\\vendor\\laravel\\framework\\src\\Illuminate\\Database\\Connection.php(672): Illuminate\\Database\\Connection->runQueryCallback('select * from `...', Array, Object(Closure))
#1 C:\\Users\\hp\\Documents\\ResumeLayout\\WebProject\\ums-app\\vendor\\laravel\\framework\\src\\Illuminate\\Database\\Connection.php(376): Illuminate\\Database\\Connection->run('select * from `...', Array, Object(Closure))
#2 C:\\Users\\hp\\Documents\\ResumeLayout\\WebProject\\ums-app\\vendor\\laravel\\framework\\src\\Illuminate\\Database\\Query\\Builder.php(2414): Illuminate\\Database\\Connection->select('select * from `...', Array, true)
#3 C:\\Users\\hp\\Documents\\ResumeLayout\\WebProject\\ums-app\\vendor\\laravel\\framework\\src\\Illuminate\\Database\\Query\\Builder.php(2402): Illuminate\\Database\\Query\\Builder->runSelect()
#4 C:\\Users\\hp\\Documents\\ResumeLayout\\WebProject\\ums-app\\vendor\\laravel\\framework\\src\\Illuminate\\Database\\Query\\Builder.php(2936): Illuminate\\Database\\Query\\Builder->Illuminate\\Database\\Query\\{closure}()
#5 C:\\Users\\hp\\Documents\\ResumeLayout\\WebProject\\ums-app\\vendor\\laravel\\framework\\src\\Illuminate\\Database\\Query\\Builder.php(2403): Illuminate\\Database\\Query\\Builder->onceWithColumns(Array, Object(Closure))
#6 C:\\Users\\hp\\Documents\\ResumeLayout\\WebProject\\ums-app\\vendor\\laravel\\framework\\src\\Illuminate\\Database\\Eloquent\\Builder.php(625): Illuminate\\Database\\Query\\Builder->get(Array)
#7 C:\\Users\\hp\\Documents\\ResumeLayout\\WebProject\\ums-app\\vendor\\laravel\\framework\\src\\Illuminate\\Database\\Eloquent\\Builder.php(609): Illuminate\\Database\\Eloquent\\Builder->getModels(Array)
#8 C:\\Users\\hp\\Documents\\ResumeLayout\\WebProject\\ums-app\\vendor\\laravel\\framework\\src\\Illuminate\\Database\\Concerns\\BuildsQueries.php(294): Illuminate\\Database\\Eloquent\\Builder->get(Array)
#9 C:\\Users\\hp\\Documents\\ResumeLayout\\WebProject\\ums-app\\vendor\\laravel\\framework\\src\\Illuminate\\Auth\\EloquentUserProvider.php(133): Illuminate\\Database\\Eloquent\\Builder->first()
#10 C:\\Users\\hp\\Documents\\ResumeLayout\\WebProject\\ums-app\\vendor\\tymon\\jwt-auth\\src\\JWTGuard.php(124): Illuminate\\Auth\\EloquentUserProvider->retrieveByCredentials(Array)
#11 C:\\Users\\hp\\Documents\\ResumeLayout\\WebProject\\ums-app\\app\\Services\\AuthService.php(21): Tymon\\JWTAuth\\JWTGuard->attempt(Array)
#12 C:\\Users\\hp\\Documents\\ResumeLayout\\WebProject\\ums-app\\app\\Http\\Controllers\\Api\\AuthController.php(40): App\\Services\\AuthService->login('test@example.co...', 'wrongpass')
#13 C:\\Users\\hp\\Documents\\ResumeLayout\\WebProject\\ums-app\\vendor\\laravel\\framework\\src\\Illuminate\\Routing\\Controller.php(54): App\\Http\\Controllers\\Api\\AuthController->login(Object(App\\Http\\Requests\\LoginRequest))
#14 C:\\Users\\hp\\Documents\\ResumeLayout\\WebProject\\ums-app\\vendor\\laravel\\framework\\src\\Illuminate\\Routing\\ControllerDispatcher.php(45): Illuminate\\Routing\\Controller->callAction('login', Array)
#15 C:\\Users\\hp\\Documents\\ResumeLayout\\WebProject\\ums-app\\vendor\\laravel\\framework\\src\\Illuminate\\Routing\\Route.php(262): Illuminate\\Routing\\ControllerDispatcher->dispatch(Object(Illuminate\\Routing\\Route), Object(App\\Http\\Controllers\\Api\\AuthController), 'login')
#16 C:\\Users\\hp\\Documents\\ResumeLayout\\WebProject\\ums-app\\vendor\\laravel\\framework\\src\\Illuminate\\Routing\\Route.php(205): Illuminate\\Routing\\Route->runController()
#17 C:\\Users\\hp\\Documents\\ResumeLayout\\WebProject\\ums-app\\vendor\\laravel\\framework\\src\\Illuminate\\Routing\\Router.php(721): Illuminate\\Routing\\Route->run()
#18 C:\\Users\\hp\\Documents\\ResumeLayout\\WebProject\\ums-app\\vendor\\laravel\\framework\\src\\Illuminate\\Pipeline\\Pipeline.php(128): Illuminate\\Routing\\Router->Illuminate\\Routing\\{closure}(Object(Illuminate\\Http\\Request))
#19 C:\\Users\\hp\\Documents\\ResumeLayout\\WebProject\\ums-app\\vendor\\laravel\\framework\\src\\Illuminate\\Routing\\Middleware\\SubstituteBindings.php(50): Illuminate\\Pipeline\\Pipeline->Illuminate\\Pipeline\\{closure}(Object(Illuminate\\Http\\Request))
#20 C:\\Users\\hp\\Documents\\ResumeLayout\\WebProject\\ums-app\\vendor\\laravel\\framework\\src\\Illuminate\\Pipeline\\Pipeline.php(167): Illuminate\\Routing\\Middleware\\SubstituteBindings->handle(Object(Illuminate\\Http\\Request), Object(Closure))
#21 C:\\Users\\hp\\Documents\\ResumeLayout\\WebProject\\ums-app\\vendor\\laravel\\framework\\src\\Illuminate\\Routing\\Middleware\\ThrottleRequests.php(127): Illuminate\\Pipeline\\Pipeline->Illuminate\\Pipeline\\{closure}(Object(Illuminate\\Http\\Request))
#22 C:\\Users\\hp\\Documents\\ResumeLayout\\WebProject\\ums-app\\vendor\\laravel\\framework\\src\\Illuminate\\Routing\\Middleware\\ThrottleRequests.php(103): Illuminate\\Routing\\Middleware\\ThrottleRequests->handleRequest(Object(Illuminate\\Http\\Request), Object(Closure), Array)
#23 C:\\Users\\hp\\Documents\\ResumeLayout\\WebProject\\ums-app\\vendor\\laravel\\framework\\src\\Illuminate\\Routing\\Middleware\\ThrottleRequests.php(55): Illuminate\\Routing\\Middleware\\ThrottleRequests->handleRequestUsingNamedLimiter(Object(Illuminate\\Http\\Request), Object(Closure), 'api', Object(Closure))
#24 C:\\Users\\hp\\Documents\\ResumeLayout\\WebProject\\ums-app\\vendor\\laravel\\framework\\src\\Illuminate\\Pipeline\\Pipeline.php(167): Illuminate\\Routing\\Middleware\\ThrottleRequests->handle(Object(Illuminate\\Http\\Request), Object(Closure), 'api')
#25 C:\\Users\\hp\\Documents\\ResumeLayout\\WebProject\\ums-app\\vendor\\laravel\\framework\\src\\Illuminate\\Pipeline\\Pipeline.php(103): Illuminate\\Pipeline\\Pipeline->Illuminate\\Pipeline\\{closure}(Object(Illuminate\\Http\\Request))
#26 C:\\Users\\hp\\Documents\\ResumeLayout\\WebProject\\ums-app\\vendor\\laravel\\framework\\src\\Illuminate\\Routing\\Router.php(723): Illuminate\\Pipeline\\Pipeline->then(Object(Closure))
#27 C:\\Users\\hp\\Documents\\ResumeLayout\\WebProject\\ums-app\\vendor\\laravel\\framework\\src\\Illuminate\\Routing\\Router.php(698): Illuminate\\Routing\\Router->runRouteWithinStack(Object(Illuminate\\Routing\\Route), Object(Illuminate\\Http\\Request))
#28 C:\\Users\\hp\\Documents\\ResumeLayout\\WebProject\\ums-app\\vendor\\laravel\\framework\\src\\Illuminate\\Routing\\Router.php(662): Illuminate\\Routing\\Router->runRoute(Object(Illuminate\\Http\\Request), Object(Illuminate\\Routing\\Route))
#29 C:\\Users\\hp\\Documents\\ResumeLayout\\WebProject\\ums-app\\vendor\\laravel\\framework\\src\\Illuminate\\Routing\\Router.php(651): Illuminate\\Routing\\Router->dispatchToRoute(Object(Illuminate\\Http\\Request))
#30 C:\\Users\\hp\\Documents\\ResumeLayout\\WebProject\\ums-app\\vendor\\laravel\\framework\\src\\Illuminate\\Foundation\\Http\\Kernel.php(167): Illuminate\\Routing\\Router->dispatch(Object(Illuminate\\Http\\Request))
#31 C:\\Users\\hp\\Documents\\ResumeLayout\\WebProject\\ums-app\\vendor\\laravel\\framework\\src\\Illuminate\\Pipeline\\Pipeline.php(128): Illuminate\\Foundation\\Http\\Kernel->Illuminate\\Foundation\\Http\\{closure}(Object(Illuminate\\Http\\Request))
#32 C:\\Users\\hp\\Documents\\ResumeLayout\\WebProject\\ums-app\\vendor\\laravel\\framework\\src\\Illuminate\\Foundation\\Http\\Middleware\\TransformsRequest.php(21): Illuminate\\Pipeline\\Pipeline->Illuminate\\Pipeline\\{closure}(Object(Illuminate\\Http\\Request))
#33 C:\\Users\\hp\\Documents\\ResumeLayout\\WebProject\\ums-app\\vendor\\laravel\\framework\\src\\Illuminate\\Foundation\\Http\\Middleware\\ConvertEmptyStringsToNull.php(31): Illuminate\\Foundation\\Http\\Middleware\\TransformsRequest->handle(Object(Illuminate\\Http\\Request), Object(Closure))
#34 C:\\Users\\hp\\Documents\\ResumeLayout\\WebProject\\ums-app\\vendor\\laravel\\framework\\src\\Illuminate\\Pipeline\\Pipeline.php(167): Illuminate\\Foundation\\Http\\Middleware\\ConvertEmptyStringsToNull->handle(Object(Illuminate\\Http\\Request), Object(Closure))
#35 C:\\Users\\hp\\Documents\\ResumeLayout\\WebProject\\ums-app\\vendor\\laravel\\framework\\src\\Illuminate\\Foundation\\Http\\Middleware\\TransformsRequest.php(21): Illuminate\\Pipeline\\Pipeline->Illuminate\\Pipeline\\{closure}(Object(Illuminate\\Http\\Request))
#36 C:\\Users\\hp\\Documents\\ResumeLayout\\WebProject\\ums-app\\vendor\\laravel\\framework\\src\\Illuminate\\Foundation\\Http\\Middleware\\TrimStrings.php(40): Illuminate\\Foundation\\Http\\Middleware\\TransformsRequest->handle(Object(Illuminate\\Http\\Request), Object(Closure))
#37 C:\\Users\\hp\\Documents\\ResumeLayout\\WebProject\\ums-app\\vendor\\laravel\\framework\\src\\Illuminate\\Pipeline\\Pipeline.php(167): Illuminate\\Foundation\\Http\\Middleware\\TrimStrings->handle(Object(Illuminate\\Http\\Request), Object(Closure))
#38 C:\\Users\\hp\\Documents\\ResumeLayout\\WebProject\\ums-app\\vendor\\laravel\\framework\\src\\Illuminate\\Foundation\\Http\\Middleware\\ValidatePostSize.php(27): Illuminate\\Pipeline\\Pipeline->Illuminate\\Pipeline\\{closure}(Object(Illuminate\\Http\\Request))
#39 C:\\Users\\hp\\Documents\\ResumeLayout\\WebProject\\ums-app\\vendor\\laravel\\framework\\src\\Illuminate\\Pipeline\\Pipeline.php(167): Illuminate\\Foundation\\Http\\Middleware\\ValidatePostSize->handle(Object(Illuminate\\Http\\Request), Object(Closure))
#40 C:\\Users\\hp\\Documents\\ResumeLayout\\WebProject\\ums-app\\vendor\\laravel\\framework\\src\\Illuminate\\Foundation\\Http\\Middleware\\PreventRequestsDuringMaintenance.php(86): Illuminate\\Pipeline\\Pipeline->Illuminate\\Pipeline\\{closure}(Object(Illuminate\\Http\\Request))
#41 C:\\Users\\hp\\Documents\\ResumeLayout\\WebProject\\ums-app\\vendor\\laravel\\framework\\src\\Illuminate\\Pipeline\\Pipeline.php(167): Illuminate\\Foundation\\Http\\Middleware\\PreventRequestsDuringMaintenance->handle(Object(Illuminate\\Http\\Request), Object(Closure))
#42 C:\\Users\\hp\\Documents\\ResumeLayout\\WebProject\\ums-app\\vendor\\fruitcake\\laravel-cors\\src\\HandleCors.php(52): Illuminate\\Pipeline\\Pipeline->Illuminate\\Pipeline\\{closure}(Object(Illuminate\\Http\\Request))
#43 C:\\Users\\hp\\Documents\\ResumeLayout\\WebProject\\ums-app\\vendor\\laravel\\framework\\src\\Illuminate\\Pipeline\\Pipeline.php(167): Fruitcake\\Cors\\HandleCors->handle(Object(Illuminate\\Http\\Request), Object(Closure))
#44 C:\\Users\\hp\\Documents\\ResumeLayout\\WebProject\\ums-app\\vendor\\fideloper\\proxy\\src\\TrustProxies.php(57): Illuminate\\Pipeline\\Pipeline->Illuminate\\Pipeline\\{closure}(Object(Illuminate\\Http\\Request))
#45 C:\\Users\\hp\\Documents\\ResumeLayout\\WebProject\\ums-app\\vendor\\laravel\\framework\\src\\Illuminate\\Pipeline\\Pipeline.php(167): Fideloper\\Proxy\\TrustProxies->handle(Object(Illuminate\\Http\\Request), Object(Closure))
#46 C:\\Users\\hp\\Documents\\ResumeLayout\\WebProject\\ums-app\\vendor\\laravel\\framework\\src\\Illuminate\\Pipeline\\Pipeline.php(103): Illuminate\\Pipeline\\Pipeline->Illuminate\\Pipeline\\{closure}(Object(Illuminate\\Http\\Request))
#47 C:\\Users\\hp\\Documents\\ResumeLayout\\WebProject\\ums-app\\vendor\\laravel\\framework\\src\\Illuminate\\Foundation\\Http\\Kernel.php(142): Illuminate\\Pipeline\\Pipeline->then(Object(Closure))
#48 C:\\Users\\hp\\Documents\\ResumeLayout\\WebProject\\ums-app\\vendor\\laravel\\framework\\src\\Illuminate\\Foundation\\Http\\Kernel.php(111): Illuminate\\Foundation\\Http\\Kernel->sendRequestThroughRouter(Object(Illuminate\\Http\\Request))
#49 C:\\Users\\hp\\Documents\\ResumeLayout\\WebProject\\ums-app\\debug_login.php(7): Illuminate\\Foundation\\Http\\Kernel->handle(Object(Illuminate\\Http\\Request))
#50 {main}

[previous exception] [object] (PDOException(code: 1049): SQLSTATE[HY000] [1049] Unknown database 'laravel' at C:\\Users\\hp\\Documents\\ResumeLayout\\WebProject\\ums-app\\vendor\\laravel\\framework\\src\\Illuminate\\Database\\Connectors\\Connector.php:70)
[stacktrace]
#0 C:\\Users\\hp\\Documents\\ResumeLayout\\WebProject\\ums-app\\vendor\\laravel\\framework\\src\\Illuminate\\Database\\Connectors\\Connector.php(70): PDO->__construct('mysql:host=127....', 'root', '', Array)
#1 C:\\Users\\hp\\Documents\\ResumeLayout\\WebProject\\ums-app\\vendor\\laravel\\framework\\src\\Illuminate\\Database\\Connectors\\Connector.php(46): Illuminate\\Database\\Connectors\\Connector->createPdoConnection('mysql:host=127....', 'root', '', Array)
#2 C:\\Users\\hp\\Documents\\ResumeLayout\\WebProject\\ums-app\\vendor\\laravel\\framework\\src\\Illuminate\\Database\\Connectors\\MySqlConnector.php(24): Illuminate\\Database\\Connectors\\Connector->createConnection('mysql:host=127....', Array, Array)
#3 C:\\Users\\hp\\Documents\\ResumeLayout\\WebProject\\ums-app\\vendor\\laravel\\framework\\src\\Illuminate\\Database\\Connectors\\ConnectionFactory.php(184): Illuminate\\Database\\Connectors\\MySqlConnector->connect(Array)
#4 [internal function]: Illuminate\\Database\\Connectors\\ConnectionFactory->Illuminate\\Database\\Connectors\\{closure}()
#5 C:\\Users\\hp\\Documents\\ResumeLayout\\WebProject\\ums-app\\vendor\\laravel\\framework\\src\\Illuminate\\Database\\Connection.php(1064): call_user_func(Object(Closure))
#6 C:\\Users\\hp\\Documents\\ResumeLayout\\WebProject\\ums-app\\vendor\\laravel\\framework\\src\\Illuminate\\Database\\Connection.php(1100): Illuminate\\Database\\Connection->getPdo()
#7 C:\\Users\\hp\\Documents\\ResumeLayout\\WebProject\\ums-app\\vendor\\laravel\\framework\\src\\Illuminate\\Database\\Connection.php(442): Illuminate\\Database\\Connection->getReadPdo()
#8 C:\\Users\\hp\\Documents\\ResumeLayout\\WebProject\\ums-app\\vendor\\laravel\\framework\\src\\Illuminate\\Database\\Connection.php(368): Illuminate\\Database\\Connection->getPdoForSelect(true)
#9 C:\\Users\\hp\\Documents\\ResumeLayout\\WebProject\\ums-app\\vendor\\laravel\\framework\\src\\Illuminate\\Database\\Connection.php(705): Illuminate\\Database\\Connection->Illuminate\\Database\\{closure}('select * from `...', Array)
#10 C:\\Users\\hp\\Documents\\ResumeLayout\\WebProject\\ums-app\\vendor\\laravel\\framework\\src\\Illuminate\\Database\\Connection.php(672): Illuminate\\Database\\Connection->runQueryCallback('select * from `...', Array, Object(Closure))
#11 C:\\Users\\hp\\Documents\\ResumeLayout\\WebProject\\ums-app\\vendor\\laravel\\framework\\src\\Illuminate\\Database\\Connection.php(376): Illuminate\\Database\\Connection->run('select * from `...', Array, Object(Closure))
#12 C:\\Users\\hp\\Documents\\ResumeLayout\\WebProject\\ums-app\\vendor\\laravel\\framework\\src\\Illuminate\\Database\\Query\\Builder.php(2414): Illuminate\\Database\\Connection->select('select * from `...', Array, true)
#13 C:\\Users\\hp\\Documents\\ResumeLayout\\WebProject\\ums-app\\vendor\\laravel\\framework\\src\\Illuminate\\Database\\Query\\Builder.php(2402): Illuminate\\Database\\Query\\Builder->runSelect()
#14 C:\\Users\\hp\\Documents\\ResumeLayout\\WebProject\\ums-app\\vendor\\laravel\\framework\\src\\Illuminate\\Database\\Query\\Builder.php(2936): Illuminate\\Database\\Query\\Builder->Illuminate\\Database\\Query\\{closure}()
#15 C:\\Users\\hp\\Documents\\ResumeLayout\\WebProject\\ums-app\\vendor\\laravel\\framework\\src\\Illuminate\\Database\\Query\\Builder.php(2403): Illuminate\\Database\\Query\\Builder->onceWithColumns(Array, Object(Closure))
#16 C:\\Users\\hp\\Documents\\ResumeLayout\\WebProject\\ums-app\\vendor\\laravel\\framework\\src\\Illuminate\\Database\\Eloquent\\Builder.php(625): Illuminate\\Database\\Query\\Builder->get(Array)
#17 C:\\Users\\hp\\Documents\\ResumeLayout\\WebProject\\ums-app\\vendor\\laravel\\framework\\src\\Illuminate\\Database\\Eloquent\\Builder.php(609): Illuminate\\Database\\Eloquent\\Builder->getModels(Array)
#18 C:\\Users\\hp\\Documents\\ResumeLayout\\WebProject\\ums-app\\vendor\\laravel\\framework\\src\\Illuminate\\Database\\Concerns\\BuildsQueries.php(294): Illuminate\\Database\\Eloquent\\Builder->get(Array)
#19 C:\\Users\\hp\\Documents\\ResumeLayout\\WebProject\\ums-app\\vendor\\laravel\\framework\\src\\Illuminate\\Auth\\EloquentUserProvider.php(133): Illuminate\\Database\\Eloquent\\Builder->first()
#20 C:\\Users\\hp\\Documents\\ResumeLayout\\WebProject\\ums-app\\vendor\\tymon\\jwt-auth\\src\\JWTGuard.php(124): Illuminate\\Auth\\EloquentUserProvider->retrieveByCredentials(Array)
#21 C:\\Users\\hp\\Documents\\ResumeLayout\\WebProject\\ums-app\\app\\Services\\AuthService.php(21): Tymon\\JWTAuth\\JWTGuard->attempt(Array)
#22 C:\\Users\\hp\\Documents\\ResumeLayout\\WebProject\\ums-app\\app\\Http\\Controllers\\Api\\AuthController.php(40): App\\Services\\AuthService->login('test@example.co...', 'wrongpass')
#23 C:\\Users\\hp\\Documents\\ResumeLayout\\WebProject\\ums-app\\vendor\\laravel\\framework\\src\\Illuminate\\Routing\\Controller.php(54): App\\Http\\Controllers\\Api\\AuthController->login(Object(App\\Http\\Requests\\LoginRequest))
#24 C:\\Users\\hp\\Documents\\ResumeLayout\\WebProject\\ums-app\\vendor\\laravel\\framework\\src\\Illuminate\\Routing\\ControllerDispatcher.php(45): Illuminate\\Routing\\Controller->callAction('login', Array)
#25 C:\\Users\\hp\\Documents\\ResumeLayout\\WebProject\\ums-app\\vendor\\laravel\\framework\\src\\Illuminate\\Routing\\Route.php(262): Illuminate\\Routing\\ControllerDispatcher->dispatch(Object(Illuminate\\Routing\\Route), Object(App\\Http\\Controllers\\Api\\AuthController), 'login')
#26 C:\\Users\\hp\\Documents\\ResumeLayout\\WebProject\\ums-app\\vendor\\laravel\\framework\\src\\Illuminate\\Routing\\Route.php(205): Illuminate\\Routing\\Route->runController()
#27 C:\\Users\\hp\\Documents\\ResumeLayout\\WebProject\\ums-app\\vendor\\laravel\\framework\\src\\Illuminate\\Routing\\Router.php(721): Illuminate\\Routing\\Route->run()
#28 C:\\Users\\hp\\Documents\\ResumeLayout\\WebProject\\ums-app\\vendor\\laravel\\framework\\src\\Illuminate\\Pipeline\\Pipeline.php(128): Illuminate\\Routing\\Router->Illuminate\\Routing\\{closure}(Object(Illuminate\\Http\\Request))
#29 C:\\Users\\hp\\Documents\\ResumeLayout\\WebProject\\ums-app\\vendor\\laravel\\framework\\src\\Illuminate\\Routing\\Middleware\\SubstituteBindings.php(50): Illuminate\\Pipeline\\Pipeline->Illuminate\\Pipeline\\{closure}(Object(Illuminate\\Http\\Request))
#30 C:\\Users\\hp\\Documents\\ResumeLayout\\WebProject\\ums-app\\vendor\\laravel\\framework\\src\\Illuminate\\Pipeline\\Pipeline.php(167): Illuminate\\Routing\\Middleware\\SubstituteBindings->handle(Object(Illuminate\\Http\\Request), Object(Closure))
#31 C:\\Users\\hp\\Documents\\ResumeLayout\\WebProject\\ums-app\\vendor\\laravel\\framework\\src\\Illuminate\\Routing\\Middleware\\ThrottleRequests.php(127): Illuminate\\Pipeline\\Pipeline->Illuminate\\Pipeline\\{closure}(Object(Illuminate\\Http\\Request))
#32 C:\\Users\\hp\\Documents\\ResumeLayout\\WebProject\\ums-app\\vendor\\laravel\\framework\\src\\Illuminate\\Routing\\Middleware\\ThrottleRequests.php(103): Illuminate\\Routing\\Middleware\\ThrottleRequests->handleRequest(Object(Illuminate\\Http\\Request), Object(Closure), Array)
#33 C:\\Users\\hp\\Documents\\ResumeLayout\\WebProject\\ums-app\\vendor\\laravel\\framework\\src\\Illuminate\\Routing\\Middleware\\ThrottleRequests.php(55): Illuminate\\Routing\\Middleware\\ThrottleRequests->handleRequestUsingNamedLimiter(Object(Illuminate\\Http\\Request), Object(Closure), 'api', Object(Closure))
#34 C:\\Users\\hp\\Documents\\ResumeLayout\\WebProject\\ums-app\\vendor\\laravel\\framework\\src\\Illuminate\\Pipeline\\Pipeline.php(167): Illuminate\\Routing\\Middleware\\ThrottleRequests->handle(Object(Illuminate\\Http\\Request), Object(Closure), 'api')
#35 C:\\Users\\hp\\Documents\\ResumeLayout\\WebProject\\ums-app\\vendor\\laravel\\framework\\src\\Illuminate\\Pipeline\\Pipeline.php(103): Illuminate\\Pipeline\\Pipeline->Illuminate\\Pipeline\\{closure}(Object(Illuminate\\Http\\Request))
#36 C:\\Users\\hp\\Documents\\ResumeLayout\\WebProject\\ums-app\\vendor\\laravel\\framework\\src\\Illuminate\\Routing\\Router.php(723): Illuminate\\Pipeline\\Pipeline->then(Object(Closure))
#37 C:\\Users\\hp\\Documents\\ResumeLayout\\WebProject\\ums-app\\vendor\\laravel\\framework\\src\\Illuminate\\Routing\\Router.php(698): Illuminate\\Routing\\Router->runRouteWithinStack(Object(Illuminate\\Routing\\Route), Object(Illuminate\\Http\\Request))
#38 C:\\Users\\hp\\Documents\\ResumeLayout\\WebProject\\ums-app\\vendor\\laravel\\framework\\src\\Illuminate\\Routing\\Router.php(662): Illuminate\\Routing\\Router->runRoute(Object(Illuminate\\Http\\Request), Object(Illuminate\\Routing\\Route))
#39 C:\\Users\\hp\\Documents\\ResumeLayout\\WebProject\\ums-app\\vendor\\laravel\\framework\\src\\Illuminate\\Routing\\Router.php(651): Illuminate\\Routing\\Router->dispatchToRoute(Object(Illuminate\\Http\\Request))
#40 C:\\Users\\hp\\Documents\\ResumeLayout\\WebProject\\ums-app\\vendor\\laravel\\framework\\src\\Illuminate\\Foundation\\Http\\Kernel.php(167): Illuminate\\Routing\\Router->dispatch(Object(Illuminate\\Http\\Request))
#41 C:\\Users\\hp\\Documents\\ResumeLayout\\WebProject\\ums-app\\vendor\\laravel\\framework\\src\\Illuminate\\Pipeline\\Pipeline.php(128): Illuminate\\Foundation\\Http\\Kernel->Illuminate\\Foundation\\Http\\{closure}(Object(Illuminate\\Http\\Request))
#42 C:\\Users\\hp\\Documents\\ResumeLayout\\WebProject\\ums-app\\vendor\\laravel\\framework\\src\\Illuminate\\Foundation\\Http\\Middleware\\TransformsRequest.php(21): Illuminate\\Pipeline\\Pipeline->Illuminate\\Pipeline\\{closure}(Object(Illuminate\\Http\\Request))
#43 C:\\Users\\hp\\Documents\\ResumeLayout\\WebProject\\ums-app\\vendor\\laravel\\framework\\src\\Illuminate\\Foundation\\Http\\Middleware\\ConvertEmptyStringsToNull.php(31): Illuminate\\Foundation\\Http\\Middleware\\TransformsRequest->handle(Object(Illuminate\\Http\\Request), Object(Closure))
#44 C:\\Users\\hp\\Documents\\ResumeLayout\\WebProject\\ums-app\\vendor\\laravel\\framework\\src\\Illuminate\\Pipeline\\Pipeline.php(167): Illuminate\\Foundation\\Http\\Middleware\\ConvertEmptyStringsToNull->handle(Object(Illuminate\\Http\\Request), Object(Closure))
#45 C:\\Users\\hp\\Documents\\ResumeLayout\\WebProject\\ums-app\\vendor\\laravel\\framework\\src\\Illuminate\\Foundation\\Http\\Middleware\\TransformsRequest.php(21): Illuminate\\Pipeline\\Pipeline->Illuminate\\Pipeline\\{closure}(Object(Illuminate\\Http\\Request))
#46 C:\\Users\\hp\\Documents\\ResumeLayout\\WebProject\\ums-app\\vendor\\laravel\\framework\\src\\Illuminate\\Foundation\\Http\\Middleware\\TrimStrings.php(40): Illuminate\\Foundation\\Http\\Middleware\\TransformsRequest->handle(Object(Illuminate\\Http\\Request), Object(Closure))
#47 C:\\Users\\hp\\Documents\\ResumeLayout\\WebProject\\ums-app\\vendor\\laravel\\framework\\src\\Illuminate\\Pipeline\\Pipeline.php(167): Illuminate\\Foundation\\Http\\Middleware\\TrimStrings->handle(Object(Illuminate\\Http\\Request), Object(Closure))
#48 C:\\Users\\hp\\Documents\\ResumeLayout\\WebProject\\ums-app\\vendor\\laravel\\framework\\src\\Illuminate\\Foundation\\Http\\Middleware\\ValidatePostSize.php(27): Illuminate\\Pipeline\\Pipeline->Illuminate\\Pipeline\\{closure}(Object(Illuminate\\Http\\Request))
#49 C:\\Users\\hp\\Documents\\ResumeLayout\\WebProject\\ums-app\\vendor\\laravel\\framework\\src\\Illuminate\\Pipeline\\Pipeline.php(167): Illuminate\\Foundation\\Http\\Middleware\\ValidatePostSize->handle(Object(Illuminate\\Http\\Request), Object(Closure))
#50 C:\\Users\\hp\\Documents\\ResumeLayout\\WebProject\\ums-app\\vendor\\laravel\\framework\\src\\Illuminate\\Foundation\\Http\\Middleware\\PreventRequestsDuringMaintenance.php(86): Illuminate\\Pipeline\\Pipeline->Illuminate\\Pipeline\\{closure}(Object(Illuminate\\Http\\Request))
#51 C:\\Users\\hp\\Documents\\ResumeLayout\\WebProject\\ums-app\\vendor\\laravel\\framework\\src\\Illuminate\\Pipeline\\Pipeline.php(167): Illuminate\\Foundation\\Http\\Middleware\\PreventRequestsDuringMaintenance->handle(Object(Illuminate\\Http\\Request), Object(Closure))
#52 C:\\Users\\hp\\Documents\\ResumeLayout\\WebProject\\ums-app\\vendor\\fruitcake\\laravel-cors\\src\\HandleCors.php(52): Illuminate\\Pipeline\\Pipeline->Illuminate\\Pipeline\\{closure}(Object(Illuminate\\Http\\Request))
#53 C:\\Users\\hp\\Documents\\ResumeLayout\\WebProject\\ums-app\\vendor\\laravel\\framework\\src\\Illuminate\\Pipeline\\Pipeline.php(167): Fruitcake\\Cors\\HandleCors->handle(Object(Illuminate\\Http\\Request), Object(Closure))
#54 C:\\Users\\hp\\Documents\\ResumeLayout\\WebProject\\ums-app\\vendor\\fideloper\\proxy\\src\\TrustProxies.php(57): Illuminate\\Pipeline\\Pipeline->Illuminate\\Pipeline\\{closure}(Object(Illuminate\\Http\\Request))
#55 C:\\Users\\hp\\Documents\\ResumeLayout\\WebProject\\ums-app\\vendor\\laravel\\framework\\src\\Illuminate\\Pipeline\\Pipeline.php(167): Fideloper\\Proxy\\TrustProxies->handle(Object(Illuminate\\Http\\Request), Object(Closure))
#56 C:\\Users\\hp\\Documents\\ResumeLayout\\WebProject\\ums-app\\vendor\\laravel\\framework\\src\\Illuminate\\Pipeline\\Pipeline.php(103): Illuminate\\Pipeline\\Pipeline->Illuminate\\Pipeline\\{closure}(Object(Illuminate\\Http\\Request))
#57 C:\\Users\\hp\\Documents\\ResumeLayout\\WebProject\\ums-app\\vendor\\laravel\\framework\\src\\Illuminate\\Foundation\\Http\\Kernel.php(142): Illuminate\\Pipeline\\Pipeline->then(Object(Closure))
#58 C:\\Users\\hp\\Documents\\ResumeLayout\\WebProject\\ums-app\\vendor\\laravel\\framework\\src\\Illuminate\\Foundation\\Http\\Kernel.php(111): Illuminate\\Foundation\\Http\\Kernel->sendRequestThroughRouter(Object(Illuminate\\Http\\Request))
#59 C:\\Users\\hp\\Documents\\ResumeLayout\\WebProject\\ums-app\\debug_login.php(7): Illuminate\\Foundation\\Http\\Kernel->handle(Object(Illuminate\\Http\\Request))
#60 {main}
"} 
[2026-05-29 09:16:27] local.ERROR: SQLSTATE[HY000] [1049] Unknown database 'laravel' (SQL: select * from `users` where `email` = test@example.com limit 1) {"exception":"[object] (Illuminate\\Database\\QueryException(code: 1049): SQLSTATE[HY000] [1049] Unknown database 'laravel' (SQL: select * from `users` where `email` = test@example.com limit 1) at C:\\Users\\hp\\Documents\\ResumeLayout\\WebProject\\ums-app\\vendor\\laravel\\framework\\src\\Illuminate\\Database\\Connection.php:712)
[stacktrace]
#0 C:\\Users\\hp\\Documents\\ResumeLayout\\WebProject\\ums-app\\vendor\\laravel\\framework\\src\\Illuminate\\Database\\Connection.php(672): Illuminate\\Database\\Connection->runQueryCallback('select * from `...', Array, Object(Closure))
#1 C:\\Users\\hp\\Documents\\ResumeLayout\\WebProject\\ums-app\\vendor\\laravel\\framework\\src\\Illuminate\\Database\\Connection.php(376): Illuminate\\Database\\Connection->run('select * from `...', Array, Object(Closure))
#2 C:\\Users\\hp\\Documents\\ResumeLayout\\WebProject\\ums-app\\vendor\\laravel\\framework\\src\\Illuminate\\Database\\Query\\Builder.php(2414): Illuminate\\Database\\Connection->select('select * from `...', Array, true)
#3 C:\\Users\\hp\\Documents\\ResumeLayout\\WebProject\\ums-app\\vendor\\laravel\\framework\\src\\Illuminate\\Database\\Query\\Builder.php(2402): Illuminate\\Database\\Query\\Builder->runSelect()
#4 C:\\Users\\hp\\Documents\\ResumeLayout\\WebProject\\ums-app\\vendor\\laravel\\framework\\src\\Illuminate\\Database\\Query\\Builder.php(2936): Illuminate\\Database\\Query\\Builder->Illuminate\\Database\\Query\\{closure}()
#5 C:\\Users\\hp\\Documents\\ResumeLayout\\WebProject\\ums-app\\vendor\\laravel\\framework\\src\\Illuminate\\Database\\Query\\Builder.php(2403): Illuminate\\Database\\Query\\Builder->onceWithColumns(Array, Object(Closure))
#6 C:\\Users\\hp\\Documents\\ResumeLayout\\WebProject\\ums-app\\vendor\\laravel\\framework\\src\\Illuminate\\Database\\Eloquent\\Builder.php(625): Illuminate\\Database\\Query\\Builder->get(Array)
#7 C:\\Users\\hp\\Documents\\ResumeLayout\\WebProject\\ums-app\\vendor\\laravel\\framework\\src\\Illuminate\\Database\\Eloquent\\Builder.php(609): Illuminate\\Database\\Eloquent\\Builder->getModels(Array)
#8 C:\\Users\\hp\\Documents\\ResumeLayout\\WebProject\\ums-app\\vendor\\laravel\\framework\\src\\Illuminate\\Database\\Concerns\\BuildsQueries.php(294): Illuminate\\Database\\Eloquent\\Builder->get(Array)
#9 C:\\Users\\hp\\Documents\\ResumeLayout\\WebProject\\ums-app\\vendor\\laravel\\framework\\src\\Illuminate\\Auth\\EloquentUserProvider.php(133): Illuminate\\Database\\Eloquent\\Builder->first()
#10 C:\\Users\\hp\\Documents\\ResumeLayout\\WebProject\\ums-app\\vendor\\tymon\\jwt-auth\\src\\JWTGuard.php(124): Illuminate\\Auth\\EloquentUserProvider->retrieveByCredentials(Array)
#11 C:\\Users\\hp\\Documents\\ResumeLayout\\WebProject\\ums-app\\app\\Services\\AuthService.php(21): Tymon\\JWTAuth\\JWTGuard->attempt(Array)
#12 C:\\Users\\hp\\Documents\\ResumeLayout\\WebProject\\ums-app\\app\\Http\\Controllers\\Api\\AuthController.php(40): App\\Services\\AuthService->login('test@example.co...', 'wrongpass')
#13 C:\\Users\\hp\\Documents\\ResumeLayout\\WebProject\\ums-app\\vendor\\laravel\\framework\\src\\Illuminate\\Routing\\Controller.php(54): App\\Http\\Controllers\\Api\\AuthController->login(Object(App\\Http\\Requests\\LoginRequest))
#14 C:\\Users\\hp\\Documents\\ResumeLayout\\WebProject\\ums-app\\vendor\\laravel\\framework\\src\\Illuminate\\Routing\\ControllerDispatcher.php(45): Illuminate\\Routing\\Controller->callAction('login', Array)
#15 C:\\Users\\hp\\Documents\\ResumeLayout\\WebProject\\ums-app\\vendor\\laravel\\framework\\src\\Illuminate\\Routing\\Route.php(262): Illuminate\\Routing\\ControllerDispatcher->dispatch(Object(Illuminate\\Routing\\Route), Object(App\\Http\\Controllers\\Api\\AuthController), 'login')
#16 C:\\Users\\hp\\Documents\\ResumeLayout\\WebProject\\ums-app\\vendor\\laravel\\framework\\src\\Illuminate\\Routing\\Route.php(205): Illuminate\\Routing\\Route->runController()
#17 C:\\Users\\hp\\Documents\\ResumeLayout\\WebProject\\ums-app\\vendor\\laravel\\framework\\src\\Illuminate\\Routing\\Router.php(721): Illuminate\\Routing\\Route->run()
#18 C:\\Users\\hp\\Documents\\ResumeLayout\\WebProject\\ums-app\\vendor\\laravel\\framework\\src\\Illuminate\\Pipeline\\Pipeline.php(128): Illuminate\\Routing\\Router->Illuminate\\Routing\\{closure}(Object(Illuminate\\Http\\Request))
#19 C:\\Users\\hp\\Documents\\ResumeLayout\\WebProject\\ums-app\\vendor\\laravel\\framework\\src\\Illuminate\\Routing\\Middleware\\SubstituteBindings.php(50): Illuminate\\Pipeline\\Pipeline->Illuminate\\Pipeline\\{closure}(Object(Illuminate\\Http\\Request))
#20 C:\\Users\\hp\\Documents\\ResumeLayout\\WebProject\\ums-app\\vendor\\laravel\\framework\\src\\Illuminate\\Pipeline\\Pipeline.php(167): Illuminate\\Routing\\Middleware\\SubstituteBindings->handle(Object(Illuminate\\Http\\Request), Object(Closure))
#21 C:\\Users\\hp\\Documents\\ResumeLayout\\WebProject\\ums-app\\vendor\\laravel\\framework\\src\\Illuminate\\Routing\\Middleware\\ThrottleRequests.php(127): Illuminate\\Pipeline\\Pipeline->Illuminate\\Pipeline\\{closure}(Object(Illuminate\\Http\\Request))
#22 C:\\Users\\hp\\Documents\\ResumeLayout\\WebProject\\ums-app\\vendor\\laravel\\framework\\src\\Illuminate\\Routing\\Middleware\\ThrottleRequests.php(103): Illuminate\\Routing\\Middleware\\ThrottleRequests->handleRequest(Object(Illuminate\\Http\\Request), Object(Closure), Array)
#23 C:\\Users\\hp\\Documents\\ResumeLayout\\WebProject\\ums-app\\vendor\\laravel\\framework\\src\\Illuminate\\Routing\\Middleware\\ThrottleRequests.php(55): Illuminate\\Routing\\Middleware\\ThrottleRequests->handleRequestUsingNamedLimiter(Object(Illuminate\\Http\\Request), Object(Closure), 'api', Object(Closure))
#24 C:\\Users\\hp\\Documents\\ResumeLayout\\WebProject\\ums-app\\vendor\\laravel\\framework\\src\\Illuminate\\Pipeline\\Pipeline.php(167): Illuminate\\Routing\\Middleware\\ThrottleRequests->handle(Object(Illuminate\\Http\\Request), Object(Closure), 'api')
#25 C:\\Users\\hp\\Documents\\ResumeLayout\\WebProject\\ums-app\\vendor\\laravel\\framework\\src\\Illuminate\\Pipeline\\Pipeline.php(103): Illuminate\\Pipeline\\Pipeline->Illuminate\\Pipeline\\{closure}(Object(Illuminate\\Http\\Request))
#26 C:\\Users\\hp\\Documents\\ResumeLayout\\WebProject\\ums-app\\vendor\\laravel\\framework\\src\\Illuminate\\Routing\\Router.php(723): Illuminate\\Pipeline\\Pipeline->then(Object(Closure))
#27 C:\\Users\\hp\\Documents\\ResumeLayout\\WebProject\\ums-app\\vendor\\laravel\\framework\\src\\Illuminate\\Routing\\Router.php(698): Illuminate\\Routing\\Router->runRouteWithinStack(Object(Illuminate\\Routing\\Route), Object(Illuminate\\Http\\Request))
#28 C:\\Users\\hp\\Documents\\ResumeLayout\\WebProject\\ums-app\\vendor\\laravel\\framework\\src\\Illuminate\\Routing\\Router.php(662): Illuminate\\Routing\\Router->runRoute(Object(Illuminate\\Http\\Request), Object(Illuminate\\Routing\\Route))
#29 C:\\Users\\hp\\Documents\\ResumeLayout\\WebProject\\ums-app\\vendor\\laravel\\framework\\src\\Illuminate\\Routing\\Router.php(651): Illuminate\\Routing\\Router->dispatchToRoute(Object(Illuminate\\Http\\Request))
#30 C:\\Users\\hp\\Documents\\ResumeLayout\\WebProject\\ums-app\\vendor\\laravel\\framework\\src\\Illuminate\\Foundation\\Http\\Kernel.php(167): Illuminate\\Routing\\Router->dispatch(Object(Illuminate\\Http\\Request))
#31 C:\\Users\\hp\\Documents\\ResumeLayout\\WebProject\\ums-app\\vendor\\laravel\\framework\\src\\Illuminate\\Pipeline\\Pipeline.php(128): Illuminate\\Foundation\\Http\\Kernel->Illuminate\\Foundation\\Http\\{closure}(Object(Illuminate\\Http\\Request))
#32 C:\\Users\\hp\\Documents\\ResumeLayout\\WebProject\\ums-app\\vendor\\laravel\\framework\\src\\Illuminate\\Foundation\\Http\\Middleware\\TransformsRequest.php(21): Illuminate\\Pipeline\\Pipeline->Illuminate\\Pipeline\\{closure}(Object(Illuminate\\Http\\Request))
#33 C:\\Users\\hp\\Documents\\ResumeLayout\\WebProject\\ums-app\\vendor\\laravel\\framework\\src\\Illuminate\\Foundation\\Http\\Middleware\\ConvertEmptyStringsToNull.php(31): Illuminate\\Foundation\\Http\\Middleware\\TransformsRequest->handle(Object(Illuminate\\Http\\Request), Object(Closure))
#34 C:\\Users\\hp\\Documents\\ResumeLayout\\WebProject\\ums-app\\vendor\\laravel\\framework\\src\\Illuminate\\Pipeline\\Pipeline.php(167): Illuminate\\Foundation\\Http\\Middleware\\ConvertEmptyStringsToNull->handle(Object(Illuminate\\Http\\Request), Object(Closure))
#35 C:\\Users\\hp\\Documents\\ResumeLayout\\WebProject\\ums-app\\vendor\\laravel\\framework\\src\\Illuminate\\Foundation\\Http\\Middleware\\TransformsRequest.php(21): Illuminate\\Pipeline\\Pipeline->Illuminate\\Pipeline\\{closure}(Object(Illuminate\\Http\\Request))
#36 C:\\Users\\hp\\Documents\\ResumeLayout\\WebProject\\ums-app\\vendor\\laravel\\framework\\src\\Illuminate\\Foundation\\Http\\Middleware\\TrimStrings.php(40): Illuminate\\Foundation\\Http\\Middleware\\TransformsRequest->handle(Object(Illuminate\\Http\\Request), Object(Closure))
#37 C:\\Users\\hp\\Documents\\ResumeLayout\\WebProject\\ums-app\\vendor\\laravel\\framework\\src\\Illuminate\\Pipeline\\Pipeline.php(167): Illuminate\\Foundation\\Http\\Middleware\\TrimStrings->handle(Object(Illuminate\\Http\\Request), Object(Closure))
#38 C:\\Users\\hp\\Documents\\ResumeLayout\\WebProject\\ums-app\\vendor\\laravel\\framework\\src\\Illuminate\\Foundation\\Http\\Middleware\\ValidatePostSize.php(27): Illuminate\\Pipeline\\Pipeline->Illuminate\\Pipeline\\{closure}(Object(Illuminate\\Http\\Request))
#39 C:\\Users\\hp\\Documents\\ResumeLayout\\WebProject\\ums-app\\vendor\\laravel\\framework\\src\\Illuminate\\Pipeline\\Pipeline.php(167): Illuminate\\Foundation\\Http\\Middleware\\ValidatePostSize->handle(Object(Illuminate\\Http\\Request), Object(Closure))
#40 C:\\Users\\hp\\Documents\\ResumeLayout\\WebProject\\ums-app\\vendor\\laravel\\framework\\src\\Illuminate\\Foundation\\Http\\Middleware\\PreventRequestsDuringMaintenance.php(86): Illuminate\\Pipeline\\Pipeline->Illuminate\\Pipeline\\{closure}(Object(Illuminate\\Http\\Request))
#41 C:\\Users\\hp\\Documents\\ResumeLayout\\WebProject\\ums-app\\vendor\\laravel\\framework\\src\\Illuminate\\Pipeline\\Pipeline.php(167): Illuminate\\Foundation\\Http\\Middleware\\PreventRequestsDuringMaintenance->handle(Object(Illuminate\\Http\\Request), Object(Closure))
#42 C:\\Users\\hp\\Documents\\ResumeLayout\\WebProject\\ums-app\\vendor\\fruitcake\\laravel-cors\\src\\HandleCors.php(52): Illuminate\\Pipeline\\Pipeline->Illuminate\\Pipeline\\{closure}(Object(Illuminate\\Http\\Request))
#43 C:\\Users\\hp\\Documents\\ResumeLayout\\WebProject\\ums-app\\vendor\\laravel\\framework\\src\\Illuminate\\Pipeline\\Pipeline.php(167): Fruitcake\\Cors\\HandleCors->handle(Object(Illuminate\\Http\\Request), Object(Closure))
#44 C:\\Users\\hp\\Documents\\ResumeLayout\\WebProject\\ums-app\\vendor\\fideloper\\proxy\\src\\TrustProxies.php(57): Illuminate\\Pipeline\\Pipeline->Illuminate\\Pipeline\\{closure}(Object(Illuminate\\Http\\Request))
#45 C:\\Users\\hp\\Documents\\ResumeLayout\\WebProject\\ums-app\\vendor\\laravel\\framework\\src\\Illuminate\\Pipeline\\Pipeline.php(167): Fideloper\\Proxy\\TrustProxies->handle(Object(Illuminate\\Http\\Request), Object(Closure))
#46 C:\\Users\\hp\\Documents\\ResumeLayout\\WebProject\\ums-app\\vendor\\laravel\\framework\\src\\Illuminate\\Pipeline\\Pipeline.php(103): Illuminate\\Pipeline\\Pipeline->Illuminate\\Pipeline\\{closure}(Object(Illuminate\\Http\\Request))
#47 C:\\Users\\hp\\Documents\\ResumeLayout\\WebProject\\ums-app\\vendor\\laravel\\framework\\src\\Illuminate\\Foundation\\Http\\Kernel.php(142): Illuminate\\Pipeline\\Pipeline->then(Object(Closure))
#48 C:\\Users\\hp\\Documents\\ResumeLayout\\WebProject\\ums-app\\vendor\\laravel\\framework\\src\\Illuminate\\Foundation\\Http\\Kernel.php(111): Illuminate\\Foundation\\Http\\Kernel->sendRequestThroughRouter(Object(Illuminate\\Http\\Request))
#49 C:\\Users\\hp\\Documents\\ResumeLayout\\WebProject\\ums-app\\debug_login.php(7): Illuminate\\Foundation\\Http\\Kernel->handle(Object(Illuminate\\Http\\Request))
#50 {main}

[previous exception] [object] (PDOException(code: 1049): SQLSTATE[HY000] [1049] Unknown database 'laravel' at C:\\Users\\hp\\Documents\\ResumeLayout\\WebProject\\ums-app\\vendor\\laravel\\framework\\src\\Illuminate\\Database\\Connectors\\Connector.php:70)
[stacktrace]
#0 C:\\Users\\hp\\Documents\\ResumeLayout\\WebProject\\ums-app\\vendor\\laravel\\framework\\src\\Illuminate\\Database\\Connectors\\Connector.php(70): PDO->__construct('mysql:host=127....', 'root', '', Array)
#1 C:\\Users\\hp\\Documents\\ResumeLayout\\WebProject\\ums-app\\vendor\\laravel\\framework\\src\\Illuminate\\Database\\Connectors\\Connector.php(46): Illuminate\\Database\\Connectors\\Connector->createPdoConnection('mysql:host=127....', 'root', '', Array)
#2 C:\\Users\\hp\\Documents\\ResumeLayout\\WebProject\\ums-app\\vendor\\laravel\\framework\\src\\Illuminate\\Database\\Connectors\\MySqlConnector.php(24): Illuminate\\Database\\Connectors\\Connector->createConnection('mysql:host=127....', Array, Array)
#3 C:\\Users\\hp\\Documents\\ResumeLayout\\WebProject\\ums-app\\vendor\\laravel\\framework\\src\\Illuminate\\Database\\Connectors\\ConnectionFactory.php(184): Illuminate\\Database\\Connectors\\MySqlConnector->connect(Array)
#4 [internal function]: Illuminate\\Database\\Connectors\\ConnectionFactory->Illuminate\\Database\\Connectors\\{closure}()
#5 C:\\Users\\hp\\Documents\\ResumeLayout\\WebProject\\ums-app\\vendor\\laravel\\framework\\src\\Illuminate\\Database\\Connection.php(1064): call_user_func(Object(Closure))
#6 C:\\Users\\hp\\Documents\\ResumeLayout\\WebProject\\ums-app\\vendor\\laravel\\framework\\src\\Illuminate\\Database\\Connection.php(1100): Illuminate\\Database\\Connection->getPdo()
#7 C:\\Users\\hp\\Documents\\ResumeLayout\\WebProject\\ums-app\\vendor\\laravel\\framework\\src\\Illuminate\\Database\\Connection.php(442): Illuminate\\Database\\Connection->getReadPdo()
#8 C:\\Users\\hp\\Documents\\ResumeLayout\\WebProject\\ums-app\\vendor\\laravel\\framework\\src\\Illuminate\\Database\\Connection.php(368): Illuminate\\Database\\Connection->getPdoForSelect(true)
#9 C:\\Users\\hp\\Documents\\ResumeLayout\\WebProject\\ums-app\\vendor\\laravel\\framework\\src\\Illuminate\\Database\\Connection.php(705): Illuminate\\Database\\Connection->Illuminate\\Database\\{closure}('select * from `...', Array)
#10 C:\\Users\\hp\\Documents\\ResumeLayout\\WebProject\\ums-app\\vendor\\laravel\\framework\\src\\Illuminate\\Database\\Connection.php(672): Illuminate\\Database\\Connection->runQueryCallback('select * from `...', Array, Object(Closure))
#11 C:\\Users\\hp\\Documents\\ResumeLayout\\WebProject\\ums-app\\vendor\\laravel\\framework\\src\\Illuminate\\Database\\Connection.php(376): Illuminate\\Database\\Connection->run('select * from `...', Array, Object(Closure))
#12 C:\\Users\\hp\\Documents\\ResumeLayout\\WebProject\\ums-app\\vendor\\laravel\\framework\\src\\Illuminate\\Database\\Query\\Builder.php(2414): Illuminate\\Database\\Connection->select('select * from `...', Array, true)
#13 C:\\Users\\hp\\Documents\\ResumeLayout\\WebProject\\ums-app\\vendor\\laravel\\framework\\src\\Illuminate\\Database\\Query\\Builder.php(2402): Illuminate\\Database\\Query\\Builder->runSelect()
#14 C:\\Users\\hp\\Documents\\ResumeLayout\\WebProject\\ums-app\\vendor\\laravel\\framework\\src\\Illuminate\\Database\\Query\\Builder.php(2936): Illuminate\\Database\\Query\\Builder->Illuminate\\Database\\Query\\{closure}()
#15 C:\\Users\\hp\\Documents\\ResumeLayout\\WebProject\\ums-app\\vendor\\laravel\\framework\\src\\Illuminate\\Database\\Query\\Builder.php(2403): Illuminate\\Database\\Query\\Builder->onceWithColumns(Array, Object(Closure))
#16 C:\\Users\\hp\\Documents\\ResumeLayout\\WebProject\\ums-app\\vendor\\laravel\\framework\\src\\Illuminate\\Database\\Eloquent\\Builder.php(625): Illuminate\\Database\\Query\\Builder->get(Array)
#17 C:\\Users\\hp\\Documents\\ResumeLayout\\WebProject\\ums-app\\vendor\\laravel\\framework\\src\\Illuminate\\Database\\Eloquent\\Builder.php(609): Illuminate\\Database\\Eloquent\\Builder->getModels(Array)
#18 C:\\Users\\hp\\Documents\\ResumeLayout\\WebProject\\ums-app\\vendor\\laravel\\framework\\src\\Illuminate\\Database\\Concerns\\BuildsQueries.php(294): Illuminate\\Database\\Eloquent\\Builder->get(Array)
#19 C:\\Users\\hp\\Documents\\ResumeLayout\\WebProject\\ums-app\\vendor\\laravel\\framework\\src\\Illuminate\\Auth\\EloquentUserProvider.php(133): Illuminate\\Database\\Eloquent\\Builder->first()
#20 C:\\Users\\hp\\Documents\\ResumeLayout\\WebProject\\ums-app\\vendor\\tymon\\jwt-auth\\src\\JWTGuard.php(124): Illuminate\\Auth\\EloquentUserProvider->retrieveByCredentials(Array)
#21 C:\\Users\\hp\\Documents\\ResumeLayout\\WebProject\\ums-app\\app\\Services\\AuthService.php(21): Tymon\\JWTAuth\\JWTGuard->attempt(Array)
#22 C:\\Users\\hp\\Documents\\ResumeLayout\\WebProject\\ums-app\\app\\Http\\Controllers\\Api\\AuthController.php(40): App\\Services\\AuthService->login('test@example.co...', 'wrongpass')
#23 C:\\Users\\hp\\Documents\\ResumeLayout\\WebProject\\ums-app\\vendor\\laravel\\framework\\src\\Illuminate\\Routing\\Controller.php(54): App\\Http\\Controllers\\Api\\AuthController->login(Object(App\\Http\\Requests\\LoginRequest))
#24 C:\\Users\\hp\\Documents\\ResumeLayout\\WebProject\\ums-app\\vendor\\laravel\\framework\\src\\Illuminate\\Routing\\ControllerDispatcher.php(45): Illuminate\\Routing\\Controller->callAction('login', Array)
#25 C:\\Users\\hp\\Documents\\ResumeLayout\\WebProject\\ums-app\\vendor\\laravel\\framework\\src\\Illuminate\\Routing\\Route.php(262): Illuminate\\Routing\\ControllerDispatcher->dispatch(Object(Illuminate\\Routing\\Route), Object(App\\Http\\Controllers\\Api\\AuthController), 'login')
#26 C:\\Users\\hp\\Documents\\ResumeLayout\\WebProject\\ums-app\\vendor\\laravel\\framework\\src\\Illuminate\\Routing\\Route.php(205): Illuminate\\Routing\\Route->runController()
#27 C:\\Users\\hp\\Documents\\ResumeLayout\\WebProject\\ums-app\\vendor\\laravel\\framework\\src\\Illuminate\\Routing\\Router.php(721): Illuminate\\Routing\\Route->run()
#28 C:\\Users\\hp\\Documents\\ResumeLayout\\WebProject\\ums-app\\vendor\\laravel\\framework\\src\\Illuminate\\Pipeline\\Pipeline.php(128): Illuminate\\Routing\\Router->Illuminate\\Routing\\{closure}(Object(Illuminate\\Http\\Request))
#29 C:\\Users\\hp\\Documents\\ResumeLayout\\WebProject\\ums-app\\vendor\\laravel\\framework\\src\\Illuminate\\Routing\\Middleware\\SubstituteBindings.php(50): Illuminate\\Pipeline\\Pipeline->Illuminate\\Pipeline\\{closure}(Object(Illuminate\\Http\\Request))
#30 C:\\Users\\hp\\Documents\\ResumeLayout\\WebProject\\ums-app\\vendor\\laravel\\framework\\src\\Illuminate\\Pipeline\\Pipeline.php(167): Illuminate\\Routing\\Middleware\\SubstituteBindings->handle(Object(Illuminate\\Http\\Request), Object(Closure))
#31 C:\\Users\\hp\\Documents\\ResumeLayout\\WebProject\\ums-app\\vendor\\laravel\\framework\\src\\Illuminate\\Routing\\Middleware\\ThrottleRequests.php(127): Illuminate\\Pipeline\\Pipeline->Illuminate\\Pipeline\\{closure}(Object(Illuminate\\Http\\Request))
#32 C:\\Users\\hp\\Documents\\ResumeLayout\\WebProject\\ums-app\\vendor\\laravel\\framework\\src\\Illuminate\\Routing\\Middleware\\ThrottleRequests.php(103): Illuminate\\Routing\\Middleware\\ThrottleRequests->handleRequest(Object(Illuminate\\Http\\Request), Object(Closure), Array)
#33 C:\\Users\\hp\\Documents\\ResumeLayout\\WebProject\\ums-app\\vendor\\laravel\\framework\\src\\Illuminate\\Routing\\Middleware\\ThrottleRequests.php(55): Illuminate\\Routing\\Middleware\\ThrottleRequests->handleRequestUsingNamedLimiter(Object(Illuminate\\Http\\Request), Object(Closure), 'api', Object(Closure))
#34 C:\\Users\\hp\\Documents\\ResumeLayout\\WebProject\\ums-app\\vendor\\laravel\\framework\\src\\Illuminate\\Pipeline\\Pipeline.php(167): Illuminate\\Routing\\Middleware\\ThrottleRequests->handle(Object(Illuminate\\Http\\Request), Object(Closure), 'api')
#35 C:\\Users\\hp\\Documents\\ResumeLayout\\WebProject\\ums-app\\vendor\\laravel\\framework\\src\\Illuminate\\Pipeline\\Pipeline.php(103): Illuminate\\Pipeline\\Pipeline->Illuminate\\Pipeline\\{closure}(Object(Illuminate\\Http\\Request))
#36 C:\\Users\\hp\\Documents\\ResumeLayout\\WebProject\\ums-app\\vendor\\laravel\\framework\\src\\Illuminate\\Routing\\Router.php(723): Illuminate\\Pipeline\\Pipeline->then(Object(Closure))
#37 C:\\Users\\hp\\Documents\\ResumeLayout\\WebProject\\ums-app\\vendor\\laravel\\framework\\src\\Illuminate\\Routing\\Router.php(698): Illuminate\\Routing\\Router->runRouteWithinStack(Object(Illuminate\\Routing\\Route), Object(Illuminate\\Http\\Request))
#38 C:\\Users\\hp\\Documents\\ResumeLayout\\WebProject\\ums-app\\vendor\\laravel\\framework\\src\\Illuminate\\Routing\\Router.php(662): Illuminate\\Routing\\Router->runRoute(Object(Illuminate\\Http\\Request), Object(Illuminate\\Routing\\Route))
#39 C:\\Users\\hp\\Documents\\ResumeLayout\\WebProject\\ums-app\\vendor\\laravel\\framework\\src\\Illuminate\\Routing\\Router.php(651): Illuminate\\Routing\\Router->dispatchToRoute(Object(Illuminate\\Http\\Request))
#40 C:\\Users\\hp\\Documents\\ResumeLayout\\WebProject\\ums-app\\vendor\\laravel\\framework\\src\\Illuminate\\Foundation\\Http\\Kernel.php(167): Illuminate\\Routing\\Router->dispatch(Object(Illuminate\\Http\\Request))
#41 C:\\Users\\hp\\Documents\\ResumeLayout\\WebProject\\ums-app\\vendor\\laravel\\framework\\src\\Illuminate\\Pipeline\\Pipeline.php(128): Illuminate\\Foundation\\Http\\Kernel->Illuminate\\Foundation\\Http\\{closure}(Object(Illuminate\\Http\\Request))
#42 C:\\Users\\hp\\Documents\\ResumeLayout\\WebProject\\ums-app\\vendor\\laravel\\framework\\src\\Illuminate\\Foundation\\Http\\Middleware\\TransformsRequest.php(21): Illuminate\\Pipeline\\Pipeline->Illuminate\\Pipeline\\{closure}(Object(Illuminate\\Http\\Request))
#43 C:\\Users\\hp\\Documents\\ResumeLayout\\WebProject\\ums-app\\vendor\\laravel\\framework\\src\\Illuminate\\Foundation\\Http\\Middleware\\ConvertEmptyStringsToNull.php(31): Illuminate\\Foundation\\Http\\Middleware\\TransformsRequest->handle(Object(Illuminate\\Http\\Request), Object(Closure))
#44 C:\\Users\\hp\\Documents\\ResumeLayout\\WebProject\\ums-app\\vendor\\laravel\\framework\\src\\Illuminate\\Pipeline\\Pipeline.php(167): Illuminate\\Foundation\\Http\\Middleware\\ConvertEmptyStringsToNull->handle(Object(Illuminate\\Http\\Request), Object(Closure))
#45 C:\\Users\\hp\\Documents\\ResumeLayout\\WebProject\\ums-app\\vendor\\laravel\\framework\\src\\Illuminate\\Foundation\\Http\\Middleware\\TransformsRequest.php(21): Illuminate\\Pipeline\\Pipeline->Illuminate\\Pipeline\\{closure}(Object(Illuminate\\Http\\Request))
#46 C:\\Users\\hp\\Documents\\ResumeLayout\\WebProject\\ums-app\\vendor\\laravel\\framework\\src\\Illuminate\\Foundation\\Http\\Middleware\\TrimStrings.php(40): Illuminate\\Foundation\\Http\\Middleware\\TransformsRequest->handle(Object(Illuminate\\Http\\Request), Object(Closure))
#47 C:\\Users\\hp\\Documents\\ResumeLayout\\WebProject\\ums-app\\vendor\\laravel\\framework\\src\\Illuminate\\Pipeline\\Pipeline.php(167): Illuminate\\Foundation\\Http\\Middleware\\TrimStrings->handle(Object(Illuminate\\Http\\Request), Object(Closure))
#48 C:\\Users\\hp\\Documents\\ResumeLayout\\WebProject\\ums-app\\vendor\\laravel\\framework\\src\\Illuminate\\Foundation\\Http\\Middleware\\ValidatePostSize.php(27): Illuminate\\Pipeline\\Pipeline->Illuminate\\Pipeline\\{closure}(Object(Illuminate\\Http\\Request))
#49 C:\\Users\\hp\\Documents\\ResumeLayout\\WebProject\\ums-app\\vendor\\laravel\\framework\\src\\Illuminate\\Pipeline\\Pipeline.php(167): Illuminate\\Foundation\\Http\\Middleware\\ValidatePostSize->handle(Object(Illuminate\\Http\\Request), Object(Closure))
#50 C:\\Users\\hp\\Documents\\ResumeLayout\\WebProject\\ums-app\\vendor\\laravel\\framework\\src\\Illuminate\\Foundation\\Http\\Middleware\\PreventRequestsDuringMaintenance.php(86): Illuminate\\Pipeline\\Pipeline->Illuminate\\Pipeline\\{closure}(Object(Illuminate\\Http\\Request))
#51 C:\\Users\\hp\\Documents\\ResumeLayout\\WebProject\\ums-app\\vendor\\laravel\\framework\\src\\Illuminate\\Pipeline\\Pipeline.php(167): Illuminate\\Foundation\\Http\\Middleware\\PreventRequestsDuringMaintenance->handle(Object(Illuminate\\Http\\Request), Object(Closure))
#52 C:\\Users\\hp\\Documents\\ResumeLayout\\WebProject\\ums-app\\vendor\\fruitcake\\laravel-cors\\src\\HandleCors.php(52): Illuminate\\Pipeline\\Pipeline->Illuminate\\Pipeline\\{closure}(Object(Illuminate\\Http\\Request))
#53 C:\\Users\\hp\\Documents\\ResumeLayout\\WebProject\\ums-app\\vendor\\laravel\\framework\\src\\Illuminate\\Pipeline\\Pipeline.php(167): Fruitcake\\Cors\\HandleCors->handle(Object(Illuminate\\Http\\Request), Object(Closure))
#54 C:\\Users\\hp\\Documents\\ResumeLayout\\WebProject\\ums-app\\vendor\\fideloper\\proxy\\src\\TrustProxies.php(57): Illuminate\\Pipeline\\Pipeline->Illuminate\\Pipeline\\{closure}(Object(Illuminate\\Http\\Request))
#55 C:\\Users\\hp\\Documents\\ResumeLayout\\WebProject\\ums-app\\vendor\\laravel\\framework\\src\\Illuminate\\Pipeline\\Pipeline.php(167): Fideloper\\Proxy\\TrustProxies->handle(Object(Illuminate\\Http\\Request), Object(Closure))
#56 C:\\Users\\hp\\Documents\\ResumeLayout\\WebProject\\ums-app\\vendor\\laravel\\framework\\src\\Illuminate\\Pipeline\\Pipeline.php(103): Illuminate\\Pipeline\\Pipeline->Illuminate\\Pipeline\\{closure}(Object(Illuminate\\Http\\Request))
#57 C:\\Users\\hp\\Documents\\ResumeLayout\\WebProject\\ums-app\\vendor\\laravel\\framework\\src\\Illuminate\\Foundation\\Http\\Kernel.php(142): Illuminate\\Pipeline\\Pipeline->then(Object(Closure))
#58 C:\\Users\\hp\\Documents\\ResumeLayout\\WebProject\\ums-app\\vendor\\laravel\\framework\\src\\Illuminate\\Foundation\\Http\\Kernel.php(111): Illuminate\\Foundation\\Http\\Kernel->sendRequestThroughRouter(Object(Illuminate\\Http\\Request))
#59 C:\\Users\\hp\\Documents\\ResumeLayout\\WebProject\\ums-app\\debug_login.php(7): Illuminate\\Foundation\\Http\\Kernel->handle(Object(Illuminate\\Http\\Request))
#60 {main}
"} 
[2026-05-29 09:17:38] testing.ERROR: Internal boom {"exception":"[object] (RuntimeException(code: 0): Internal boom at C:\\Users\\hp\\Documents\\ResumeLayout\\WebProject\\ums-app\\tests\\Feature\\ApiResponseAndExceptionHandlerTest.php:52)
[stacktrace]
#0 C:\\Users\\hp\\Documents\\ResumeLayout\\WebProject\\ums-app\\vendor\\laravel\\framework\\src\\Illuminate\\Routing\\Route.php(238): Tests\\Feature\\ApiResponseAndExceptionHandlerTest->Tests\\Feature\\{closure}()
#1 C:\\Users\\hp\\Documents\\ResumeLayout\\WebProject\\ums-app\\vendor\\laravel\\framework\\src\\Illuminate\\Routing\\Route.php(208): Illuminate\\Routing\\Route->runCallable()
#2 C:\\Users\\hp\\Documents\\ResumeLayout\\WebProject\\ums-app\\vendor\\laravel\\framework\\src\\Illuminate\\Routing\\Router.php(721): Illuminate\\Routing\\Route->run()
#3 C:\\Users\\hp\\Documents\\ResumeLayout\\WebProject\\ums-app\\vendor\\laravel\\framework\\src\\Illuminate\\Pipeline\\Pipeline.php(128): Illuminate\\Routing\\Router->Illuminate\\Routing\\{closure}(Object(Illuminate\\Http\\Request))
#4 C:\\Users\\hp\\Documents\\ResumeLayout\\WebProject\\ums-app\\vendor\\laravel\\framework\\src\\Illuminate\\Pipeline\\Pipeline.php(103): Illuminate\\Pipeline\\Pipeline->Illuminate\\Pipeline\\{closure}(Object(Illuminate\\Http\\Request))
#5 C:\\Users\\hp\\Documents\\ResumeLayout\\WebProject\\ums-app\\vendor\\laravel\\framework\\src\\Illuminate\\Routing\\Router.php(723): Illuminate\\Pipeline\\Pipeline->then(Object(Closure))
#6 C:\\Users\\hp\\Documents\\ResumeLayout\\WebProject\\ums-app\\vendor\\laravel\\framework\\src\\Illuminate\\Routing\\Router.php(698): Illuminate\\Routing\\Router->runRouteWithinStack(Object(Illuminate\\Routing\\Route), Object(Illuminate\\Http\\Request))
#7 C:\\Users\\hp\\Documents\\ResumeLayout\\WebProject\\ums-app\\vendor\\laravel\\framework\\src\\Illuminate\\Routing\\Router.php(662): Illuminate\\Routing\\Router->runRoute(Object(Illuminate\\Http\\Request), Object(Illuminate\\Routing\\Route))
#8 C:\\Users\\hp\\Documents\\ResumeLayout\\WebProject\\ums-app\\vendor\\laravel\\framework\\src\\Illuminate\\Routing\\Router.php(651): Illuminate\\Routing\\Router->dispatchToRoute(Object(Illuminate\\Http\\Request))
#9 C:\\Users\\hp\\Documents\\ResumeLayout\\WebProject\\ums-app\\vendor\\laravel\\framework\\src\\Illuminate\\Foundation\\Http\\Kernel.php(167): Illuminate\\Routing\\Router->dispatch(Object(Illuminate\\Http\\Request))
#10 C:\\Users\\hp\\Documents\\ResumeLayout\\WebProject\\ums-app\\vendor\\laravel\\framework\\src\\Illuminate\\Pipeline\\Pipeline.php(128): Illuminate\\Foundation\\Http\\Kernel->Illuminate\\Foundation\\Http\\{closure}(Object(Illuminate\\Http\\Request))
#11 C:\\Users\\hp\\Documents\\ResumeLayout\\WebProject\\ums-app\\vendor\\laravel\\framework\\src\\Illuminate\\Foundation\\Http\\Middleware\\TransformsRequest.php(21): Illuminate\\Pipeline\\Pipeline->Illuminate\\Pipeline\\{closure}(Object(Illuminate\\Http\\Request))
#12 C:\\Users\\hp\\Documents\\ResumeLayout\\WebProject\\ums-app\\vendor\\laravel\\framework\\src\\Illuminate\\Foundation\\Http\\Middleware\\ConvertEmptyStringsToNull.php(31): Illuminate\\Foundation\\Http\\Middleware\\TransformsRequest->handle(Object(Illuminate\\Http\\Request), Object(Closure))
#13 C:\\Users\\hp\\Documents\\ResumeLayout\\WebProject\\ums-app\\vendor\\laravel\\framework\\src\\Illuminate\\Pipeline\\Pipeline.php(167): Illuminate\\Foundation\\Http\\Middleware\\ConvertEmptyStringsToNull->handle(Object(Illuminate\\Http\\Request), Object(Closure))
#14 C:\\Users\\hp\\Documents\\ResumeLayout\\WebProject\\ums-app\\vendor\\laravel\\framework\\src\\Illuminate\\Foundation\\Http\\Middleware\\TransformsRequest.php(21): Illuminate\\Pipeline\\Pipeline->Illuminate\\Pipeline\\{closure}(Object(Illuminate\\Http\\Request))
#15 C:\\Users\\hp\\Documents\\ResumeLayout\\WebProject\\ums-app\\vendor\\laravel\\framework\\src\\Illuminate\\Foundation\\Http\\Middleware\\TrimStrings.php(40): Illuminate\\Foundation\\Http\\Middleware\\TransformsRequest->handle(Object(Illuminate\\Http\\Request), Object(Closure))
#16 C:\\Users\\hp\\Documents\\ResumeLayout\\WebProject\\ums-app\\vendor\\laravel\\framework\\src\\Illuminate\\Pipeline\\Pipeline.php(167): Illuminate\\Foundation\\Http\\Middleware\\TrimStrings->handle(Object(Illuminate\\Http\\Request), Object(Closure))
#17 C:\\Users\\hp\\Documents\\ResumeLayout\\WebProject\\ums-app\\vendor\\laravel\\framework\\src\\Illuminate\\Foundation\\Http\\Middleware\\ValidatePostSize.php(27): Illuminate\\Pipeline\\Pipeline->Illuminate\\Pipeline\\{closure}(Object(Illuminate\\Http\\Request))
#18 C:\\Users\\hp\\Documents\\ResumeLayout\\WebProject\\ums-app\\vendor\\laravel\\framework\\src\\Illuminate\\Pipeline\\Pipeline.php(167): Illuminate\\Foundation\\Http\\Middleware\\ValidatePostSize->handle(Object(Illuminate\\Http\\Request), Object(Closure))
#19 C:\\Users\\hp\\Documents\\ResumeLayout\\WebProject\\ums-app\\vendor\\laravel\\framework\\src\\Illuminate\\Foundation\\Http\\Middleware\\PreventRequestsDuringMaintenance.php(86): Illuminate\\Pipeline\\Pipeline->Illuminate\\Pipeline\\{closure}(Object(Illuminate\\Http\\Request))
#20 C:\\Users\\hp\\Documents\\ResumeLayout\\WebProject\\ums-app\\vendor\\laravel\\framework\\src\\Illuminate\\Pipeline\\Pipeline.php(167): Illuminate\\Foundation\\Http\\Middleware\\PreventRequestsDuringMaintenance->handle(Object(Illuminate\\Http\\Request), Object(Closure))
#21 C:\\Users\\hp\\Documents\\ResumeLayout\\WebProject\\ums-app\\vendor\\fruitcake\\laravel-cors\\src\\HandleCors.php(52): Illuminate\\Pipeline\\Pipeline->Illuminate\\Pipeline\\{closure}(Object(Illuminate\\Http\\Request))
#22 C:\\Users\\hp\\Documents\\ResumeLayout\\WebProject\\ums-app\\vendor\\laravel\\framework\\src\\Illuminate\\Pipeline\\Pipeline.php(167): Fruitcake\\Cors\\HandleCors->handle(Object(Illuminate\\Http\\Request), Object(Closure))
#23 C:\\Users\\hp\\Documents\\ResumeLayout\\WebProject\\ums-app\\vendor\\fideloper\\proxy\\src\\TrustProxies.php(57): Illuminate\\Pipeline\\Pipeline->Illuminate\\Pipeline\\{closure}(Object(Illuminate\\Http\\Request))
#24 C:\\Users\\hp\\Documents\\ResumeLayout\\WebProject\\ums-app\\vendor\\laravel\\framework\\src\\Illuminate\\Pipeline\\Pipeline.php(167): Fideloper\\Proxy\\TrustProxies->handle(Object(Illuminate\\Http\\Request), Object(Closure))
#25 C:\\Users\\hp\\Documents\\ResumeLayout\\WebProject\\ums-app\\vendor\\laravel\\framework\\src\\Illuminate\\Pipeline\\Pipeline.php(103): Illuminate\\Pipeline\\Pipeline->Illuminate\\Pipeline\\{closure}(Object(Illuminate\\Http\\Request))
#26 C:\\Users\\hp\\Documents\\ResumeLayout\\WebProject\\ums-app\\vendor\\laravel\\framework\\src\\Illuminate\\Foundation\\Http\\Kernel.php(142): Illuminate\\Pipeline\\Pipeline->then(Object(Closure))
#27 C:\\Users\\hp\\Documents\\ResumeLayout\\WebProject\\ums-app\\vendor\\laravel\\framework\\src\\Illuminate\\Foundation\\Http\\Kernel.php(111): Illuminate\\Foundation\\Http\\Kernel->sendRequestThroughRouter(Object(Illuminate\\Http\\Request))
#28 C:\\Users\\hp\\Documents\\ResumeLayout\\WebProject\\ums-app\\vendor\\laravel\\framework\\src\\Illuminate\\Foundation\\Testing\\Concerns\\MakesHttpRequests.php(510): Illuminate\\Foundation\\Http\\Kernel->handle(Object(Illuminate\\Http\\Request))
#29 C:\\Users\\hp\\Documents\\ResumeLayout\\WebProject\\ums-app\\vendor\\laravel\\framework\\src\\Illuminate\\Foundation\\Testing\\Concerns\\MakesHttpRequests.php(476): Illuminate\\Foundation\\Testing\\TestCase->call('GET', '/api/test/unhan...', Array, Array, Array, Array, '[]')
#30 C:\\Users\\hp\\Documents\\ResumeLayout\\WebProject\\ums-app\\vendor\\laravel\\framework\\src\\Illuminate\\Foundation\\Testing\\Concerns\\MakesHttpRequests.php(306): Illuminate\\Foundation\\Testing\\TestCase->json('GET', '/api/test/unhan...', Array, Array)
#31 C:\\Users\\hp\\Documents\\ResumeLayout\\WebProject\\ums-app\\tests\\Feature\\ApiResponseAndExceptionHandlerTest.php(173): Illuminate\\Foundation\\Testing\\TestCase->getJson('/api/test/unhan...')
#32 C:\\Users\\hp\\Documents\\ResumeLayout\\WebProject\\ums-app\\vendor\\phpunit\\phpunit\\src\\Framework\\TestCase.php(1617): Tests\\Feature\\ApiResponseAndExceptionHandlerTest->unhandled_exception_returns_500_with_generic_message()
#33 C:\\Users\\hp\\Documents\\ResumeLayout\\WebProject\\ums-app\\vendor\\phpunit\\phpunit\\src\\Framework\\TestCase.php(1223): PHPUnit\\Framework\\TestCase->runTest()
#34 C:\\Users\\hp\\Documents\\ResumeLayout\\WebProject\\ums-app\\vendor\\phpunit\\phpunit\\src\\Framework\\TestResult.php(729): PHPUnit\\Framework\\TestCase->runBare()
#35 C:\\Users\\hp\\Documents\\ResumeLayout\\WebProject\\ums-app\\vendor\\phpunit\\phpunit\\src\\Framework\\TestCase.php(973): PHPUnit\\Framework\\TestResult->run(Object(Tests\\Feature\\ApiResponseAndExceptionHandlerTest))
#36 C:\\Users\\hp\\Documents\\ResumeLayout\\WebProject\\ums-app\\vendor\\phpunit\\phpunit\\src\\Framework\\TestSuite.php(685): PHPUnit\\Framework\\TestCase->run(Object(PHPUnit\\Framework\\TestResult))
#37 C:\\Users\\hp\\Documents\\ResumeLayout\\WebProject\\ums-app\\vendor\\phpunit\\phpunit\\src\\TextUI\\TestRunner.php(651): PHPUnit\\Framework\\TestSuite->run(Object(PHPUnit\\Framework\\TestResult))
#38 C:\\Users\\hp\\Documents\\ResumeLayout\\WebProject\\ums-app\\vendor\\phpunit\\phpunit\\src\\TextUI\\Command.php(146): PHPUnit\\TextUI\\TestRunner->run(Object(PHPUnit\\Framework\\TestSuite), Array, Array, true)
#39 C:\\Users\\hp\\Documents\\ResumeLayout\\WebProject\\ums-app\\vendor\\phpunit\\phpunit\\src\\TextUI\\Command.php(99): PHPUnit\\TextUI\\Command->run(Array, true)
#40 C:\\Users\\hp\\Documents\\ResumeLayout\\WebProject\\ums-app\\vendor\\phpunit\\phpunit\\phpunit(107): PHPUnit\\TextUI\\Command::main()
#41 {main}
"} 
[2026-05-29 09:17:38] testing.ERROR: Internal boom {"exception":"[object] (RuntimeException(code: 0): Internal boom at C:\\Users\\hp\\Documents\\ResumeLayout\\WebProject\\ums-app\\tests\\Feature\\ApiResponseAndExceptionHandlerTest.php:52)
[stacktrace]
#0 C:\\Users\\hp\\Documents\\ResumeLayout\\WebProject\\ums-app\\vendor\\laravel\\framework\\src\\Illuminate\\Routing\\Route.php(238): Tests\\Feature\\ApiResponseAndExceptionHandlerTest->Tests\\Feature\\{closure}()
#1 C:\\Users\\hp\\Documents\\ResumeLayout\\WebProject\\ums-app\\vendor\\laravel\\framework\\src\\Illuminate\\Routing\\Route.php(208): Illuminate\\Routing\\Route->runCallable()
#2 C:\\Users\\hp\\Documents\\ResumeLayout\\WebProject\\ums-app\\vendor\\laravel\\framework\\src\\Illuminate\\Routing\\Router.php(721): Illuminate\\Routing\\Route->run()
#3 C:\\Users\\hp\\Documents\\ResumeLayout\\WebProject\\ums-app\\vendor\\laravel\\framework\\src\\Illuminate\\Pipeline\\Pipeline.php(128): Illuminate\\Routing\\Router->Illuminate\\Routing\\{closure}(Object(Illuminate\\Http\\Request))
#4 C:\\Users\\hp\\Documents\\ResumeLayout\\WebProject\\ums-app\\vendor\\laravel\\framework\\src\\Illuminate\\Pipeline\\Pipeline.php(103): Illuminate\\Pipeline\\Pipeline->Illuminate\\Pipeline\\{closure}(Object(Illuminate\\Http\\Request))
#5 C:\\Users\\hp\\Documents\\ResumeLayout\\WebProject\\ums-app\\vendor\\laravel\\framework\\src\\Illuminate\\Routing\\Router.php(723): Illuminate\\Pipeline\\Pipeline->then(Object(Closure))
#6 C:\\Users\\hp\\Documents\\ResumeLayout\\WebProject\\ums-app\\vendor\\laravel\\framework\\src\\Illuminate\\Routing\\Router.php(698): Illuminate\\Routing\\Router->runRouteWithinStack(Object(Illuminate\\Routing\\Route), Object(Illuminate\\Http\\Request))
#7 C:\\Users\\hp\\Documents\\ResumeLayout\\WebProject\\ums-app\\vendor\\laravel\\framework\\src\\Illuminate\\Routing\\Router.php(662): Illuminate\\Routing\\Router->runRoute(Object(Illuminate\\Http\\Request), Object(Illuminate\\Routing\\Route))
#8 C:\\Users\\hp\\Documents\\ResumeLayout\\WebProject\\ums-app\\vendor\\laravel\\framework\\src\\Illuminate\\Routing\\Router.php(651): Illuminate\\Routing\\Router->dispatchToRoute(Object(Illuminate\\Http\\Request))
#9 C:\\Users\\hp\\Documents\\ResumeLayout\\WebProject\\ums-app\\vendor\\laravel\\framework\\src\\Illuminate\\Foundation\\Http\\Kernel.php(167): Illuminate\\Routing\\Router->dispatch(Object(Illuminate\\Http\\Request))
#10 C:\\Users\\hp\\Documents\\ResumeLayout\\WebProject\\ums-app\\vendor\\laravel\\framework\\src\\Illuminate\\Pipeline\\Pipeline.php(128): Illuminate\\Foundation\\Http\\Kernel->Illuminate\\Foundation\\Http\\{closure}(Object(Illuminate\\Http\\Request))
#11 C:\\Users\\hp\\Documents\\ResumeLayout\\WebProject\\ums-app\\vendor\\laravel\\framework\\src\\Illuminate\\Foundation\\Http\\Middleware\\TransformsRequest.php(21): Illuminate\\Pipeline\\Pipeline->Illuminate\\Pipeline\\{closure}(Object(Illuminate\\Http\\Request))
#12 C:\\Users\\hp\\Documents\\ResumeLayout\\WebProject\\ums-app\\vendor\\laravel\\framework\\src\\Illuminate\\Foundation\\Http\\Middleware\\ConvertEmptyStringsToNull.php(31): Illuminate\\Foundation\\Http\\Middleware\\TransformsRequest->handle(Object(Illuminate\\Http\\Request), Object(Closure))
#13 C:\\Users\\hp\\Documents\\ResumeLayout\\WebProject\\ums-app\\vendor\\laravel\\framework\\src\\Illuminate\\Pipeline\\Pipeline.php(167): Illuminate\\Foundation\\Http\\Middleware\\ConvertEmptyStringsToNull->handle(Object(Illuminate\\Http\\Request), Object(Closure))
#14 C:\\Users\\hp\\Documents\\ResumeLayout\\WebProject\\ums-app\\vendor\\laravel\\framework\\src\\Illuminate\\Foundation\\Http\\Middleware\\TransformsRequest.php(21): Illuminate\\Pipeline\\Pipeline->Illuminate\\Pipeline\\{closure}(Object(Illuminate\\Http\\Request))
#15 C:\\Users\\hp\\Documents\\ResumeLayout\\WebProject\\ums-app\\vendor\\laravel\\framework\\src\\Illuminate\\Foundation\\Http\\Middleware\\TrimStrings.php(40): Illuminate\\Foundation\\Http\\Middleware\\TransformsRequest->handle(Object(Illuminate\\Http\\Request), Object(Closure))
#16 C:\\Users\\hp\\Documents\\ResumeLayout\\WebProject\\ums-app\\vendor\\laravel\\framework\\src\\Illuminate\\Pipeline\\Pipeline.php(167): Illuminate\\Foundation\\Http\\Middleware\\TrimStrings->handle(Object(Illuminate\\Http\\Request), Object(Closure))
#17 C:\\Users\\hp\\Documents\\ResumeLayout\\WebProject\\ums-app\\vendor\\laravel\\framework\\src\\Illuminate\\Foundation\\Http\\Middleware\\ValidatePostSize.php(27): Illuminate\\Pipeline\\Pipeline->Illuminate\\Pipeline\\{closure}(Object(Illuminate\\Http\\Request))
#18 C:\\Users\\hp\\Documents\\ResumeLayout\\WebProject\\ums-app\\vendor\\laravel\\framework\\src\\Illuminate\\Pipeline\\Pipeline.php(167): Illuminate\\Foundation\\Http\\Middleware\\ValidatePostSize->handle(Object(Illuminate\\Http\\Request), Object(Closure))
#19 C:\\Users\\hp\\Documents\\ResumeLayout\\WebProject\\ums-app\\vendor\\laravel\\framework\\src\\Illuminate\\Foundation\\Http\\Middleware\\PreventRequestsDuringMaintenance.php(86): Illuminate\\Pipeline\\Pipeline->Illuminate\\Pipeline\\{closure}(Object(Illuminate\\Http\\Request))
#20 C:\\Users\\hp\\Documents\\ResumeLayout\\WebProject\\ums-app\\vendor\\laravel\\framework\\src\\Illuminate\\Pipeline\\Pipeline.php(167): Illuminate\\Foundation\\Http\\Middleware\\PreventRequestsDuringMaintenance->handle(Object(Illuminate\\Http\\Request), Object(Closure))
#21 C:\\Users\\hp\\Documents\\ResumeLayout\\WebProject\\ums-app\\vendor\\fruitcake\\laravel-cors\\src\\HandleCors.php(52): Illuminate\\Pipeline\\Pipeline->Illuminate\\Pipeline\\{closure}(Object(Illuminate\\Http\\Request))
#22 C:\\Users\\hp\\Documents\\ResumeLayout\\WebProject\\ums-app\\vendor\\laravel\\framework\\src\\Illuminate\\Pipeline\\Pipeline.php(167): Fruitcake\\Cors\\HandleCors->handle(Object(Illuminate\\Http\\Request), Object(Closure))
#23 C:\\Users\\hp\\Documents\\ResumeLayout\\WebProject\\ums-app\\vendor\\fideloper\\proxy\\src\\TrustProxies.php(57): Illuminate\\Pipeline\\Pipeline->Illuminate\\Pipeline\\{closure}(Object(Illuminate\\Http\\Request))
#24 C:\\Users\\hp\\Documents\\ResumeLayout\\WebProject\\ums-app\\vendor\\laravel\\framework\\src\\Illuminate\\Pipeline\\Pipeline.php(167): Fideloper\\Proxy\\TrustProxies->handle(Object(Illuminate\\Http\\Request), Object(Closure))
#25 C:\\Users\\hp\\Documents\\ResumeLayout\\WebProject\\ums-app\\vendor\\laravel\\framework\\src\\Illuminate\\Pipeline\\Pipeline.php(103): Illuminate\\Pipeline\\Pipeline->Illuminate\\Pipeline\\{closure}(Object(Illuminate\\Http\\Request))
#26 C:\\Users\\hp\\Documents\\ResumeLayout\\WebProject\\ums-app\\vendor\\laravel\\framework\\src\\Illuminate\\Foundation\\Http\\Kernel.php(142): Illuminate\\Pipeline\\Pipeline->then(Object(Closure))
#27 C:\\Users\\hp\\Documents\\ResumeLayout\\WebProject\\ums-app\\vendor\\laravel\\framework\\src\\Illuminate\\Foundation\\Http\\Kernel.php(111): Illuminate\\Foundation\\Http\\Kernel->sendRequestThroughRouter(Object(Illuminate\\Http\\Request))
#28 C:\\Users\\hp\\Documents\\ResumeLayout\\WebProject\\ums-app\\vendor\\laravel\\framework\\src\\Illuminate\\Foundation\\Testing\\Concerns\\MakesHttpRequests.php(510): Illuminate\\Foundation\\Http\\Kernel->handle(Object(Illuminate\\Http\\Request))
#29 C:\\Users\\hp\\Documents\\ResumeLayout\\WebProject\\ums-app\\vendor\\laravel\\framework\\src\\Illuminate\\Foundation\\Testing\\Concerns\\MakesHttpRequests.php(476): Illuminate\\Foundation\\Testing\\TestCase->call('GET', '/api/test/unhan...', Array, Array, Array, Array, '[]')
#30 C:\\Users\\hp\\Documents\\ResumeLayout\\WebProject\\ums-app\\vendor\\laravel\\framework\\src\\Illuminate\\Foundation\\Testing\\Concerns\\MakesHttpRequests.php(306): Illuminate\\Foundation\\Testing\\TestCase->json('GET', '/api/test/unhan...', Array, Array)
#31 C:\\Users\\hp\\Documents\\ResumeLayout\\WebProject\\ums-app\\tests\\Feature\\ApiResponseAndExceptionHandlerTest.php(185): Illuminate\\Foundation\\Testing\\TestCase->getJson('/api/test/unhan...')
#32 C:\\Users\\hp\\Documents\\ResumeLayout\\WebProject\\ums-app\\vendor\\phpunit\\phpunit\\src\\Framework\\TestCase.php(1617): Tests\\Feature\\ApiResponseAndExceptionHandlerTest->unhandled_exception_response_does_not_expose_stack_trace()
#33 C:\\Users\\hp\\Documents\\ResumeLayout\\WebProject\\ums-app\\vendor\\phpunit\\phpunit\\src\\Framework\\TestCase.php(1223): PHPUnit\\Framework\\TestCase->runTest()
#34 C:\\Users\\hp\\Documents\\ResumeLayout\\WebProject\\ums-app\\vendor\\phpunit\\phpunit\\src\\Framework\\TestResult.php(729): PHPUnit\\Framework\\TestCase->runBare()
#35 C:\\Users\\hp\\Documents\\ResumeLayout\\WebProject\\ums-app\\vendor\\phpunit\\phpunit\\src\\Framework\\TestCase.php(973): PHPUnit\\Framework\\TestResult->run(Object(Tests\\Feature\\ApiResponseAndExceptionHandlerTest))
#36 C:\\Users\\hp\\Documents\\ResumeLayout\\WebProject\\ums-app\\vendor\\phpunit\\phpunit\\src\\Framework\\TestSuite.php(685): PHPUnit\\Framework\\TestCase->run(Object(PHPUnit\\Framework\\TestResult))
#37 C:\\Users\\hp\\Documents\\ResumeLayout\\WebProject\\ums-app\\vendor\\phpunit\\phpunit\\src\\TextUI\\TestRunner.php(651): PHPUnit\\Framework\\TestSuite->run(Object(PHPUnit\\Framework\\TestResult))
#38 C:\\Users\\hp\\Documents\\ResumeLayout\\WebProject\\ums-app\\vendor\\phpunit\\phpunit\\src\\TextUI\\Command.php(146): PHPUnit\\TextUI\\TestRunner->run(Object(PHPUnit\\Framework\\TestSuite), Array, Array, true)
#39 C:\\Users\\hp\\Documents\\ResumeLayout\\WebProject\\ums-app\\vendor\\phpunit\\phpunit\\src\\TextUI\\Command.php(99): PHPUnit\\TextUI\\Command->run(Array, true)
#40 C:\\Users\\hp\\Documents\\ResumeLayout\\WebProject\\ums-app\\vendor\\phpunit\\phpunit\\phpunit(107): PHPUnit\\TextUI\\Command::main()
#41 {main}
"} 
[2026-05-29 09:18:46] testing.ERROR: SQLSTATE[HY000] [1049] Unknown database 'laravel' (SQL: select * from information_schema.tables where table_schema = laravel and table_name = migrations and table_type = 'BASE TABLE') {"exception":"[object] (Illuminate\\Database\\QueryException(code: 1049): SQLSTATE[HY000] [1049] Unknown database 'laravel' (SQL: select * from information_schema.tables where table_schema = laravel and table_name = migrations and table_type = 'BASE TABLE') at C:\\Users\\hp\\Documents\\ResumeLayout\\WebProject\\ums-app\\vendor\\laravel\\framework\\src\\Illuminate\\Database\\Connection.php:712)
[stacktrace]
#0 C:\\Users\\hp\\Documents\\ResumeLayout\\WebProject\\ums-app\\vendor\\laravel\\framework\\src\\Illuminate\\Database\\Connection.php(672): Illuminate\\Database\\Connection->runQueryCallback('select * from i...', Array, Object(Closure))
#1 C:\\Users\\hp\\Documents\\ResumeLayout\\WebProject\\ums-app\\vendor\\laravel\\framework\\src\\Illuminate\\Database\\Connection.php(376): Illuminate\\Database\\Connection->run('select * from i...', Array, Object(Closure))
#2 C:\\Users\\hp\\Documents\\ResumeLayout\\WebProject\\ums-app\\vendor\\laravel\\framework\\src\\Illuminate\\Database\\Schema\\MySqlBuilder.php(44): Illuminate\\Database\\Connection->select('select * from i...', Array)
#3 C:\\Users\\hp\\Documents\\ResumeLayout\\WebProject\\ums-app\\vendor\\laravel\\framework\\src\\Illuminate\\Database\\Migrations\\DatabaseMigrationRepository.php(169): Illuminate\\Database\\Schema\\MySqlBuilder->hasTable('migrations')
#4 C:\\Users\\hp\\Documents\\ResumeLayout\\WebProject\\ums-app\\vendor\\laravel\\framework\\src\\Illuminate\\Database\\Migrations\\Migrator.php(673): Illuminate\\Database\\Migrations\\DatabaseMigrationRepository->repositoryExists()
#5 C:\\Users\\hp\\Documents\\ResumeLayout\\WebProject\\ums-app\\vendor\\laravel\\framework\\src\\Illuminate\\Database\\Console\\Migrations\\MigrateCommand.php(110): Illuminate\\Database\\Migrations\\Migrator->repositoryExists()
#6 C:\\Users\\hp\\Documents\\ResumeLayout\\WebProject\\ums-app\\vendor\\laravel\\framework\\src\\Illuminate\\Database\\Console\\Migrations\\MigrateCommand.php(78): Illuminate\\Database\\Console\\Migrations\\MigrateCommand->prepareDatabase()
#7 C:\\Users\\hp\\Documents\\ResumeLayout\\WebProject\\ums-app\\vendor\\laravel\\framework\\src\\Illuminate\\Database\\Migrations\\Migrator.php(606): Illuminate\\Database\\Console\\Migrations\\MigrateCommand->Illuminate\\Database\\Console\\Migrations\\{closure}()
#8 C:\\Users\\hp\\Documents\\ResumeLayout\\WebProject\\ums-app\\vendor\\laravel\\framework\\src\\Illuminate\\Database\\Console\\Migrations\\MigrateCommand.php(98): Illuminate\\Database\\Migrations\\Migrator->usingConnection(NULL, Object(Closure))
#9 C:\\Users\\hp\\Documents\\ResumeLayout\\WebProject\\ums-app\\vendor\\laravel\\framework\\src\\Illuminate\\Container\\BoundMethod.php(36): Illuminate\\Database\\Console\\Migrations\\MigrateCommand->handle()
#10 C:\\Users\\hp\\Documents\\ResumeLayout\\WebProject\\ums-app\\vendor\\laravel\\framework\\src\\Illuminate\\Container\\Util.php(40): Illuminate\\Container\\BoundMethod::Illuminate\\Container\\{closure}()
#11 C:\\Users\\hp\\Documents\\ResumeLayout\\WebProject\\ums-app\\vendor\\laravel\\framework\\src\\Illuminate\\Container\\BoundMethod.php(93): Illuminate\\Container\\Util::unwrapIfClosure(Object(Closure))
#12 C:\\Users\\hp\\Documents\\ResumeLayout\\WebProject\\ums-app\\vendor\\laravel\\framework\\src\\Illuminate\\Container\\BoundMethod.php(37): Illuminate\\Container\\BoundMethod::callBoundMethod(Object(Illuminate\\Foundation\\Application), Array, Object(Closure))
#13 C:\\Users\\hp\\Documents\\ResumeLayout\\WebProject\\ums-app\\vendor\\laravel\\framework\\src\\Illuminate\\Container\\Container.php(653): Illuminate\\Container\\BoundMethod::call(Object(Illuminate\\Foundation\\Application), Array, Array, NULL)
#14 C:\\Users\\hp\\Documents\\ResumeLayout\\WebProject\\ums-app\\vendor\\laravel\\framework\\src\\Illuminate\\Console\\Command.php(136): Illuminate\\Container\\Container->call(Array)
#15 C:\\Users\\hp\\Documents\\ResumeLayout\\WebProject\\ums-app\\vendor\\symfony\\console\\Command\\Command.php(298): Illuminate\\Console\\Command->execute(Object(Symfony\\Component\\Console\\Input\\ArgvInput), Object(Illuminate\\Console\\OutputStyle))
#16 C:\\Users\\hp\\Documents\\ResumeLayout\\WebProject\\ums-app\\vendor\\laravel\\framework\\src\\Illuminate\\Console\\Command.php(121): Symfony\\Component\\Console\\Command\\Command->run(Object(Symfony\\Component\\Console\\Input\\ArgvInput), Object(Illuminate\\Console\\OutputStyle))
#17 C:\\Users\\hp\\Documents\\ResumeLayout\\WebProject\\ums-app\\vendor\\symfony\\console\\Application.php(1040): Illuminate\\Console\\Command->run(Object(Symfony\\Component\\Console\\Input\\ArgvInput), Object(Symfony\\Component\\Console\\Output\\ConsoleOutput))
#18 C:\\Users\\hp\\Documents\\ResumeLayout\\WebProject\\ums-app\\vendor\\symfony\\console\\Application.php(301): Symfony\\Component\\Console\\Application->doRunCommand(Object(Illuminate\\Database\\Console\\Migrations\\MigrateCommand), Object(Symfony\\Component\\Console\\Input\\ArgvInput), Object(Symfony\\Component\\Console\\Output\\ConsoleOutput))
#19 C:\\Users\\hp\\Documents\\ResumeLayout\\WebProject\\ums-app\\vendor\\symfony\\console\\Application.php(171): Symfony\\Component\\Console\\Application->doRun(Object(Symfony\\Component\\Console\\Input\\ArgvInput), Object(Symfony\\Component\\Console\\Output\\ConsoleOutput))
#20 C:\\Users\\hp\\Documents\\ResumeLayout\\WebProject\\ums-app\\vendor\\laravel\\framework\\src\\Illuminate\\Console\\Application.php(94): Symfony\\Component\\Console\\Application->run(Object(Symfony\\Component\\Console\\Input\\ArgvInput), Object(Symfony\\Component\\Console\\Output\\ConsoleOutput))
#21 C:\\Users\\hp\\Documents\\ResumeLayout\\WebProject\\ums-app\\vendor\\laravel\\framework\\src\\Illuminate\\Foundation\\Console\\Kernel.php(129): Illuminate\\Console\\Application->run(Object(Symfony\\Component\\Console\\Input\\ArgvInput), Object(Symfony\\Component\\Console\\Output\\ConsoleOutput))
#22 C:\\Users\\hp\\Documents\\ResumeLayout\\WebProject\\ums-app\\artisan(37): Illuminate\\Foundation\\Console\\Kernel->handle(Object(Symfony\\Component\\Console\\Input\\ArgvInput), Object(Symfony\\Component\\Console\\Output\\ConsoleOutput))
#23 {main}

[previous exception] [object] (PDOException(code: 1049): SQLSTATE[HY000] [1049] Unknown database 'laravel' at C:\\Users\\hp\\Documents\\ResumeLayout\\WebProject\\ums-app\\vendor\\laravel\\framework\\src\\Illuminate\\Database\\Connectors\\Connector.php:70)
[stacktrace]
#0 C:\\Users\\hp\\Documents\\ResumeLayout\\WebProject\\ums-app\\vendor\\laravel\\framework\\src\\Illuminate\\Database\\Connectors\\Connector.php(70): PDO->__construct('mysql:host=127....', 'root', '', Array)
#1 C:\\Users\\hp\\Documents\\ResumeLayout\\WebProject\\ums-app\\vendor\\laravel\\framework\\src\\Illuminate\\Database\\Connectors\\Connector.php(46): Illuminate\\Database\\Connectors\\Connector->createPdoConnection('mysql:host=127....', 'root', '', Array)
#2 C:\\Users\\hp\\Documents\\ResumeLayout\\WebProject\\ums-app\\vendor\\laravel\\framework\\src\\Illuminate\\Database\\Connectors\\MySqlConnector.php(24): Illuminate\\Database\\Connectors\\Connector->createConnection('mysql:host=127....', Array, Array)
#3 C:\\Users\\hp\\Documents\\ResumeLayout\\WebProject\\ums-app\\vendor\\laravel\\framework\\src\\Illuminate\\Database\\Connectors\\ConnectionFactory.php(184): Illuminate\\Database\\Connectors\\MySqlConnector->connect(Array)
#4 [internal function]: Illuminate\\Database\\Connectors\\ConnectionFactory->Illuminate\\Database\\Connectors\\{closure}()
#5 C:\\Users\\hp\\Documents\\ResumeLayout\\WebProject\\ums-app\\vendor\\laravel\\framework\\src\\Illuminate\\Database\\Connection.php(1064): call_user_func(Object(Closure))
#6 C:\\Users\\hp\\Documents\\ResumeLayout\\WebProject\\ums-app\\vendor\\laravel\\framework\\src\\Illuminate\\Database\\Connection.php(1100): Illuminate\\Database\\Connection->getPdo()
#7 C:\\Users\\hp\\Documents\\ResumeLayout\\WebProject\\ums-app\\vendor\\laravel\\framework\\src\\Illuminate\\Database\\Connection.php(442): Illuminate\\Database\\Connection->getReadPdo()
#8 C:\\Users\\hp\\Documents\\ResumeLayout\\WebProject\\ums-app\\vendor\\laravel\\framework\\src\\Illuminate\\Database\\Connection.php(368): Illuminate\\Database\\Connection->getPdoForSelect(true)
#9 C:\\Users\\hp\\Documents\\ResumeLayout\\WebProject\\ums-app\\vendor\\laravel\\framework\\src\\Illuminate\\Database\\Connection.php(705): Illuminate\\Database\\Connection->Illuminate\\Database\\{closure}('select * from i...', Array)
#10 C:\\Users\\hp\\Documents\\ResumeLayout\\WebProject\\ums-app\\vendor\\laravel\\framework\\src\\Illuminate\\Database\\Connection.php(672): Illuminate\\Database\\Connection->runQueryCallback('select * from i...', Array, Object(Closure))
#11 C:\\Users\\hp\\Documents\\ResumeLayout\\WebProject\\ums-app\\vendor\\laravel\\framework\\src\\Illuminate\\Database\\Connection.php(376): Illuminate\\Database\\Connection->run('select * from i...', Array, Object(Closure))
#12 C:\\Users\\hp\\Documents\\ResumeLayout\\WebProject\\ums-app\\vendor\\laravel\\framework\\src\\Illuminate\\Database\\Schema\\MySqlBuilder.php(44): Illuminate\\Database\\Connection->select('select * from i...', Array)
#13 C:\\Users\\hp\\Documents\\ResumeLayout\\WebProject\\ums-app\\vendor\\laravel\\framework\\src\\Illuminate\\Database\\Migrations\\DatabaseMigrationRepository.php(169): Illuminate\\Database\\Schema\\MySqlBuilder->hasTable('migrations')
#14 C:\\Users\\hp\\Documents\\ResumeLayout\\WebProject\\ums-app\\vendor\\laravel\\framework\\src\\Illuminate\\Database\\Migrations\\Migrator.php(673): Illuminate\\Database\\Migrations\\DatabaseMigrationRepository->repositoryExists()
#15 C:\\Users\\hp\\Documents\\ResumeLayout\\WebProject\\ums-app\\vendor\\laravel\\framework\\src\\Illuminate\\Database\\Console\\Migrations\\MigrateCommand.php(110): Illuminate\\Database\\Migrations\\Migrator->repositoryExists()
#16 C:\\Users\\hp\\Documents\\ResumeLayout\\WebProject\\ums-app\\vendor\\laravel\\framework\\src\\Illuminate\\Database\\Console\\Migrations\\MigrateCommand.php(78): Illuminate\\Database\\Console\\Migrations\\MigrateCommand->prepareDatabase()
#17 C:\\Users\\hp\\Documents\\ResumeLayout\\WebProject\\ums-app\\vendor\\laravel\\framework\\src\\Illuminate\\Database\\Migrations\\Migrator.php(606): Illuminate\\Database\\Console\\Migrations\\MigrateCommand->Illuminate\\Database\\Console\\Migrations\\{closure}()
#18 C:\\Users\\hp\\Documents\\ResumeLayout\\WebProject\\ums-app\\vendor\\laravel\\framework\\src\\Illuminate\\Database\\Console\\Migrations\\MigrateCommand.php(98): Illuminate\\Database\\Migrations\\Migrator->usingConnection(NULL, Object(Closure))
#19 C:\\Users\\hp\\Documents\\ResumeLayout\\WebProject\\ums-app\\vendor\\laravel\\framework\\src\\Illuminate\\Container\\BoundMethod.php(36): Illuminate\\Database\\Console\\Migrations\\MigrateCommand->handle()
#20 C:\\Users\\hp\\Documents\\ResumeLayout\\WebProject\\ums-app\\vendor\\laravel\\framework\\src\\Illuminate\\Container\\Util.php(40): Illuminate\\Container\\BoundMethod::Illuminate\\Container\\{closure}()
#21 C:\\Users\\hp\\Documents\\ResumeLayout\\WebProject\\ums-app\\vendor\\laravel\\framework\\src\\Illuminate\\Container\\BoundMethod.php(93): Illuminate\\Container\\Util::unwrapIfClosure(Object(Closure))
#22 C:\\Users\\hp\\Documents\\ResumeLayout\\WebProject\\ums-app\\vendor\\laravel\\framework\\src\\Illuminate\\Container\\BoundMethod.php(37): Illuminate\\Container\\BoundMethod::callBoundMethod(Object(Illuminate\\Foundation\\Application), Array, Object(Closure))
#23 C:\\Users\\hp\\Documents\\ResumeLayout\\WebProject\\ums-app\\vendor\\laravel\\framework\\src\\Illuminate\\Container\\Container.php(653): Illuminate\\Container\\BoundMethod::call(Object(Illuminate\\Foundation\\Application), Array, Array, NULL)
#24 C:\\Users\\hp\\Documents\\ResumeLayout\\WebProject\\ums-app\\vendor\\laravel\\framework\\src\\Illuminate\\Console\\Command.php(136): Illuminate\\Container\\Container->call(Array)
#25 C:\\Users\\hp\\Documents\\ResumeLayout\\WebProject\\ums-app\\vendor\\symfony\\console\\Command\\Command.php(298): Illuminate\\Console\\Command->execute(Object(Symfony\\Component\\Console\\Input\\ArgvInput), Object(Illuminate\\Console\\OutputStyle))
#26 C:\\Users\\hp\\Documents\\ResumeLayout\\WebProject\\ums-app\\vendor\\laravel\\framework\\src\\Illuminate\\Console\\Command.php(121): Symfony\\Component\\Console\\Command\\Command->run(Object(Symfony\\Component\\Console\\Input\\ArgvInput), Object(Illuminate\\Console\\OutputStyle))
#27 C:\\Users\\hp\\Documents\\ResumeLayout\\WebProject\\ums-app\\vendor\\symfony\\console\\Application.php(1040): Illuminate\\Console\\Command->run(Object(Symfony\\Component\\Console\\Input\\ArgvInput), Object(Symfony\\Component\\Console\\Output\\ConsoleOutput))
#28 C:\\Users\\hp\\Documents\\ResumeLayout\\WebProject\\ums-app\\vendor\\symfony\\console\\Application.php(301): Symfony\\Component\\Console\\Application->doRunCommand(Object(Illuminate\\Database\\Console\\Migrations\\MigrateCommand), Object(Symfony\\Component\\Console\\Input\\ArgvInput), Object(Symfony\\Component\\Console\\Output\\ConsoleOutput))
#29 C:\\Users\\hp\\Documents\\ResumeLayout\\WebProject\\ums-app\\vendor\\symfony\\console\\Application.php(171): Symfony\\Component\\Console\\Application->doRun(Object(Symfony\\Component\\Console\\Input\\ArgvInput), Object(Symfony\\Component\\Console\\Output\\ConsoleOutput))
#30 C:\\Users\\hp\\Documents\\ResumeLayout\\WebProject\\ums-app\\vendor\\laravel\\framework\\src\\Illuminate\\Console\\Application.php(94): Symfony\\Component\\Console\\Application->run(Object(Symfony\\Component\\Console\\Input\\ArgvInput), Object(Symfony\\Component\\Console\\Output\\ConsoleOutput))
#31 C:\\Users\\hp\\Documents\\ResumeLayout\\WebProject\\ums-app\\vendor\\laravel\\framework\\src\\Illuminate\\Foundation\\Console\\Kernel.php(129): Illuminate\\Console\\Application->run(Object(Symfony\\Component\\Console\\Input\\ArgvInput), Object(Symfony\\Component\\Console\\Output\\ConsoleOutput))
#32 C:\\Users\\hp\\Documents\\ResumeLayout\\WebProject\\ums-app\\artisan(37): Illuminate\\Foundation\\Console\\Kernel->handle(Object(Symfony\\Component\\Console\\Input\\ArgvInput), Object(Symfony\\Component\\Console\\Output\\ConsoleOutput))
#33 {main}
"} 
[2026-05-29 09:20:10] testing.ERROR: Internal boom {"exception":"[object] (RuntimeException(code: 0): Internal boom at C:\\Users\\hp\\Documents\\ResumeLayout\\WebProject\\ums-app\\tests\\Feature\\ApiResponseAndExceptionHandlerTest.php:52)
[stacktrace]
#0 C:\\Users\\hp\\Documents\\ResumeLayout\\WebProject\\ums-app\\vendor\\laravel\\framework\\src\\Illuminate\\Routing\\Route.php(238): Tests\\Feature\\ApiResponseAndExceptionHandlerTest->Tests\\Feature\\{closure}()
#1 C:\\Users\\hp\\Documents\\ResumeLayout\\WebProject\\ums-app\\vendor\\laravel\\framework\\src\\Illuminate\\Routing\\Route.php(208): Illuminate\\Routing\\Route->runCallable()
#2 C:\\Users\\hp\\Documents\\ResumeLayout\\WebProject\\ums-app\\vendor\\laravel\\framework\\src\\Illuminate\\Routing\\Router.php(721): Illuminate\\Routing\\Route->run()
#3 C:\\Users\\hp\\Documents\\ResumeLayout\\WebProject\\ums-app\\vendor\\laravel\\framework\\src\\Illuminate\\Pipeline\\Pipeline.php(128): Illuminate\\Routing\\Router->Illuminate\\Routing\\{closure}(Object(Illuminate\\Http\\Request))
#4 C:\\Users\\hp\\Documents\\ResumeLayout\\WebProject\\ums-app\\vendor\\laravel\\framework\\src\\Illuminate\\Pipeline\\Pipeline.php(103): Illuminate\\Pipeline\\Pipeline->Illuminate\\Pipeline\\{closure}(Object(Illuminate\\Http\\Request))
#5 C:\\Users\\hp\\Documents\\ResumeLayout\\WebProject\\ums-app\\vendor\\laravel\\framework\\src\\Illuminate\\Routing\\Router.php(723): Illuminate\\Pipeline\\Pipeline->then(Object(Closure))
#6 C:\\Users\\hp\\Documents\\ResumeLayout\\WebProject\\ums-app\\vendor\\laravel\\framework\\src\\Illuminate\\Routing\\Router.php(698): Illuminate\\Routing\\Router->runRouteWithinStack(Object(Illuminate\\Routing\\Route), Object(Illuminate\\Http\\Request))
#7 C:\\Users\\hp\\Documents\\ResumeLayout\\WebProject\\ums-app\\vendor\\laravel\\framework\\src\\Illuminate\\Routing\\Router.php(662): Illuminate\\Routing\\Router->runRoute(Object(Illuminate\\Http\\Request), Object(Illuminate\\Routing\\Route))
#8 C:\\Users\\hp\\Documents\\ResumeLayout\\WebProject\\ums-app\\vendor\\laravel\\framework\\src\\Illuminate\\Routing\\Router.php(651): Illuminate\\Routing\\Router->dispatchToRoute(Object(Illuminate\\Http\\Request))
#9 C:\\Users\\hp\\Documents\\ResumeLayout\\WebProject\\ums-app\\vendor\\laravel\\framework\\src\\Illuminate\\Foundation\\Http\\Kernel.php(167): Illuminate\\Routing\\Router->dispatch(Object(Illuminate\\Http\\Request))
#10 C:\\Users\\hp\\Documents\\ResumeLayout\\WebProject\\ums-app\\vendor\\laravel\\framework\\src\\Illuminate\\Pipeline\\Pipeline.php(128): Illuminate\\Foundation\\Http\\Kernel->Illuminate\\Foundation\\Http\\{closure}(Object(Illuminate\\Http\\Request))
#11 C:\\Users\\hp\\Documents\\ResumeLayout\\WebProject\\ums-app\\vendor\\laravel\\framework\\src\\Illuminate\\Foundation\\Http\\Middleware\\TransformsRequest.php(21): Illuminate\\Pipeline\\Pipeline->Illuminate\\Pipeline\\{closure}(Object(Illuminate\\Http\\Request))
#12 C:\\Users\\hp\\Documents\\ResumeLayout\\WebProject\\ums-app\\vendor\\laravel\\framework\\src\\Illuminate\\Foundation\\Http\\Middleware\\ConvertEmptyStringsToNull.php(31): Illuminate\\Foundation\\Http\\Middleware\\TransformsRequest->handle(Object(Illuminate\\Http\\Request), Object(Closure))
#13 C:\\Users\\hp\\Documents\\ResumeLayout\\WebProject\\ums-app\\vendor\\laravel\\framework\\src\\Illuminate\\Pipeline\\Pipeline.php(167): Illuminate\\Foundation\\Http\\Middleware\\ConvertEmptyStringsToNull->handle(Object(Illuminate\\Http\\Request), Object(Closure))
#14 C:\\Users\\hp\\Documents\\ResumeLayout\\WebProject\\ums-app\\vendor\\laravel\\framework\\src\\Illuminate\\Foundation\\Http\\Middleware\\TransformsRequest.php(21): Illuminate\\Pipeline\\Pipeline->Illuminate\\Pipeline\\{closure}(Object(Illuminate\\Http\\Request))
#15 C:\\Users\\hp\\Documents\\ResumeLayout\\WebProject\\ums-app\\vendor\\laravel\\framework\\src\\Illuminate\\Foundation\\Http\\Middleware\\TrimStrings.php(40): Illuminate\\Foundation\\Http\\Middleware\\TransformsRequest->handle(Object(Illuminate\\Http\\Request), Object(Closure))
#16 C:\\Users\\hp\\Documents\\ResumeLayout\\WebProject\\ums-app\\vendor\\laravel\\framework\\src\\Illuminate\\Pipeline\\Pipeline.php(167): Illuminate\\Foundation\\Http\\Middleware\\TrimStrings->handle(Object(Illuminate\\Http\\Request), Object(Closure))
#17 C:\\Users\\hp\\Documents\\ResumeLayout\\WebProject\\ums-app\\vendor\\laravel\\framework\\src\\Illuminate\\Foundation\\Http\\Middleware\\ValidatePostSize.php(27): Illuminate\\Pipeline\\Pipeline->Illuminate\\Pipeline\\{closure}(Object(Illuminate\\Http\\Request))
#18 C:\\Users\\hp\\Documents\\ResumeLayout\\WebProject\\ums-app\\vendor\\laravel\\framework\\src\\Illuminate\\Pipeline\\Pipeline.php(167): Illuminate\\Foundation\\Http\\Middleware\\ValidatePostSize->handle(Object(Illuminate\\Http\\Request), Object(Closure))
#19 C:\\Users\\hp\\Documents\\ResumeLayout\\WebProject\\ums-app\\vendor\\laravel\\framework\\src\\Illuminate\\Foundation\\Http\\Middleware\\PreventRequestsDuringMaintenance.php(86): Illuminate\\Pipeline\\Pipeline->Illuminate\\Pipeline\\{closure}(Object(Illuminate\\Http\\Request))
#20 C:\\Users\\hp\\Documents\\ResumeLayout\\WebProject\\ums-app\\vendor\\laravel\\framework\\src\\Illuminate\\Pipeline\\Pipeline.php(167): Illuminate\\Foundation\\Http\\Middleware\\PreventRequestsDuringMaintenance->handle(Object(Illuminate\\Http\\Request), Object(Closure))
#21 C:\\Users\\hp\\Documents\\ResumeLayout\\WebProject\\ums-app\\vendor\\fruitcake\\laravel-cors\\src\\HandleCors.php(52): Illuminate\\Pipeline\\Pipeline->Illuminate\\Pipeline\\{closure}(Object(Illuminate\\Http\\Request))
#22 C:\\Users\\hp\\Documents\\ResumeLayout\\WebProject\\ums-app\\vendor\\laravel\\framework\\src\\Illuminate\\Pipeline\\Pipeline.php(167): Fruitcake\\Cors\\HandleCors->handle(Object(Illuminate\\Http\\Request), Object(Closure))
#23 C:\\Users\\hp\\Documents\\ResumeLayout\\WebProject\\ums-app\\vendor\\fideloper\\proxy\\src\\TrustProxies.php(57): Illuminate\\Pipeline\\Pipeline->Illuminate\\Pipeline\\{closure}(Object(Illuminate\\Http\\Request))
#24 C:\\Users\\hp\\Documents\\ResumeLayout\\WebProject\\ums-app\\vendor\\laravel\\framework\\src\\Illuminate\\Pipeline\\Pipeline.php(167): Fideloper\\Proxy\\TrustProxies->handle(Object(Illuminate\\Http\\Request), Object(Closure))
#25 C:\\Users\\hp\\Documents\\ResumeLayout\\WebProject\\ums-app\\vendor\\laravel\\framework\\src\\Illuminate\\Pipeline\\Pipeline.php(103): Illuminate\\Pipeline\\Pipeline->Illuminate\\Pipeline\\{closure}(Object(Illuminate\\Http\\Request))
#26 C:\\Users\\hp\\Documents\\ResumeLayout\\WebProject\\ums-app\\vendor\\laravel\\framework\\src\\Illuminate\\Foundation\\Http\\Kernel.php(142): Illuminate\\Pipeline\\Pipeline->then(Object(Closure))
#27 C:\\Users\\hp\\Documents\\ResumeLayout\\WebProject\\ums-app\\vendor\\laravel\\framework\\src\\Illuminate\\Foundation\\Http\\Kernel.php(111): Illuminate\\Foundation\\Http\\Kernel->sendRequestThroughRouter(Object(Illuminate\\Http\\Request))
#28 C:\\Users\\hp\\Documents\\ResumeLayout\\WebProject\\ums-app\\vendor\\laravel\\framework\\src\\Illuminate\\Foundation\\Testing\\Concerns\\MakesHttpRequests.php(510): Illuminate\\Foundation\\Http\\Kernel->handle(Object(Illuminate\\Http\\Request))
#29 C:\\Users\\hp\\Documents\\ResumeLayout\\WebProject\\ums-app\\vendor\\laravel\\framework\\src\\Illuminate\\Foundation\\Testing\\Concerns\\MakesHttpRequests.php(476): Illuminate\\Foundation\\Testing\\TestCase->call('GET', '/api/test/unhan...', Array, Array, Array, Array, '[]')
#30 C:\\Users\\hp\\Documents\\ResumeLayout\\WebProject\\ums-app\\vendor\\laravel\\framework\\src\\Illuminate\\Foundation\\Testing\\Concerns\\MakesHttpRequests.php(306): Illuminate\\Foundation\\Testing\\TestCase->json('GET', '/api/test/unhan...', Array, Array)
#31 C:\\Users\\hp\\Documents\\ResumeLayout\\WebProject\\ums-app\\tests\\Feature\\ApiResponseAndExceptionHandlerTest.php(173): Illuminate\\Foundation\\Testing\\TestCase->getJson('/api/test/unhan...')
#32 C:\\Users\\hp\\Documents\\ResumeLayout\\WebProject\\ums-app\\vendor\\phpunit\\phpunit\\src\\Framework\\TestCase.php(1617): Tests\\Feature\\ApiResponseAndExceptionHandlerTest->unhandled_exception_returns_500_with_generic_message()
#33 C:\\Users\\hp\\Documents\\ResumeLayout\\WebProject\\ums-app\\vendor\\phpunit\\phpunit\\src\\Framework\\TestCase.php(1223): PHPUnit\\Framework\\TestCase->runTest()
#34 C:\\Users\\hp\\Documents\\ResumeLayout\\WebProject\\ums-app\\vendor\\phpunit\\phpunit\\src\\Framework\\TestResult.php(729): PHPUnit\\Framework\\TestCase->runBare()
#35 C:\\Users\\hp\\Documents\\ResumeLayout\\WebProject\\ums-app\\vendor\\phpunit\\phpunit\\src\\Framework\\TestCase.php(973): PHPUnit\\Framework\\TestResult->run(Object(Tests\\Feature\\ApiResponseAndExceptionHandlerTest))
#36 C:\\Users\\hp\\Documents\\ResumeLayout\\WebProject\\ums-app\\vendor\\phpunit\\phpunit\\src\\Framework\\TestSuite.php(685): PHPUnit\\Framework\\TestCase->run(Object(PHPUnit\\Framework\\TestResult))
#37 C:\\Users\\hp\\Documents\\ResumeLayout\\WebProject\\ums-app\\vendor\\phpunit\\phpunit\\src\\Framework\\TestSuite.php(685): PHPUnit\\Framework\\TestSuite->run(Object(PHPUnit\\Framework\\TestResult))
#38 C:\\Users\\hp\\Documents\\ResumeLayout\\WebProject\\ums-app\\vendor\\phpunit\\phpunit\\src\\TextUI\\TestRunner.php(651): PHPUnit\\Framework\\TestSuite->run(Object(PHPUnit\\Framework\\TestResult))
#39 C:\\Users\\hp\\Documents\\ResumeLayout\\WebProject\\ums-app\\vendor\\phpunit\\phpunit\\src\\TextUI\\Command.php(146): PHPUnit\\TextUI\\TestRunner->run(Object(PHPUnit\\Framework\\TestSuite), Array, Array, true)
#40 C:\\Users\\hp\\Documents\\ResumeLayout\\WebProject\\ums-app\\vendor\\phpunit\\phpunit\\src\\TextUI\\Command.php(99): PHPUnit\\TextUI\\Command->run(Array, true)
#41 C:\\Users\\hp\\Documents\\ResumeLayout\\WebProject\\ums-app\\vendor\\phpunit\\phpunit\\phpunit(107): PHPUnit\\TextUI\\Command::main()
#42 {main}
"} 
[2026-05-29 09:20:10] testing.ERROR: Internal boom {"exception":"[object] (RuntimeException(code: 0): Internal boom at C:\\Users\\hp\\Documents\\ResumeLayout\\WebProject\\ums-app\\tests\\Feature\\ApiResponseAndExceptionHandlerTest.php:52)
[stacktrace]
#0 C:\\Users\\hp\\Documents\\ResumeLayout\\WebProject\\ums-app\\vendor\\laravel\\framework\\src\\Illuminate\\Routing\\Route.php(238): Tests\\Feature\\ApiResponseAndExceptionHandlerTest->Tests\\Feature\\{closure}()
#1 C:\\Users\\hp\\Documents\\ResumeLayout\\WebProject\\ums-app\\vendor\\laravel\\framework\\src\\Illuminate\\Routing\\Route.php(208): Illuminate\\Routing\\Route->runCallable()
#2 C:\\Users\\hp\\Documents\\ResumeLayout\\WebProject\\ums-app\\vendor\\laravel\\framework\\src\\Illuminate\\Routing\\Router.php(721): Illuminate\\Routing\\Route->run()
#3 C:\\Users\\hp\\Documents\\ResumeLayout\\WebProject\\ums-app\\vendor\\laravel\\framework\\src\\Illuminate\\Pipeline\\Pipeline.php(128): Illuminate\\Routing\\Router->Illuminate\\Routing\\{closure}(Object(Illuminate\\Http\\Request))
#4 C:\\Users\\hp\\Documents\\ResumeLayout\\WebProject\\ums-app\\vendor\\laravel\\framework\\src\\Illuminate\\Pipeline\\Pipeline.php(103): Illuminate\\Pipeline\\Pipeline->Illuminate\\Pipeline\\{closure}(Object(Illuminate\\Http\\Request))
#5 C:\\Users\\hp\\Documents\\ResumeLayout\\WebProject\\ums-app\\vendor\\laravel\\framework\\src\\Illuminate\\Routing\\Router.php(723): Illuminate\\Pipeline\\Pipeline->then(Object(Closure))
#6 C:\\Users\\hp\\Documents\\ResumeLayout\\WebProject\\ums-app\\vendor\\laravel\\framework\\src\\Illuminate\\Routing\\Router.php(698): Illuminate\\Routing\\Router->runRouteWithinStack(Object(Illuminate\\Routing\\Route), Object(Illuminate\\Http\\Request))
#7 C:\\Users\\hp\\Documents\\ResumeLayout\\WebProject\\ums-app\\vendor\\laravel\\framework\\src\\Illuminate\\Routing\\Router.php(662): Illuminate\\Routing\\Router->runRoute(Object(Illuminate\\Http\\Request), Object(Illuminate\\Routing\\Route))
#8 C:\\Users\\hp\\Documents\\ResumeLayout\\WebProject\\ums-app\\vendor\\laravel\\framework\\src\\Illuminate\\Routing\\Router.php(651): Illuminate\\Routing\\Router->dispatchToRoute(Object(Illuminate\\Http\\Request))
#9 C:\\Users\\hp\\Documents\\ResumeLayout\\WebProject\\ums-app\\vendor\\laravel\\framework\\src\\Illuminate\\Foundation\\Http\\Kernel.php(167): Illuminate\\Routing\\Router->dispatch(Object(Illuminate\\Http\\Request))
#10 C:\\Users\\hp\\Documents\\ResumeLayout\\WebProject\\ums-app\\vendor\\laravel\\framework\\src\\Illuminate\\Pipeline\\Pipeline.php(128): Illuminate\\Foundation\\Http\\Kernel->Illuminate\\Foundation\\Http\\{closure}(Object(Illuminate\\Http\\Request))
#11 C:\\Users\\hp\\Documents\\ResumeLayout\\WebProject\\ums-app\\vendor\\laravel\\framework\\src\\Illuminate\\Foundation\\Http\\Middleware\\TransformsRequest.php(21): Illuminate\\Pipeline\\Pipeline->Illuminate\\Pipeline\\{closure}(Object(Illuminate\\Http\\Request))
#12 C:\\Users\\hp\\Documents\\ResumeLayout\\WebProject\\ums-app\\vendor\\laravel\\framework\\src\\Illuminate\\Foundation\\Http\\Middleware\\ConvertEmptyStringsToNull.php(31): Illuminate\\Foundation\\Http\\Middleware\\TransformsRequest->handle(Object(Illuminate\\Http\\Request), Object(Closure))
#13 C:\\Users\\hp\\Documents\\ResumeLayout\\WebProject\\ums-app\\vendor\\laravel\\framework\\src\\Illuminate\\Pipeline\\Pipeline.php(167): Illuminate\\Foundation\\Http\\Middleware\\ConvertEmptyStringsToNull->handle(Object(Illuminate\\Http\\Request), Object(Closure))
#14 C:\\Users\\hp\\Documents\\ResumeLayout\\WebProject\\ums-app\\vendor\\laravel\\framework\\src\\Illuminate\\Foundation\\Http\\Middleware\\TransformsRequest.php(21): Illuminate\\Pipeline\\Pipeline->Illuminate\\Pipeline\\{closure}(Object(Illuminate\\Http\\Request))
#15 C:\\Users\\hp\\Documents\\ResumeLayout\\WebProject\\ums-app\\vendor\\laravel\\framework\\src\\Illuminate\\Foundation\\Http\\Middleware\\TrimStrings.php(40): Illuminate\\Foundation\\Http\\Middleware\\TransformsRequest->handle(Object(Illuminate\\Http\\Request), Object(Closure))
#16 C:\\Users\\hp\\Documents\\ResumeLayout\\WebProject\\ums-app\\vendor\\laravel\\framework\\src\\Illuminate\\Pipeline\\Pipeline.php(167): Illuminate\\Foundation\\Http\\Middleware\\TrimStrings->handle(Object(Illuminate\\Http\\Request), Object(Closure))
#17 C:\\Users\\hp\\Documents\\ResumeLayout\\WebProject\\ums-app\\vendor\\laravel\\framework\\src\\Illuminate\\Foundation\\Http\\Middleware\\ValidatePostSize.php(27): Illuminate\\Pipeline\\Pipeline->Illuminate\\Pipeline\\{closure}(Object(Illuminate\\Http\\Request))
#18 C:\\Users\\hp\\Documents\\ResumeLayout\\WebProject\\ums-app\\vendor\\laravel\\framework\\src\\Illuminate\\Pipeline\\Pipeline.php(167): Illuminate\\Foundation\\Http\\Middleware\\ValidatePostSize->handle(Object(Illuminate\\Http\\Request), Object(Closure))
#19 C:\\Users\\hp\\Documents\\ResumeLayout\\WebProject\\ums-app\\vendor\\laravel\\framework\\src\\Illuminate\\Foundation\\Http\\Middleware\\PreventRequestsDuringMaintenance.php(86): Illuminate\\Pipeline\\Pipeline->Illuminate\\Pipeline\\{closure}(Object(Illuminate\\Http\\Request))
#20 C:\\Users\\hp\\Documents\\ResumeLayout\\WebProject\\ums-app\\vendor\\laravel\\framework\\src\\Illuminate\\Pipeline\\Pipeline.php(167): Illuminate\\Foundation\\Http\\Middleware\\PreventRequestsDuringMaintenance->handle(Object(Illuminate\\Http\\Request), Object(Closure))
#21 C:\\Users\\hp\\Documents\\ResumeLayout\\WebProject\\ums-app\\vendor\\fruitcake\\laravel-cors\\src\\HandleCors.php(52): Illuminate\\Pipeline\\Pipeline->Illuminate\\Pipeline\\{closure}(Object(Illuminate\\Http\\Request))
#22 C:\\Users\\hp\\Documents\\ResumeLayout\\WebProject\\ums-app\\vendor\\laravel\\framework\\src\\Illuminate\\Pipeline\\Pipeline.php(167): Fruitcake\\Cors\\HandleCors->handle(Object(Illuminate\\Http\\Request), Object(Closure))
#23 C:\\Users\\hp\\Documents\\ResumeLayout\\WebProject\\ums-app\\vendor\\fideloper\\proxy\\src\\TrustProxies.php(57): Illuminate\\Pipeline\\Pipeline->Illuminate\\Pipeline\\{closure}(Object(Illuminate\\Http\\Request))
#24 C:\\Users\\hp\\Documents\\ResumeLayout\\WebProject\\ums-app\\vendor\\laravel\\framework\\src\\Illuminate\\Pipeline\\Pipeline.php(167): Fideloper\\Proxy\\TrustProxies->handle(Object(Illuminate\\Http\\Request), Object(Closure))
#25 C:\\Users\\hp\\Documents\\ResumeLayout\\WebProject\\ums-app\\vendor\\laravel\\framework\\src\\Illuminate\\Pipeline\\Pipeline.php(103): Illuminate\\Pipeline\\Pipeline->Illuminate\\Pipeline\\{closure}(Object(Illuminate\\Http\\Request))
#26 C:\\Users\\hp\\Documents\\ResumeLayout\\WebProject\\ums-app\\vendor\\laravel\\framework\\src\\Illuminate\\Foundation\\Http\\Kernel.php(142): Illuminate\\Pipeline\\Pipeline->then(Object(Closure))
#27 C:\\Users\\hp\\Documents\\ResumeLayout\\WebProject\\ums-app\\vendor\\laravel\\framework\\src\\Illuminate\\Foundation\\Http\\Kernel.php(111): Illuminate\\Foundation\\Http\\Kernel->sendRequestThroughRouter(Object(Illuminate\\Http\\Request))
#28 C:\\Users\\hp\\Documents\\ResumeLayout\\WebProject\\ums-app\\vendor\\laravel\\framework\\src\\Illuminate\\Foundation\\Testing\\Concerns\\MakesHttpRequests.php(510): Illuminate\\Foundation\\Http\\Kernel->handle(Object(Illuminate\\Http\\Request))
#29 C:\\Users\\hp\\Documents\\ResumeLayout\\WebProject\\ums-app\\vendor\\laravel\\framework\\src\\Illuminate\\Foundation\\Testing\\Concerns\\MakesHttpRequests.php(476): Illuminate\\Foundation\\Testing\\TestCase->call('GET', '/api/test/unhan...', Array, Array, Array, Array, '[]')
#30 C:\\Users\\hp\\Documents\\ResumeLayout\\WebProject\\ums-app\\vendor\\laravel\\framework\\src\\Illuminate\\Foundation\\Testing\\Concerns\\MakesHttpRequests.php(306): Illuminate\\Foundation\\Testing\\TestCase->json('GET', '/api/test/unhan...', Array, Array)
#31 C:\\Users\\hp\\Documents\\ResumeLayout\\WebProject\\ums-app\\tests\\Feature\\ApiResponseAndExceptionHandlerTest.php(185): Illuminate\\Foundation\\Testing\\TestCase->getJson('/api/test/unhan...')
#32 C:\\Users\\hp\\Documents\\ResumeLayout\\WebProject\\ums-app\\vendor\\phpunit\\phpunit\\src\\Framework\\TestCase.php(1617): Tests\\Feature\\ApiResponseAndExceptionHandlerTest->unhandled_exception_response_does_not_expose_stack_trace()
#33 C:\\Users\\hp\\Documents\\ResumeLayout\\WebProject\\ums-app\\vendor\\phpunit\\phpunit\\src\\Framework\\TestCase.php(1223): PHPUnit\\Framework\\TestCase->runTest()
#34 C:\\Users\\hp\\Documents\\ResumeLayout\\WebProject\\ums-app\\vendor\\phpunit\\phpunit\\src\\Framework\\TestResult.php(729): PHPUnit\\Framework\\TestCase->runBare()
#35 C:\\Users\\hp\\Documents\\ResumeLayout\\WebProject\\ums-app\\vendor\\phpunit\\phpunit\\src\\Framework\\TestCase.php(973): PHPUnit\\Framework\\TestResult->run(Object(Tests\\Feature\\ApiResponseAndExceptionHandlerTest))
#36 C:\\Users\\hp\\Documents\\ResumeLayout\\WebProject\\ums-app\\vendor\\phpunit\\phpunit\\src\\Framework\\TestSuite.php(685): PHPUnit\\Framework\\TestCase->run(Object(PHPUnit\\Framework\\TestResult))
#37 C:\\Users\\hp\\Documents\\ResumeLayout\\WebProject\\ums-app\\vendor\\phpunit\\phpunit\\src\\Framework\\TestSuite.php(685): PHPUnit\\Framework\\TestSuite->run(Object(PHPUnit\\Framework\\TestResult))
#38 C:\\Users\\hp\\Documents\\ResumeLayout\\WebProject\\ums-app\\vendor\\phpunit\\phpunit\\src\\TextUI\\TestRunner.php(651): PHPUnit\\Framework\\TestSuite->run(Object(PHPUnit\\Framework\\TestResult))
#39 C:\\Users\\hp\\Documents\\ResumeLayout\\WebProject\\ums-app\\vendor\\phpunit\\phpunit\\src\\TextUI\\Command.php(146): PHPUnit\\TextUI\\TestRunner->run(Object(PHPUnit\\Framework\\TestSuite), Array, Array, true)
#40 C:\\Users\\hp\\Documents\\ResumeLayout\\WebProject\\ums-app\\vendor\\phpunit\\phpunit\\src\\TextUI\\Command.php(99): PHPUnit\\TextUI\\Command->run(Array, true)
#41 C:\\Users\\hp\\Documents\\ResumeLayout\\WebProject\\ums-app\\vendor\\phpunit\\phpunit\\phpunit(107): PHPUnit\\TextUI\\Command::main()
#42 {main}
"} 
[2026-05-29 13:29:28] testing.ERROR: Target class [App\Services\AttendanceService] does not exist. {"exception":"[object] (Illuminate\\Contracts\\Container\\BindingResolutionException(code: 0): Target class [App\\Services\\AttendanceService] does not exist. at C:\\Users\\hp\\Documents\\ResumeLayout\\WebProject\\ums-app\\vendor\\laravel\\framework\\src\\Illuminate\\Container\\Container.php:879)
[stacktrace]
#0 C:\\Users\\hp\\Documents\\ResumeLayout\\WebProject\\ums-app\\vendor\\laravel\\framework\\src\\Illuminate\\Container\\Container.php(758): Illuminate\\Container\\Container->build('App\\\\Services\\\\At...')
#1 C:\\Users\\hp\\Documents\\ResumeLayout\\WebProject\\ums-app\\vendor\\laravel\\framework\\src\\Illuminate\\Foundation\\Application.php(853): Illuminate\\Container\\Container->resolve('App\\\\Services\\\\At...', Array, false)
#2 C:\\Users\\hp\\Documents\\ResumeLayout\\WebProject\\ums-app\\vendor\\laravel\\framework\\src\\Illuminate\\Container\\Container.php(296): Illuminate\\Foundation\\Application->resolve('App\\\\Services\\\\At...', Array, false)
#3 C:\\Users\\hp\\Documents\\ResumeLayout\\WebProject\\ums-app\\vendor\\laravel\\framework\\src\\Illuminate\\Container\\Container.php(873): Illuminate\\Container\\Container->Illuminate\\Container\\{closure}(Object(Illuminate\\Foundation\\Application), Array)
#4 C:\\Users\\hp\\Documents\\ResumeLayout\\WebProject\\ums-app\\vendor\\laravel\\framework\\src\\Illuminate\\Container\\Container.php(758): Illuminate\\Container\\Container->build(Object(Closure))
#5 C:\\Users\\hp\\Documents\\ResumeLayout\\WebProject\\ums-app\\vendor\\laravel\\framework\\src\\Illuminate\\Foundation\\Application.php(853): Illuminate\\Container\\Container->resolve('App\\\\Services\\\\At...', Array, true)
#6 C:\\Users\\hp\\Documents\\ResumeLayout\\WebProject\\ums-app\\vendor\\laravel\\framework\\src\\Illuminate\\Container\\Container.php(694): Illuminate\\Foundation\\Application->resolve('App\\\\Services\\\\At...', Array)
#7 C:\\Users\\hp\\Documents\\ResumeLayout\\WebProject\\ums-app\\vendor\\laravel\\framework\\src\\Illuminate\\Foundation\\Application.php(838): Illuminate\\Container\\Container->make('App\\\\Services\\\\At...', Array)
#8 C:\\Users\\hp\\Documents\\ResumeLayout\\WebProject\\ums-app\\vendor\\laravel\\framework\\src\\Illuminate\\Container\\Container.php(1027): Illuminate\\Foundation\\Application->make('App\\\\Services\\\\At...')
#9 C:\\Users\\hp\\Documents\\ResumeLayout\\WebProject\\ums-app\\vendor\\laravel\\framework\\src\\Illuminate\\Container\\Container.php(947): Illuminate\\Container\\Container->resolveClass(Object(ReflectionParameter))
#10 C:\\Users\\hp\\Documents\\ResumeLayout\\WebProject\\ums-app\\vendor\\laravel\\framework\\src\\Illuminate\\Container\\Container.php(908): Illuminate\\Container\\Container->resolveDependencies(Array)
#11 C:\\Users\\hp\\Documents\\ResumeLayout\\WebProject\\ums-app\\vendor\\laravel\\framework\\src\\Illuminate\\Container\\Container.php(758): Illuminate\\Container\\Container->build('App\\\\Http\\\\Contro...')
#12 C:\\Users\\hp\\Documents\\ResumeLayout\\WebProject\\ums-app\\vendor\\laravel\\framework\\src\\Illuminate\\Foundation\\Application.php(853): Illuminate\\Container\\Container->resolve('App\\\\Http\\\\Contro...', Array, true)
#13 C:\\Users\\hp\\Documents\\ResumeLayout\\WebProject\\ums-app\\vendor\\laravel\\framework\\src\\Illuminate\\Container\\Container.php(694): Illuminate\\Foundation\\Application->resolve('App\\\\Http\\\\Contro...', Array)
#14 C:\\Users\\hp\\Documents\\ResumeLayout\\WebProject\\ums-app\\vendor\\laravel\\framework\\src\\Illuminate\\Foundation\\Application.php(838): Illuminate\\Container\\Container->make('App\\\\Http\\\\Contro...', Array)
#15 C:\\Users\\hp\\Documents\\ResumeLayout\\WebProject\\ums-app\\vendor\\laravel\\framework\\src\\Illuminate\\Routing\\Route.php(276): Illuminate\\Foundation\\Application->make('App\\\\Http\\\\Contro...')
#16 C:\\Users\\hp\\Documents\\ResumeLayout\\WebProject\\ums-app\\vendor\\laravel\\framework\\src\\Illuminate\\Routing\\Route.php(1080): Illuminate\\Routing\\Route->getController()
#17 C:\\Users\\hp\\Documents\\ResumeLayout\\WebProject\\ums-app\\vendor\\laravel\\framework\\src\\Illuminate\\Routing\\Route.php(1023): Illuminate\\Routing\\Route->controllerMiddleware()
#18 C:\\Users\\hp\\Documents\\ResumeLayout\\WebProject\\ums-app\\vendor\\laravel\\framework\\src\\Illuminate\\Routing\\Router.php(734): Illuminate\\Routing\\Route->gatherMiddleware()
#19 C:\\Users\\hp\\Documents\\ResumeLayout\\WebProject\\ums-app\\vendor\\laravel\\framework\\src\\Illuminate\\Routing\\Router.php(714): Illuminate\\Routing\\Router->gatherRouteMiddleware(Object(Illuminate\\Routing\\Route))
#20 C:\\Users\\hp\\Documents\\ResumeLayout\\WebProject\\ums-app\\vendor\\laravel\\framework\\src\\Illuminate\\Routing\\Router.php(698): Illuminate\\Routing\\Router->runRouteWithinStack(Object(Illuminate\\Routing\\Route), Object(Illuminate\\Http\\Request))
#21 C:\\Users\\hp\\Documents\\ResumeLayout\\WebProject\\ums-app\\vendor\\laravel\\framework\\src\\Illuminate\\Routing\\Router.php(662): Illuminate\\Routing\\Router->runRoute(Object(Illuminate\\Http\\Request), Object(Illuminate\\Routing\\Route))
#22 C:\\Users\\hp\\Documents\\ResumeLayout\\WebProject\\ums-app\\vendor\\laravel\\framework\\src\\Illuminate\\Routing\\Router.php(651): Illuminate\\Routing\\Router->dispatchToRoute(Object(Illuminate\\Http\\Request))
#23 C:\\Users\\hp\\Documents\\ResumeLayout\\WebProject\\ums-app\\vendor\\laravel\\framework\\src\\Illuminate\\Foundation\\Http\\Kernel.php(167): Illuminate\\Routing\\Router->dispatch(Object(Illuminate\\Http\\Request))
#24 C:\\Users\\hp\\Documents\\ResumeLayout\\WebProject\\ums-app\\vendor\\laravel\\framework\\src\\Illuminate\\Pipeline\\Pipeline.php(128): Illuminate\\Foundation\\Http\\Kernel->Illuminate\\Foundation\\Http\\{closure}(Object(Illuminate\\Http\\Request))
#25 C:\\Users\\hp\\Documents\\ResumeLayout\\WebProject\\ums-app\\vendor\\laravel\\framework\\src\\Illuminate\\Foundation\\Http\\Middleware\\TransformsRequest.php(21): Illuminate\\Pipeline\\Pipeline->Illuminate\\Pipeline\\{closure}(Object(Illuminate\\Http\\Request))
#26 C:\\Users\\hp\\Documents\\ResumeLayout\\WebProject\\ums-app\\vendor\\laravel\\framework\\src\\Illuminate\\Foundation\\Http\\Middleware\\ConvertEmptyStringsToNull.php(31): Illuminate\\Foundation\\Http\\Middleware\\TransformsRequest->handle(Object(Illuminate\\Http\\Request), Object(Closure))
#27 C:\\Users\\hp\\Documents\\ResumeLayout\\WebProject\\ums-app\\vendor\\laravel\\framework\\src\\Illuminate\\Pipeline\\Pipeline.php(167): Illuminate\\Foundation\\Http\\Middleware\\ConvertEmptyStringsToNull->handle(Object(Illuminate\\Http\\Request), Object(Closure))
#28 C:\\Users\\hp\\Documents\\ResumeLayout\\WebProject\\ums-app\\vendor\\laravel\\framework\\src\\Illuminate\\Foundation\\Http\\Middleware\\TransformsRequest.php(21): Illuminate\\Pipeline\\Pipeline->Illuminate\\Pipeline\\{closure}(Object(Illuminate\\Http\\Request))
#29 C:\\Users\\hp\\Documents\\ResumeLayout\\WebProject\\ums-app\\vendor\\laravel\\framework\\src\\Illuminate\\Foundation\\Http\\Middleware\\TrimStrings.php(40): Illuminate\\Foundation\\Http\\Middleware\\TransformsRequest->handle(Object(Illuminate\\Http\\Request), Object(Closure))
#30 C:\\Users\\hp\\Documents\\ResumeLayout\\WebProject\\ums-app\\vendor\\laravel\\framework\\src\\Illuminate\\Pipeline\\Pipeline.php(167): Illuminate\\Foundation\\Http\\Middleware\\TrimStrings->handle(Object(Illuminate\\Http\\Request), Object(Closure))
#31 C:\\Users\\hp\\Documents\\ResumeLayout\\WebProject\\ums-app\\vendor\\laravel\\framework\\src\\Illuminate\\Foundation\\Http\\Middleware\\ValidatePostSize.php(27): Illuminate\\Pipeline\\Pipeline->Illuminate\\Pipeline\\{closure}(Object(Illuminate\\Http\\Request))
#32 C:\\Users\\hp\\Documents\\ResumeLayout\\WebProject\\ums-app\\vendor\\laravel\\framework\\src\\Illuminate\\Pipeline\\Pipeline.php(167): Illuminate\\Foundation\\Http\\Middleware\\ValidatePostSize->handle(Object(Illuminate\\Http\\Request), Object(Closure))
#33 C:\\Users\\hp\\Documents\\ResumeLayout\\WebProject\\ums-app\\vendor\\laravel\\framework\\src\\Illuminate\\Foundation\\Http\\Middleware\\PreventRequestsDuringMaintenance.php(86): Illuminate\\Pipeline\\Pipeline->Illuminate\\Pipeline\\{closure}(Object(Illuminate\\Http\\Request))
#34 C:\\Users\\hp\\Documents\\ResumeLayout\\WebProject\\ums-app\\vendor\\laravel\\framework\\src\\Illuminate\\Pipeline\\Pipeline.php(167): Illuminate\\Foundation\\Http\\Middleware\\PreventRequestsDuringMaintenance->handle(Object(Illuminate\\Http\\Request), Object(Closure))
#35 C:\\Users\\hp\\Documents\\ResumeLayout\\WebProject\\ums-app\\vendor\\fruitcake\\laravel-cors\\src\\HandleCors.php(52): Illuminate\\Pipeline\\Pipeline->Illuminate\\Pipeline\\{closure}(Object(Illuminate\\Http\\Request))
#36 C:\\Users\\hp\\Documents\\ResumeLayout\\WebProject\\ums-app\\vendor\\laravel\\framework\\src\\Illuminate\\Pipeline\\Pipeline.php(167): Fruitcake\\Cors\\HandleCors->handle(Object(Illuminate\\Http\\Request), Object(Closure))
#37 C:\\Users\\hp\\Documents\\ResumeLayout\\WebProject\\ums-app\\vendor\\fideloper\\proxy\\src\\TrustProxies.php(57): Illuminate\\Pipeline\\Pipeline->Illuminate\\Pipeline\\{closure}(Object(Illuminate\\Http\\Request))
#38 C:\\Users\\hp\\Documents\\ResumeLayout\\WebProject\\ums-app\\vendor\\laravel\\framework\\src\\Illuminate\\Pipeline\\Pipeline.php(167): Fideloper\\Proxy\\TrustProxies->handle(Object(Illuminate\\Http\\Request), Object(Closure))
#39 C:\\Users\\hp\\Documents\\ResumeLayout\\WebProject\\ums-app\\vendor\\laravel\\framework\\src\\Illuminate\\Pipeline\\Pipeline.php(103): Illuminate\\Pipeline\\Pipeline->Illuminate\\Pipeline\\{closure}(Object(Illuminate\\Http\\Request))
#40 C:\\Users\\hp\\Documents\\ResumeLayout\\WebProject\\ums-app\\vendor\\laravel\\framework\\src\\Illuminate\\Foundation\\Http\\Kernel.php(142): Illuminate\\Pipeline\\Pipeline->then(Object(Closure))
#41 C:\\Users\\hp\\Documents\\ResumeLayout\\WebProject\\ums-app\\vendor\\laravel\\framework\\src\\Illuminate\\Foundation\\Http\\Kernel.php(111): Illuminate\\Foundation\\Http\\Kernel->sendRequestThroughRouter(Object(Illuminate\\Http\\Request))
#42 C:\\Users\\hp\\Documents\\ResumeLayout\\WebProject\\ums-app\\vendor\\laravel\\framework\\src\\Illuminate\\Foundation\\Testing\\Concerns\\MakesHttpRequests.php(510): Illuminate\\Foundation\\Http\\Kernel->handle(Object(Illuminate\\Http\\Request))
#43 C:\\Users\\hp\\Documents\\ResumeLayout\\WebProject\\ums-app\\vendor\\laravel\\framework\\src\\Illuminate\\Foundation\\Testing\\Concerns\\MakesHttpRequests.php(476): Illuminate\\Foundation\\Testing\\TestCase->call('POST', '/api/attendance', Array, Array, Array, Array, '[]')
#44 C:\\Users\\hp\\Documents\\ResumeLayout\\WebProject\\ums-app\\tests\\Feature\\Auth\\InsufficientRolePropertyTest.php(167): Illuminate\\Foundation\\Testing\\TestCase->json('POST', '/api/attendance', Array)
#45 C:\\Users\\hp\\Documents\\ResumeLayout\\WebProject\\ums-app\\vendor\\phpunit\\phpunit\\src\\Framework\\TestCase.php(1617): Tests\\Feature\\Auth\\InsufficientRolePropertyTest->student_accessing_admin_teacher_endpoint_returns_403()
#46 C:\\Users\\hp\\Documents\\ResumeLayout\\WebProject\\ums-app\\vendor\\phpunit\\phpunit\\src\\Framework\\TestCase.php(1223): PHPUnit\\Framework\\TestCase->runTest()
#47 C:\\Users\\hp\\Documents\\ResumeLayout\\WebProject\\ums-app\\vendor\\phpunit\\phpunit\\src\\Framework\\TestResult.php(729): PHPUnit\\Framework\\TestCase->runBare()
#48 C:\\Users\\hp\\Documents\\ResumeLayout\\WebProject\\ums-app\\vendor\\phpunit\\phpunit\\src\\Framework\\TestCase.php(973): PHPUnit\\Framework\\TestResult->run(Object(Tests\\Feature\\Auth\\InsufficientRolePropertyTest))
#49 C:\\Users\\hp\\Documents\\ResumeLayout\\WebProject\\ums-app\\vendor\\phpunit\\phpunit\\src\\Framework\\TestSuite.php(685): PHPUnit\\Framework\\TestCase->run(Object(PHPUnit\\Framework\\TestResult))
#50 C:\\Users\\hp\\Documents\\ResumeLayout\\WebProject\\ums-app\\vendor\\phpunit\\phpunit\\src\\Framework\\TestSuite.php(685): PHPUnit\\Framework\\TestSuite->run(Object(PHPUnit\\Framework\\TestResult))
#51 C:\\Users\\hp\\Documents\\ResumeLayout\\WebProject\\ums-app\\vendor\\phpunit\\phpunit\\src\\TextUI\\TestRunner.php(651): PHPUnit\\Framework\\TestSuite->run(Object(PHPUnit\\Framework\\TestResult))
#52 C:\\Users\\hp\\Documents\\ResumeLayout\\WebProject\\ums-app\\vendor\\phpunit\\phpunit\\src\\TextUI\\Command.php(146): PHPUnit\\TextUI\\TestRunner->run(Object(PHPUnit\\Framework\\TestSuite), Array, Array, true)
#53 C:\\Users\\hp\\Documents\\ResumeLayout\\WebProject\\ums-app\\vendor\\phpunit\\phpunit\\src\\TextUI\\Command.php(99): PHPUnit\\TextUI\\Command->run(Array, true)
#54 C:\\Users\\hp\\Documents\\ResumeLayout\\WebProject\\ums-app\\vendor\\phpunit\\phpunit\\phpunit(107): PHPUnit\\TextUI\\Command::main()
#55 {main}

[previous exception] [object] (ReflectionException(code: -1): Class \"App\\Services\\AttendanceService\" does not exist at C:\\Users\\hp\\Documents\\ResumeLayout\\WebProject\\ums-app\\vendor\\laravel\\framework\\src\\Illuminate\\Container\\Container.php:877)
[stacktrace]
#0 C:\\Users\\hp\\Documents\\ResumeLayout\\WebProject\\ums-app\\vendor\\laravel\\framework\\src\\Illuminate\\Container\\Container.php(877): ReflectionClass->__construct('App\\\\Services\\\\At...')
#1 C:\\Users\\hp\\Documents\\ResumeLayout\\WebProject\\ums-app\\vendor\\laravel\\framework\\src\\Illuminate\\Container\\Container.php(758): Illuminate\\Container\\Container->build('App\\\\Services\\\\At...')
#2 C:\\Users\\hp\\Documents\\ResumeLayout\\WebProject\\ums-app\\vendor\\laravel\\framework\\src\\Illuminate\\Foundation\\Application.php(853): Illuminate\\Container\\Container->resolve('App\\\\Services\\\\At...', Array, false)
#3 C:\\Users\\hp\\Documents\\ResumeLayout\\WebProject\\ums-app\\vendor\\laravel\\framework\\src\\Illuminate\\Container\\Container.php(296): Illuminate\\Foundation\\Application->resolve('App\\\\Services\\\\At...', Array, false)
#4 C:\\Users\\hp\\Documents\\ResumeLayout\\WebProject\\ums-app\\vendor\\laravel\\framework\\src\\Illuminate\\Container\\Container.php(873): Illuminate\\Container\\Container->Illuminate\\Container\\{closure}(Object(Illuminate\\Foundation\\Application), Array)
#5 C:\\Users\\hp\\Documents\\ResumeLayout\\WebProject\\ums-app\\vendor\\laravel\\framework\\src\\Illuminate\\Container\\Container.php(758): Illuminate\\Container\\Container->build(Object(Closure))
#6 C:\\Users\\hp\\Documents\\ResumeLayout\\WebProject\\ums-app\\vendor\\laravel\\framework\\src\\Illuminate\\Foundation\\Application.php(853): Illuminate\\Container\\Container->resolve('App\\\\Services\\\\At...', Array, true)
#7 C:\\Users\\hp\\Documents\\ResumeLayout\\WebProject\\ums-app\\vendor\\laravel\\framework\\src\\Illuminate\\Container\\Container.php(694): Illuminate\\Foundation\\Application->resolve('App\\\\Services\\\\At...', Array)
#8 C:\\Users\\hp\\Documents\\ResumeLayout\\WebProject\\ums-app\\vendor\\laravel\\framework\\src\\Illuminate\\Foundation\\Application.php(838): Illuminate\\Container\\Container->make('App\\\\Services\\\\At...', Array)
#9 C:\\Users\\hp\\Documents\\ResumeLayout\\WebProject\\ums-app\\vendor\\laravel\\framework\\src\\Illuminate\\Container\\Container.php(1027): Illuminate\\Foundation\\Application->make('App\\\\Services\\\\At...')
#10 C:\\Users\\hp\\Documents\\ResumeLayout\\WebProject\\ums-app\\vendor\\laravel\\framework\\src\\Illuminate\\Container\\Container.php(947): Illuminate\\Container\\Container->resolveClass(Object(ReflectionParameter))
#11 C:\\Users\\hp\\Documents\\ResumeLayout\\WebProject\\ums-app\\vendor\\laravel\\framework\\src\\Illuminate\\Container\\Container.php(908): Illuminate\\Container\\Container->resolveDependencies(Array)
#12 C:\\Users\\hp\\Documents\\ResumeLayout\\WebProject\\ums-app\\vendor\\laravel\\framework\\src\\Illuminate\\Container\\Container.php(758): Illuminate\\Container\\Container->build('App\\\\Http\\\\Contro...')
#13 C:\\Users\\hp\\Documents\\ResumeLayout\\WebProject\\ums-app\\vendor\\laravel\\framework\\src\\Illuminate\\Foundation\\Application.php(853): Illuminate\\Container\\Container->resolve('App\\\\Http\\\\Contro...', Array, true)
#14 C:\\Users\\hp\\Documents\\ResumeLayout\\WebProject\\ums-app\\vendor\\laravel\\framework\\src\\Illuminate\\Container\\Container.php(694): Illuminate\\Foundation\\Application->resolve('App\\\\Http\\\\Contro...', Array)
#15 C:\\Users\\hp\\Documents\\ResumeLayout\\WebProject\\ums-app\\vendor\\laravel\\framework\\src\\Illuminate\\Foundation\\Application.php(838): Illuminate\\Container\\Container->make('App\\\\Http\\\\Contro...', Array)
#16 C:\\Users\\hp\\Documents\\ResumeLayout\\WebProject\\ums-app\\vendor\\laravel\\framework\\src\\Illuminate\\Routing\\Route.php(276): Illuminate\\Foundation\\Application->make('App\\\\Http\\\\Contro...')
#17 C:\\Users\\hp\\Documents\\ResumeLayout\\WebProject\\ums-app\\vendor\\laravel\\framework\\src\\Illuminate\\Routing\\Route.php(1080): Illuminate\\Routing\\Route->getController()
#18 C:\\Users\\hp\\Documents\\ResumeLayout\\WebProject\\ums-app\\vendor\\laravel\\framework\\src\\Illuminate\\Routing\\Route.php(1023): Illuminate\\Routing\\Route->controllerMiddleware()
#19 C:\\Users\\hp\\Documents\\ResumeLayout\\WebProject\\ums-app\\vendor\\laravel\\framework\\src\\Illuminate\\Routing\\Router.php(734): Illuminate\\Routing\\Route->gatherMiddleware()
#20 C:\\Users\\hp\\Documents\\ResumeLayout\\WebProject\\ums-app\\vendor\\laravel\\framework\\src\\Illuminate\\Routing\\Router.php(714): Illuminate\\Routing\\Router->gatherRouteMiddleware(Object(Illuminate\\Routing\\Route))
#21 C:\\Users\\hp\\Documents\\ResumeLayout\\WebProject\\ums-app\\vendor\\laravel\\framework\\src\\Illuminate\\Routing\\Router.php(698): Illuminate\\Routing\\Router->runRouteWithinStack(Object(Illuminate\\Routing\\Route), Object(Illuminate\\Http\\Request))
#22 C:\\Users\\hp\\Documents\\ResumeLayout\\WebProject\\ums-app\\vendor\\laravel\\framework\\src\\Illuminate\\Routing\\Router.php(662): Illuminate\\Routing\\Router->runRoute(Object(Illuminate\\Http\\Request), Object(Illuminate\\Routing\\Route))
#23 C:\\Users\\hp\\Documents\\ResumeLayout\\WebProject\\ums-app\\vendor\\laravel\\framework\\src\\Illuminate\\Routing\\Router.php(651): Illuminate\\Routing\\Router->dispatchToRoute(Object(Illuminate\\Http\\Request))
#24 C:\\Users\\hp\\Documents\\ResumeLayout\\WebProject\\ums-app\\vendor\\laravel\\framework\\src\\Illuminate\\Foundation\\Http\\Kernel.php(167): Illuminate\\Routing\\Router->dispatch(Object(Illuminate\\Http\\Request))
#25 C:\\Users\\hp\\Documents\\ResumeLayout\\WebProject\\ums-app\\vendor\\laravel\\framework\\src\\Illuminate\\Pipeline\\Pipeline.php(128): Illuminate\\Foundation\\Http\\Kernel->Illuminate\\Foundation\\Http\\{closure}(Object(Illuminate\\Http\\Request))
#26 C:\\Users\\hp\\Documents\\ResumeLayout\\WebProject\\ums-app\\vendor\\laravel\\framework\\src\\Illuminate\\Foundation\\Http\\Middleware\\TransformsRequest.php(21): Illuminate\\Pipeline\\Pipeline->Illuminate\\Pipeline\\{closure}(Object(Illuminate\\Http\\Request))
#27 C:\\Users\\hp\\Documents\\ResumeLayout\\WebProject\\ums-app\\vendor\\laravel\\framework\\src\\Illuminate\\Foundation\\Http\\Middleware\\ConvertEmptyStringsToNull.php(31): Illuminate\\Foundation\\Http\\Middleware\\TransformsRequest->handle(Object(Illuminate\\Http\\Request), Object(Closure))
#28 C:\\Users\\hp\\Documents\\ResumeLayout\\WebProject\\ums-app\\vendor\\laravel\\framework\\src\\Illuminate\\Pipeline\\Pipeline.php(167): Illuminate\\Foundation\\Http\\Middleware\\ConvertEmptyStringsToNull->handle(Object(Illuminate\\Http\\Request), Object(Closure))
#29 C:\\Users\\hp\\Documents\\ResumeLayout\\WebProject\\ums-app\\vendor\\laravel\\framework\\src\\Illuminate\\Foundation\\Http\\Middleware\\TransformsRequest.php(21): Illuminate\\Pipeline\\Pipeline->Illuminate\\Pipeline\\{closure}(Object(Illuminate\\Http\\Request))
#30 C:\\Users\\hp\\Documents\\ResumeLayout\\WebProject\\ums-app\\vendor\\laravel\\framework\\src\\Illuminate\\Foundation\\Http\\Middleware\\TrimStrings.php(40): Illuminate\\Foundation\\Http\\Middleware\\TransformsRequest->handle(Object(Illuminate\\Http\\Request), Object(Closure))
#31 C:\\Users\\hp\\Documents\\ResumeLayout\\WebProject\\ums-app\\vendor\\laravel\\framework\\src\\Illuminate\\Pipeline\\Pipeline.php(167): Illuminate\\Foundation\\Http\\Middleware\\TrimStrings->handle(Object(Illuminate\\Http\\Request), Object(Closure))
#32 C:\\Users\\hp\\Documents\\ResumeLayout\\WebProject\\ums-app\\vendor\\laravel\\framework\\src\\Illuminate\\Foundation\\Http\\Middleware\\ValidatePostSize.php(27): Illuminate\\Pipeline\\Pipeline->Illuminate\\Pipeline\\{closure}(Object(Illuminate\\Http\\Request))
#33 C:\\Users\\hp\\Documents\\ResumeLayout\\WebProject\\ums-app\\vendor\\laravel\\framework\\src\\Illuminate\\Pipeline\\Pipeline.php(167): Illuminate\\Foundation\\Http\\Middleware\\ValidatePostSize->handle(Object(Illuminate\\Http\\Request), Object(Closure))
#34 C:\\Users\\hp\\Documents\\ResumeLayout\\WebProject\\ums-app\\vendor\\laravel\\framework\\src\\Illuminate\\Foundation\\Http\\Middleware\\PreventRequestsDuringMaintenance.php(86): Illuminate\\Pipeline\\Pipeline->Illuminate\\Pipeline\\{closure}(Object(Illuminate\\Http\\Request))
#35 C:\\Users\\hp\\Documents\\ResumeLayout\\WebProject\\ums-app\\vendor\\laravel\\framework\\src\\Illuminate\\Pipeline\\Pipeline.php(167): Illuminate\\Foundation\\Http\\Middleware\\PreventRequestsDuringMaintenance->handle(Object(Illuminate\\Http\\Request), Object(Closure))
#36 C:\\Users\\hp\\Documents\\ResumeLayout\\WebProject\\ums-app\\vendor\\fruitcake\\laravel-cors\\src\\HandleCors.php(52): Illuminate\\Pipeline\\Pipeline->Illuminate\\Pipeline\\{closure}(Object(Illuminate\\Http\\Request))
#37 C:\\Users\\hp\\Documents\\ResumeLayout\\WebProject\\ums-app\\vendor\\laravel\\framework\\src\\Illuminate\\Pipeline\\Pipeline.php(167): Fruitcake\\Cors\\HandleCors->handle(Object(Illuminate\\Http\\Request), Object(Closure))
#38 C:\\Users\\hp\\Documents\\ResumeLayout\\WebProject\\ums-app\\vendor\\fideloper\\proxy\\src\\TrustProxies.php(57): Illuminate\\Pipeline\\Pipeline->Illuminate\\Pipeline\\{closure}(Object(Illuminate\\Http\\Request))
#39 C:\\Users\\hp\\Documents\\ResumeLayout\\WebProject\\ums-app\\vendor\\laravel\\framework\\src\\Illuminate\\Pipeline\\Pipeline.php(167): Fideloper\\Proxy\\TrustProxies->handle(Object(Illuminate\\Http\\Request), Object(Closure))
#40 C:\\Users\\hp\\Documents\\ResumeLayout\\WebProject\\ums-app\\vendor\\laravel\\framework\\src\\Illuminate\\Pipeline\\Pipeline.php(103): Illuminate\\Pipeline\\Pipeline->Illuminate\\Pipeline\\{closure}(Object(Illuminate\\Http\\Request))
#41 C:\\Users\\hp\\Documents\\ResumeLayout\\WebProject\\ums-app\\vendor\\laravel\\framework\\src\\Illuminate\\Foundation\\Http\\Kernel.php(142): Illuminate\\Pipeline\\Pipeline->then(Object(Closure))
#42 C:\\Users\\hp\\Documents\\ResumeLayout\\WebProject\\ums-app\\vendor\\laravel\\framework\\src\\Illuminate\\Foundation\\Http\\Kernel.php(111): Illuminate\\Foundation\\Http\\Kernel->sendRequestThroughRouter(Object(Illuminate\\Http\\Request))
#43 C:\\Users\\hp\\Documents\\ResumeLayout\\WebProject\\ums-app\\vendor\\laravel\\framework\\src\\Illuminate\\Foundation\\Testing\\Concerns\\MakesHttpRequests.php(510): Illuminate\\Foundation\\Http\\Kernel->handle(Object(Illuminate\\Http\\Request))
#44 C:\\Users\\hp\\Documents\\ResumeLayout\\WebProject\\ums-app\\vendor\\laravel\\framework\\src\\Illuminate\\Foundation\\Testing\\Concerns\\MakesHttpRequests.php(476): Illuminate\\Foundation\\Testing\\TestCase->call('POST', '/api/attendance', Array, Array, Array, Array, '[]')
#45 C:\\Users\\hp\\Documents\\ResumeLayout\\WebProject\\ums-app\\tests\\Feature\\Auth\\InsufficientRolePropertyTest.php(167): Illuminate\\Foundation\\Testing\\TestCase->json('POST', '/api/attendance', Array)
#46 C:\\Users\\hp\\Documents\\ResumeLayout\\WebProject\\ums-app\\vendor\\phpunit\\phpunit\\src\\Framework\\TestCase.php(1617): Tests\\Feature\\Auth\\InsufficientRolePropertyTest->student_accessing_admin_teacher_endpoint_returns_403()
#47 C:\\Users\\hp\\Documents\\ResumeLayout\\WebProject\\ums-app\\vendor\\phpunit\\phpunit\\src\\Framework\\TestCase.php(1223): PHPUnit\\Framework\\TestCase->runTest()
#48 C:\\Users\\hp\\Documents\\ResumeLayout\\WebProject\\ums-app\\vendor\\phpunit\\phpunit\\src\\Framework\\TestResult.php(729): PHPUnit\\Framework\\TestCase->runBare()
#49 C:\\Users\\hp\\Documents\\ResumeLayout\\WebProject\\ums-app\\vendor\\phpunit\\phpunit\\src\\Framework\\TestCase.php(973): PHPUnit\\Framework\\TestResult->run(Object(Tests\\Feature\\Auth\\InsufficientRolePropertyTest))
#50 C:\\Users\\hp\\Documents\\ResumeLayout\\WebProject\\ums-app\\vendor\\phpunit\\phpunit\\src\\Framework\\TestSuite.php(685): PHPUnit\\Framework\\TestCase->run(Object(PHPUnit\\Framework\\TestResult))
#51 C:\\Users\\hp\\Documents\\ResumeLayout\\WebProject\\ums-app\\vendor\\phpunit\\phpunit\\src\\Framework\\TestSuite.php(685): PHPUnit\\Framework\\TestSuite->run(Object(PHPUnit\\Framework\\TestResult))
#52 C:\\Users\\hp\\Documents\\ResumeLayout\\WebProject\\ums-app\\vendor\\phpunit\\phpunit\\src\\TextUI\\TestRunner.php(651): PHPUnit\\Framework\\TestSuite->run(Object(PHPUnit\\Framework\\TestResult))
#53 C:\\Users\\hp\\Documents\\ResumeLayout\\WebProject\\ums-app\\vendor\\phpunit\\phpunit\\src\\TextUI\\Command.php(146): PHPUnit\\TextUI\\TestRunner->run(Object(PHPUnit\\Framework\\TestSuite), Array, Array, true)
#54 C:\\Users\\hp\\Documents\\ResumeLayout\\WebProject\\ums-app\\vendor\\phpunit\\phpunit\\src\\TextUI\\Command.php(99): PHPUnit\\TextUI\\Command->run(Array, true)
#55 C:\\Users\\hp\\Documents\\ResumeLayout\\WebProject\\ums-app\\vendor\\phpunit\\phpunit\\phpunit(107): PHPUnit\\TextUI\\Command::main()
#56 {main}
"} 
[2026-05-29 13:37:41] testing.ERROR: Internal boom {"exception":"[object] (RuntimeException(code: 0): Internal boom at C:\\Users\\hp\\Documents\\ResumeLayout\\WebProject\\ums-app\\tests\\Feature\\ApiResponseAndExceptionHandlerTest.php:52)
[stacktrace]
#0 C:\\Users\\hp\\Documents\\ResumeLayout\\WebProject\\ums-app\\vendor\\laravel\\framework\\src\\Illuminate\\Routing\\Route.php(238): Tests\\Feature\\ApiResponseAndExceptionHandlerTest->Tests\\Feature\\{closure}()
#1 C:\\Users\\hp\\Documents\\ResumeLayout\\WebProject\\ums-app\\vendor\\laravel\\framework\\src\\Illuminate\\Routing\\Route.php(208): Illuminate\\Routing\\Route->runCallable()
#2 C:\\Users\\hp\\Documents\\ResumeLayout\\WebProject\\ums-app\\vendor\\laravel\\framework\\src\\Illuminate\\Routing\\Router.php(721): Illuminate\\Routing\\Route->run()
#3 C:\\Users\\hp\\Documents\\ResumeLayout\\WebProject\\ums-app\\vendor\\laravel\\framework\\src\\Illuminate\\Pipeline\\Pipeline.php(128): Illuminate\\Routing\\Router->Illuminate\\Routing\\{closure}(Object(Illuminate\\Http\\Request))
#4 C:\\Users\\hp\\Documents\\ResumeLayout\\WebProject\\ums-app\\vendor\\laravel\\framework\\src\\Illuminate\\Pipeline\\Pipeline.php(103): Illuminate\\Pipeline\\Pipeline->Illuminate\\Pipeline\\{closure}(Object(Illuminate\\Http\\Request))
#5 C:\\Users\\hp\\Documents\\ResumeLayout\\WebProject\\ums-app\\vendor\\laravel\\framework\\src\\Illuminate\\Routing\\Router.php(723): Illuminate\\Pipeline\\Pipeline->then(Object(Closure))
#6 C:\\Users\\hp\\Documents\\ResumeLayout\\WebProject\\ums-app\\vendor\\laravel\\framework\\src\\Illuminate\\Routing\\Router.php(698): Illuminate\\Routing\\Router->runRouteWithinStack(Object(Illuminate\\Routing\\Route), Object(Illuminate\\Http\\Request))
#7 C:\\Users\\hp\\Documents\\ResumeLayout\\WebProject\\ums-app\\vendor\\laravel\\framework\\src\\Illuminate\\Routing\\Router.php(662): Illuminate\\Routing\\Router->runRoute(Object(Illuminate\\Http\\Request), Object(Illuminate\\Routing\\Route))
#8 C:\\Users\\hp\\Documents\\ResumeLayout\\WebProject\\ums-app\\vendor\\laravel\\framework\\src\\Illuminate\\Routing\\Router.php(651): Illuminate\\Routing\\Router->dispatchToRoute(Object(Illuminate\\Http\\Request))
#9 C:\\Users\\hp\\Documents\\ResumeLayout\\WebProject\\ums-app\\vendor\\laravel\\framework\\src\\Illuminate\\Foundation\\Http\\Kernel.php(167): Illuminate\\Routing\\Router->dispatch(Object(Illuminate\\Http\\Request))
#10 C:\\Users\\hp\\Documents\\ResumeLayout\\WebProject\\ums-app\\vendor\\laravel\\framework\\src\\Illuminate\\Pipeline\\Pipeline.php(128): Illuminate\\Foundation\\Http\\Kernel->Illuminate\\Foundation\\Http\\{closure}(Object(Illuminate\\Http\\Request))
#11 C:\\Users\\hp\\Documents\\ResumeLayout\\WebProject\\ums-app\\vendor\\laravel\\framework\\src\\Illuminate\\Foundation\\Http\\Middleware\\TransformsRequest.php(21): Illuminate\\Pipeline\\Pipeline->Illuminate\\Pipeline\\{closure}(Object(Illuminate\\Http\\Request))
#12 C:\\Users\\hp\\Documents\\ResumeLayout\\WebProject\\ums-app\\vendor\\laravel\\framework\\src\\Illuminate\\Foundation\\Http\\Middleware\\ConvertEmptyStringsToNull.php(31): Illuminate\\Foundation\\Http\\Middleware\\TransformsRequest->handle(Object(Illuminate\\Http\\Request), Object(Closure))
#13 C:\\Users\\hp\\Documents\\ResumeLayout\\WebProject\\ums-app\\vendor\\laravel\\framework\\src\\Illuminate\\Pipeline\\Pipeline.php(167): Illuminate\\Foundation\\Http\\Middleware\\ConvertEmptyStringsToNull->handle(Object(Illuminate\\Http\\Request), Object(Closure))
#14 C:\\Users\\hp\\Documents\\ResumeLayout\\WebProject\\ums-app\\vendor\\laravel\\framework\\src\\Illuminate\\Foundation\\Http\\Middleware\\TransformsRequest.php(21): Illuminate\\Pipeline\\Pipeline->Illuminate\\Pipeline\\{closure}(Object(Illuminate\\Http\\Request))
#15 C:\\Users\\hp\\Documents\\ResumeLayout\\WebProject\\ums-app\\vendor\\laravel\\framework\\src\\Illuminate\\Foundation\\Http\\Middleware\\TrimStrings.php(40): Illuminate\\Foundation\\Http\\Middleware\\TransformsRequest->handle(Object(Illuminate\\Http\\Request), Object(Closure))
#16 C:\\Users\\hp\\Documents\\ResumeLayout\\WebProject\\ums-app\\vendor\\laravel\\framework\\src\\Illuminate\\Pipeline\\Pipeline.php(167): Illuminate\\Foundation\\Http\\Middleware\\TrimStrings->handle(Object(Illuminate\\Http\\Request), Object(Closure))
#17 C:\\Users\\hp\\Documents\\ResumeLayout\\WebProject\\ums-app\\vendor\\laravel\\framework\\src\\Illuminate\\Foundation\\Http\\Middleware\\ValidatePostSize.php(27): Illuminate\\Pipeline\\Pipeline->Illuminate\\Pipeline\\{closure}(Object(Illuminate\\Http\\Request))
#18 C:\\Users\\hp\\Documents\\ResumeLayout\\WebProject\\ums-app\\vendor\\laravel\\framework\\src\\Illuminate\\Pipeline\\Pipeline.php(167): Illuminate\\Foundation\\Http\\Middleware\\ValidatePostSize->handle(Object(Illuminate\\Http\\Request), Object(Closure))
#19 C:\\Users\\hp\\Documents\\ResumeLayout\\WebProject\\ums-app\\vendor\\laravel\\framework\\src\\Illuminate\\Foundation\\Http\\Middleware\\PreventRequestsDuringMaintenance.php(86): Illuminate\\Pipeline\\Pipeline->Illuminate\\Pipeline\\{closure}(Object(Illuminate\\Http\\Request))
#20 C:\\Users\\hp\\Documents\\ResumeLayout\\WebProject\\ums-app\\vendor\\laravel\\framework\\src\\Illuminate\\Pipeline\\Pipeline.php(167): Illuminate\\Foundation\\Http\\Middleware\\PreventRequestsDuringMaintenance->handle(Object(Illuminate\\Http\\Request), Object(Closure))
#21 C:\\Users\\hp\\Documents\\ResumeLayout\\WebProject\\ums-app\\vendor\\fruitcake\\laravel-cors\\src\\HandleCors.php(52): Illuminate\\Pipeline\\Pipeline->Illuminate\\Pipeline\\{closure}(Object(Illuminate\\Http\\Request))
#22 C:\\Users\\hp\\Documents\\ResumeLayout\\WebProject\\ums-app\\vendor\\laravel\\framework\\src\\Illuminate\\Pipeline\\Pipeline.php(167): Fruitcake\\Cors\\HandleCors->handle(Object(Illuminate\\Http\\Request), Object(Closure))
#23 C:\\Users\\hp\\Documents\\ResumeLayout\\WebProject\\ums-app\\vendor\\fideloper\\proxy\\src\\TrustProxies.php(57): Illuminate\\Pipeline\\Pipeline->Illuminate\\Pipeline\\{closure}(Object(Illuminate\\Http\\Request))
#24 C:\\Users\\hp\\Documents\\ResumeLayout\\WebProject\\ums-app\\vendor\\laravel\\framework\\src\\Illuminate\\Pipeline\\Pipeline.php(167): Fideloper\\Proxy\\TrustProxies->handle(Object(Illuminate\\Http\\Request), Object(Closure))
#25 C:\\Users\\hp\\Documents\\ResumeLayout\\WebProject\\ums-app\\vendor\\laravel\\framework\\src\\Illuminate\\Pipeline\\Pipeline.php(103): Illuminate\\Pipeline\\Pipeline->Illuminate\\Pipeline\\{closure}(Object(Illuminate\\Http\\Request))
#26 C:\\Users\\hp\\Documents\\ResumeLayout\\WebProject\\ums-app\\vendor\\laravel\\framework\\src\\Illuminate\\Foundation\\Http\\Kernel.php(142): Illuminate\\Pipeline\\Pipeline->then(Object(Closure))
#27 C:\\Users\\hp\\Documents\\ResumeLayout\\WebProject\\ums-app\\vendor\\laravel\\framework\\src\\Illuminate\\Foundation\\Http\\Kernel.php(111): Illuminate\\Foundation\\Http\\Kernel->sendRequestThroughRouter(Object(Illuminate\\Http\\Request))
#28 C:\\Users\\hp\\Documents\\ResumeLayout\\WebProject\\ums-app\\vendor\\laravel\\framework\\src\\Illuminate\\Foundation\\Testing\\Concerns\\MakesHttpRequests.php(510): Illuminate\\Foundation\\Http\\Kernel->handle(Object(Illuminate\\Http\\Request))
#29 C:\\Users\\hp\\Documents\\ResumeLayout\\WebProject\\ums-app\\vendor\\laravel\\framework\\src\\Illuminate\\Foundation\\Testing\\Concerns\\MakesHttpRequests.php(476): Illuminate\\Foundation\\Testing\\TestCase->call('GET', '/api/test/unhan...', Array, Array, Array, Array, '[]')
#30 C:\\Users\\hp\\Documents\\ResumeLayout\\WebProject\\ums-app\\vendor\\laravel\\framework\\src\\Illuminate\\Foundation\\Testing\\Concerns\\MakesHttpRequests.php(306): Illuminate\\Foundation\\Testing\\TestCase->json('GET', '/api/test/unhan...', Array, Array)
#31 C:\\Users\\hp\\Documents\\ResumeLayout\\WebProject\\ums-app\\tests\\Feature\\ApiResponseAndExceptionHandlerTest.php(173): Illuminate\\Foundation\\Testing\\TestCase->getJson('/api/test/unhan...')
#32 C:\\Users\\hp\\Documents\\ResumeLayout\\WebProject\\ums-app\\vendor\\phpunit\\phpunit\\src\\Framework\\TestCase.php(1617): Tests\\Feature\\ApiResponseAndExceptionHandlerTest->unhandled_exception_returns_500_with_generic_message()
#33 C:\\Users\\hp\\Documents\\ResumeLayout\\WebProject\\ums-app\\vendor\\phpunit\\phpunit\\src\\Framework\\TestCase.php(1223): PHPUnit\\Framework\\TestCase->runTest()
#34 C:\\Users\\hp\\Documents\\ResumeLayout\\WebProject\\ums-app\\vendor\\phpunit\\phpunit\\src\\Framework\\TestResult.php(729): PHPUnit\\Framework\\TestCase->runBare()
#35 C:\\Users\\hp\\Documents\\ResumeLayout\\WebProject\\ums-app\\vendor\\phpunit\\phpunit\\src\\Framework\\TestCase.php(973): PHPUnit\\Framework\\TestResult->run(Object(Tests\\Feature\\ApiResponseAndExceptionHandlerTest))
#36 C:\\Users\\hp\\Documents\\ResumeLayout\\WebProject\\ums-app\\vendor\\phpunit\\phpunit\\src\\Framework\\TestSuite.php(685): PHPUnit\\Framework\\TestCase->run(Object(PHPUnit\\Framework\\TestResult))
#37 C:\\Users\\hp\\Documents\\ResumeLayout\\WebProject\\ums-app\\vendor\\phpunit\\phpunit\\src\\Framework\\TestSuite.php(685): PHPUnit\\Framework\\TestSuite->run(Object(PHPUnit\\Framework\\TestResult))
#38 C:\\Users\\hp\\Documents\\ResumeLayout\\WebProject\\ums-app\\vendor\\phpunit\\phpunit\\src\\Framework\\TestSuite.php(685): PHPUnit\\Framework\\TestSuite->run(Object(PHPUnit\\Framework\\TestResult))
#39 C:\\Users\\hp\\Documents\\ResumeLayout\\WebProject\\ums-app\\vendor\\phpunit\\phpunit\\src\\TextUI\\TestRunner.php(651): PHPUnit\\Framework\\TestSuite->run(Object(PHPUnit\\Framework\\TestResult))
#40 C:\\Users\\hp\\Documents\\ResumeLayout\\WebProject\\ums-app\\vendor\\phpunit\\phpunit\\src\\TextUI\\Command.php(146): PHPUnit\\TextUI\\TestRunner->run(Object(PHPUnit\\Framework\\TestSuite), Array, Array, true)
#41 C:\\Users\\hp\\Documents\\ResumeLayout\\WebProject\\ums-app\\vendor\\phpunit\\phpunit\\src\\TextUI\\Command.php(99): PHPUnit\\TextUI\\Command->run(Array, true)
#42 C:\\Users\\hp\\Documents\\ResumeLayout\\WebProject\\ums-app\\vendor\\phpunit\\phpunit\\phpunit(107): PHPUnit\\TextUI\\Command::main()
#43 {main}
"} 
[2026-05-29 13:37:41] testing.ERROR: Internal boom {"exception":"[object] (RuntimeException(code: 0): Internal boom at C:\\Users\\hp\\Documents\\ResumeLayout\\WebProject\\ums-app\\tests\\Feature\\ApiResponseAndExceptionHandlerTest.php:52)
[stacktrace]
#0 C:\\Users\\hp\\Documents\\ResumeLayout\\WebProject\\ums-app\\vendor\\laravel\\framework\\src\\Illuminate\\Routing\\Route.php(238): Tests\\Feature\\ApiResponseAndExceptionHandlerTest->Tests\\Feature\\{closure}()
#1 C:\\Users\\hp\\Documents\\ResumeLayout\\WebProject\\ums-app\\vendor\\laravel\\framework\\src\\Illuminate\\Routing\\Route.php(208): Illuminate\\Routing\\Route->runCallable()
#2 C:\\Users\\hp\\Documents\\ResumeLayout\\WebProject\\ums-app\\vendor\\laravel\\framework\\src\\Illuminate\\Routing\\Router.php(721): Illuminate\\Routing\\Route->run()
#3 C:\\Users\\hp\\Documents\\ResumeLayout\\WebProject\\ums-app\\vendor\\laravel\\framework\\src\\Illuminate\\Pipeline\\Pipeline.php(128): Illuminate\\Routing\\Router->Illuminate\\Routing\\{closure}(Object(Illuminate\\Http\\Request))
#4 C:\\Users\\hp\\Documents\\ResumeLayout\\WebProject\\ums-app\\vendor\\laravel\\framework\\src\\Illuminate\\Pipeline\\Pipeline.php(103): Illuminate\\Pipeline\\Pipeline->Illuminate\\Pipeline\\{closure}(Object(Illuminate\\Http\\Request))
#5 C:\\Users\\hp\\Documents\\ResumeLayout\\WebProject\\ums-app\\vendor\\laravel\\framework\\src\\Illuminate\\Routing\\Router.php(723): Illuminate\\Pipeline\\Pipeline->then(Object(Closure))
#6 C:\\Users\\hp\\Documents\\ResumeLayout\\WebProject\\ums-app\\vendor\\laravel\\framework\\src\\Illuminate\\Routing\\Router.php(698): Illuminate\\Routing\\Router->runRouteWithinStack(Object(Illuminate\\Routing\\Route), Object(Illuminate\\Http\\Request))
#7 C:\\Users\\hp\\Documents\\ResumeLayout\\WebProject\\ums-app\\vendor\\laravel\\framework\\src\\Illuminate\\Routing\\Router.php(662): Illuminate\\Routing\\Router->runRoute(Object(Illuminate\\Http\\Request), Object(Illuminate\\Routing\\Route))
#8 C:\\Users\\hp\\Documents\\ResumeLayout\\WebProject\\ums-app\\vendor\\laravel\\framework\\src\\Illuminate\\Routing\\Router.php(651): Illuminate\\Routing\\Router->dispatchToRoute(Object(Illuminate\\Http\\Request))
#9 C:\\Users\\hp\\Documents\\ResumeLayout\\WebProject\\ums-app\\vendor\\laravel\\framework\\src\\Illuminate\\Foundation\\Http\\Kernel.php(167): Illuminate\\Routing\\Router->dispatch(Object(Illuminate\\Http\\Request))
#10 C:\\Users\\hp\\Documents\\ResumeLayout\\WebProject\\ums-app\\vendor\\laravel\\framework\\src\\Illuminate\\Pipeline\\Pipeline.php(128): Illuminate\\Foundation\\Http\\Kernel->Illuminate\\Foundation\\Http\\{closure}(Object(Illuminate\\Http\\Request))
#11 C:\\Users\\hp\\Documents\\ResumeLayout\\WebProject\\ums-app\\vendor\\laravel\\framework\\src\\Illuminate\\Foundation\\Http\\Middleware\\TransformsRequest.php(21): Illuminate\\Pipeline\\Pipeline->Illuminate\\Pipeline\\{closure}(Object(Illuminate\\Http\\Request))
#12 C:\\Users\\hp\\Documents\\ResumeLayout\\WebProject\\ums-app\\vendor\\laravel\\framework\\src\\Illuminate\\Foundation\\Http\\Middleware\\ConvertEmptyStringsToNull.php(31): Illuminate\\Foundation\\Http\\Middleware\\TransformsRequest->handle(Object(Illuminate\\Http\\Request), Object(Closure))
#13 C:\\Users\\hp\\Documents\\ResumeLayout\\WebProject\\ums-app\\vendor\\laravel\\framework\\src\\Illuminate\\Pipeline\\Pipeline.php(167): Illuminate\\Foundation\\Http\\Middleware\\ConvertEmptyStringsToNull->handle(Object(Illuminate\\Http\\Request), Object(Closure))
#14 C:\\Users\\hp\\Documents\\ResumeLayout\\WebProject\\ums-app\\vendor\\laravel\\framework\\src\\Illuminate\\Foundation\\Http\\Middleware\\TransformsRequest.php(21): Illuminate\\Pipeline\\Pipeline->Illuminate\\Pipeline\\{closure}(Object(Illuminate\\Http\\Request))
#15 C:\\Users\\hp\\Documents\\ResumeLayout\\WebProject\\ums-app\\vendor\\laravel\\framework\\src\\Illuminate\\Foundation\\Http\\Middleware\\TrimStrings.php(40): Illuminate\\Foundation\\Http\\Middleware\\TransformsRequest->handle(Object(Illuminate\\Http\\Request), Object(Closure))
#16 C:\\Users\\hp\\Documents\\ResumeLayout\\WebProject\\ums-app\\vendor\\laravel\\framework\\src\\Illuminate\\Pipeline\\Pipeline.php(167): Illuminate\\Foundation\\Http\\Middleware\\TrimStrings->handle(Object(Illuminate\\Http\\Request), Object(Closure))
#17 C:\\Users\\hp\\Documents\\ResumeLayout\\WebProject\\ums-app\\vendor\\laravel\\framework\\src\\Illuminate\\Foundation\\Http\\Middleware\\ValidatePostSize.php(27): Illuminate\\Pipeline\\Pipeline->Illuminate\\Pipeline\\{closure}(Object(Illuminate\\Http\\Request))
#18 C:\\Users\\hp\\Documents\\ResumeLayout\\WebProject\\ums-app\\vendor\\laravel\\framework\\src\\Illuminate\\Pipeline\\Pipeline.php(167): Illuminate\\Foundation\\Http\\Middleware\\ValidatePostSize->handle(Object(Illuminate\\Http\\Request), Object(Closure))
#19 C:\\Users\\hp\\Documents\\ResumeLayout\\WebProject\\ums-app\\vendor\\laravel\\framework\\src\\Illuminate\\Foundation\\Http\\Middleware\\PreventRequestsDuringMaintenance.php(86): Illuminate\\Pipeline\\Pipeline->Illuminate\\Pipeline\\{closure}(Object(Illuminate\\Http\\Request))
#20 C:\\Users\\hp\\Documents\\ResumeLayout\\WebProject\\ums-app\\vendor\\laravel\\framework\\src\\Illuminate\\Pipeline\\Pipeline.php(167): Illuminate\\Foundation\\Http\\Middleware\\PreventRequestsDuringMaintenance->handle(Object(Illuminate\\Http\\Request), Object(Closure))
#21 C:\\Users\\hp\\Documents\\ResumeLayout\\WebProject\\ums-app\\vendor\\fruitcake\\laravel-cors\\src\\HandleCors.php(52): Illuminate\\Pipeline\\Pipeline->Illuminate\\Pipeline\\{closure}(Object(Illuminate\\Http\\Request))
#22 C:\\Users\\hp\\Documents\\ResumeLayout\\WebProject\\ums-app\\vendor\\laravel\\framework\\src\\Illuminate\\Pipeline\\Pipeline.php(167): Fruitcake\\Cors\\HandleCors->handle(Object(Illuminate\\Http\\Request), Object(Closure))
#23 C:\\Users\\hp\\Documents\\ResumeLayout\\WebProject\\ums-app\\vendor\\fideloper\\proxy\\src\\TrustProxies.php(57): Illuminate\\Pipeline\\Pipeline->Illuminate\\Pipeline\\{closure}(Object(Illuminate\\Http\\Request))
#24 C:\\Users\\hp\\Documents\\ResumeLayout\\WebProject\\ums-app\\vendor\\laravel\\framework\\src\\Illuminate\\Pipeline\\Pipeline.php(167): Fideloper\\Proxy\\TrustProxies->handle(Object(Illuminate\\Http\\Request), Object(Closure))
#25 C:\\Users\\hp\\Documents\\ResumeLayout\\WebProject\\ums-app\\vendor\\laravel\\framework\\src\\Illuminate\\Pipeline\\Pipeline.php(103): Illuminate\\Pipeline\\Pipeline->Illuminate\\Pipeline\\{closure}(Object(Illuminate\\Http\\Request))
#26 C:\\Users\\hp\\Documents\\ResumeLayout\\WebProject\\ums-app\\vendor\\laravel\\framework\\src\\Illuminate\\Foundation\\Http\\Kernel.php(142): Illuminate\\Pipeline\\Pipeline->then(Object(Closure))
#27 C:\\Users\\hp\\Documents\\ResumeLayout\\WebProject\\ums-app\\vendor\\laravel\\framework\\src\\Illuminate\\Foundation\\Http\\Kernel.php(111): Illuminate\\Foundation\\Http\\Kernel->sendRequestThroughRouter(Object(Illuminate\\Http\\Request))
#28 C:\\Users\\hp\\Documents\\ResumeLayout\\WebProject\\ums-app\\vendor\\laravel\\framework\\src\\Illuminate\\Foundation\\Testing\\Concerns\\MakesHttpRequests.php(510): Illuminate\\Foundation\\Http\\Kernel->handle(Object(Illuminate\\Http\\Request))
#29 C:\\Users\\hp\\Documents\\ResumeLayout\\WebProject\\ums-app\\vendor\\laravel\\framework\\src\\Illuminate\\Foundation\\Testing\\Concerns\\MakesHttpRequests.php(476): Illuminate\\Foundation\\Testing\\TestCase->call('GET', '/api/test/unhan...', Array, Array, Array, Array, '[]')
#30 C:\\Users\\hp\\Documents\\ResumeLayout\\WebProject\\ums-app\\vendor\\laravel\\framework\\src\\Illuminate\\Foundation\\Testing\\Concerns\\MakesHttpRequests.php(306): Illuminate\\Foundation\\Testing\\TestCase->json('GET', '/api/test/unhan...', Array, Array)
#31 C:\\Users\\hp\\Documents\\ResumeLayout\\WebProject\\ums-app\\tests\\Feature\\ApiResponseAndExceptionHandlerTest.php(185): Illuminate\\Foundation\\Testing\\TestCase->getJson('/api/test/unhan...')
#32 C:\\Users\\hp\\Documents\\ResumeLayout\\WebProject\\ums-app\\vendor\\phpunit\\phpunit\\src\\Framework\\TestCase.php(1617): Tests\\Feature\\ApiResponseAndExceptionHandlerTest->unhandled_exception_response_does_not_expose_stack_trace()
#33 C:\\Users\\hp\\Documents\\ResumeLayout\\WebProject\\ums-app\\vendor\\phpunit\\phpunit\\src\\Framework\\TestCase.php(1223): PHPUnit\\Framework\\TestCase->runTest()
#34 C:\\Users\\hp\\Documents\\ResumeLayout\\WebProject\\ums-app\\vendor\\phpunit\\phpunit\\src\\Framework\\TestResult.php(729): PHPUnit\\Framework\\TestCase->runBare()
#35 C:\\Users\\hp\\Documents\\ResumeLayout\\WebProject\\ums-app\\vendor\\phpunit\\phpunit\\src\\Framework\\TestCase.php(973): PHPUnit\\Framework\\TestResult->run(Object(Tests\\Feature\\ApiResponseAndExceptionHandlerTest))
#36 C:\\Users\\hp\\Documents\\ResumeLayout\\WebProject\\ums-app\\vendor\\phpunit\\phpunit\\src\\Framework\\TestSuite.php(685): PHPUnit\\Framework\\TestCase->run(Object(PHPUnit\\Framework\\TestResult))
#37 C:\\Users\\hp\\Documents\\ResumeLayout\\WebProject\\ums-app\\vendor\\phpunit\\phpunit\\src\\Framework\\TestSuite.php(685): PHPUnit\\Framework\\TestSuite->run(Object(PHPUnit\\Framework\\TestResult))
#38 C:\\Users\\hp\\Documents\\ResumeLayout\\WebProject\\ums-app\\vendor\\phpunit\\phpunit\\src\\Framework\\TestSuite.php(685): PHPUnit\\Framework\\TestSuite->run(Object(PHPUnit\\Framework\\TestResult))
#39 C:\\Users\\hp\\Documents\\ResumeLayout\\WebProject\\ums-app\\vendor\\phpunit\\phpunit\\src\\TextUI\\TestRunner.php(651): PHPUnit\\Framework\\TestSuite->run(Object(PHPUnit\\Framework\\TestResult))
#40 C:\\Users\\hp\\Documents\\ResumeLayout\\WebProject\\ums-app\\vendor\\phpunit\\phpunit\\src\\TextUI\\Command.php(146): PHPUnit\\TextUI\\TestRunner->run(Object(PHPUnit\\Framework\\TestSuite), Array, Array, true)
#41 C:\\Users\\hp\\Documents\\ResumeLayout\\WebProject\\ums-app\\vendor\\phpunit\\phpunit\\src\\TextUI\\Command.php(99): PHPUnit\\TextUI\\Command->run(Array, true)
#42 C:\\Users\\hp\\Documents\\ResumeLayout\\WebProject\\ums-app\\vendor\\phpunit\\phpunit\\phpunit(107): PHPUnit\\TextUI\\Command::main()
#43 {main}
"} 
[2026-05-29 13:37:42] testing.ERROR: Target class [App\Services\AttendanceService] does not exist. {"exception":"[object] (Illuminate\\Contracts\\Container\\BindingResolutionException(code: 0): Target class [App\\Services\\AttendanceService] does not exist. at C:\\Users\\hp\\Documents\\ResumeLayout\\WebProject\\ums-app\\vendor\\laravel\\framework\\src\\Illuminate\\Container\\Container.php:879)
[stacktrace]
#0 C:\\Users\\hp\\Documents\\ResumeLayout\\WebProject\\ums-app\\vendor\\laravel\\framework\\src\\Illuminate\\Container\\Container.php(758): Illuminate\\Container\\Container->build('App\\\\Services\\\\At...')
#1 C:\\Users\\hp\\Documents\\ResumeLayout\\WebProject\\ums-app\\vendor\\laravel\\framework\\src\\Illuminate\\Foundation\\Application.php(853): Illuminate\\Container\\Container->resolve('App\\\\Services\\\\At...', Array, false)
#2 C:\\Users\\hp\\Documents\\ResumeLayout\\WebProject\\ums-app\\vendor\\laravel\\framework\\src\\Illuminate\\Container\\Container.php(296): Illuminate\\Foundation\\Application->resolve('App\\\\Services\\\\At...', Array, false)
#3 C:\\Users\\hp\\Documents\\ResumeLayout\\WebProject\\ums-app\\vendor\\laravel\\framework\\src\\Illuminate\\Container\\Container.php(873): Illuminate\\Container\\Container->Illuminate\\Container\\{closure}(Object(Illuminate\\Foundation\\Application), Array)
#4 C:\\Users\\hp\\Documents\\ResumeLayout\\WebProject\\ums-app\\vendor\\laravel\\framework\\src\\Illuminate\\Container\\Container.php(758): Illuminate\\Container\\Container->build(Object(Closure))
#5 C:\\Users\\hp\\Documents\\ResumeLayout\\WebProject\\ums-app\\vendor\\laravel\\framework\\src\\Illuminate\\Foundation\\Application.php(853): Illuminate\\Container\\Container->resolve('App\\\\Services\\\\At...', Array, true)
#6 C:\\Users\\hp\\Documents\\ResumeLayout\\WebProject\\ums-app\\vendor\\laravel\\framework\\src\\Illuminate\\Container\\Container.php(694): Illuminate\\Foundation\\Application->resolve('App\\\\Services\\\\At...', Array)
#7 C:\\Users\\hp\\Documents\\ResumeLayout\\WebProject\\ums-app\\vendor\\laravel\\framework\\src\\Illuminate\\Foundation\\Application.php(838): Illuminate\\Container\\Container->make('App\\\\Services\\\\At...', Array)
#8 C:\\Users\\hp\\Documents\\ResumeLayout\\WebProject\\ums-app\\vendor\\laravel\\framework\\src\\Illuminate\\Container\\Container.php(1027): Illuminate\\Foundation\\Application->make('App\\\\Services\\\\At...')
#9 C:\\Users\\hp\\Documents\\ResumeLayout\\WebProject\\ums-app\\vendor\\laravel\\framework\\src\\Illuminate\\Container\\Container.php(947): Illuminate\\Container\\Container->resolveClass(Object(ReflectionParameter))
#10 C:\\Users\\hp\\Documents\\ResumeLayout\\WebProject\\ums-app\\vendor\\laravel\\framework\\src\\Illuminate\\Container\\Container.php(908): Illuminate\\Container\\Container->resolveDependencies(Array)
#11 C:\\Users\\hp\\Documents\\ResumeLayout\\WebProject\\ums-app\\vendor\\laravel\\framework\\src\\Illuminate\\Container\\Container.php(758): Illuminate\\Container\\Container->build('App\\\\Http\\\\Contro...')
#12 C:\\Users\\hp\\Documents\\ResumeLayout\\WebProject\\ums-app\\vendor\\laravel\\framework\\src\\Illuminate\\Foundation\\Application.php(853): Illuminate\\Container\\Container->resolve('App\\\\Http\\\\Contro...', Array, true)
#13 C:\\Users\\hp\\Documents\\ResumeLayout\\WebProject\\ums-app\\vendor\\laravel\\framework\\src\\Illuminate\\Container\\Container.php(694): Illuminate\\Foundation\\Application->resolve('App\\\\Http\\\\Contro...', Array)
#14 C:\\Users\\hp\\Documents\\ResumeLayout\\WebProject\\ums-app\\vendor\\laravel\\framework\\src\\Illuminate\\Foundation\\Application.php(838): Illuminate\\Container\\Container->make('App\\\\Http\\\\Contro...', Array)
#15 C:\\Users\\hp\\Documents\\ResumeLayout\\WebProject\\ums-app\\vendor\\laravel\\framework\\src\\Illuminate\\Routing\\Route.php(276): Illuminate\\Foundation\\Application->make('App\\\\Http\\\\Contro...')
#16 C:\\Users\\hp\\Documents\\ResumeLayout\\WebProject\\ums-app\\vendor\\laravel\\framework\\src\\Illuminate\\Routing\\Route.php(1080): Illuminate\\Routing\\Route->getController()
#17 C:\\Users\\hp\\Documents\\ResumeLayout\\WebProject\\ums-app\\vendor\\laravel\\framework\\src\\Illuminate\\Routing\\Route.php(1023): Illuminate\\Routing\\Route->controllerMiddleware()
#18 C:\\Users\\hp\\Documents\\ResumeLayout\\WebProject\\ums-app\\vendor\\laravel\\framework\\src\\Illuminate\\Routing\\Router.php(734): Illuminate\\Routing\\Route->gatherMiddleware()
#19 C:\\Users\\hp\\Documents\\ResumeLayout\\WebProject\\ums-app\\vendor\\laravel\\framework\\src\\Illuminate\\Routing\\Router.php(714): Illuminate\\Routing\\Router->gatherRouteMiddleware(Object(Illuminate\\Routing\\Route))
#20 C:\\Users\\hp\\Documents\\ResumeLayout\\WebProject\\ums-app\\vendor\\laravel\\framework\\src\\Illuminate\\Routing\\Router.php(698): Illuminate\\Routing\\Router->runRouteWithinStack(Object(Illuminate\\Routing\\Route), Object(Illuminate\\Http\\Request))
#21 C:\\Users\\hp\\Documents\\ResumeLayout\\WebProject\\ums-app\\vendor\\laravel\\framework\\src\\Illuminate\\Routing\\Router.php(662): Illuminate\\Routing\\Router->runRoute(Object(Illuminate\\Http\\Request), Object(Illuminate\\Routing\\Route))
#22 C:\\Users\\hp\\Documents\\ResumeLayout\\WebProject\\ums-app\\vendor\\laravel\\framework\\src\\Illuminate\\Routing\\Router.php(651): Illuminate\\Routing\\Router->dispatchToRoute(Object(Illuminate\\Http\\Request))
#23 C:\\Users\\hp\\Documents\\ResumeLayout\\WebProject\\ums-app\\vendor\\laravel\\framework\\src\\Illuminate\\Foundation\\Http\\Kernel.php(167): Illuminate\\Routing\\Router->dispatch(Object(Illuminate\\Http\\Request))
#24 C:\\Users\\hp\\Documents\\ResumeLayout\\WebProject\\ums-app\\vendor\\laravel\\framework\\src\\Illuminate\\Pipeline\\Pipeline.php(128): Illuminate\\Foundation\\Http\\Kernel->Illuminate\\Foundation\\Http\\{closure}(Object(Illuminate\\Http\\Request))
#25 C:\\Users\\hp\\Documents\\ResumeLayout\\WebProject\\ums-app\\vendor\\laravel\\framework\\src\\Illuminate\\Foundation\\Http\\Middleware\\TransformsRequest.php(21): Illuminate\\Pipeline\\Pipeline->Illuminate\\Pipeline\\{closure}(Object(Illuminate\\Http\\Request))
#26 C:\\Users\\hp\\Documents\\ResumeLayout\\WebProject\\ums-app\\vendor\\laravel\\framework\\src\\Illuminate\\Foundation\\Http\\Middleware\\ConvertEmptyStringsToNull.php(31): Illuminate\\Foundation\\Http\\Middleware\\TransformsRequest->handle(Object(Illuminate\\Http\\Request), Object(Closure))
#27 C:\\Users\\hp\\Documents\\ResumeLayout\\WebProject\\ums-app\\vendor\\laravel\\framework\\src\\Illuminate\\Pipeline\\Pipeline.php(167): Illuminate\\Foundation\\Http\\Middleware\\ConvertEmptyStringsToNull->handle(Object(Illuminate\\Http\\Request), Object(Closure))
#28 C:\\Users\\hp\\Documents\\ResumeLayout\\WebProject\\ums-app\\vendor\\laravel\\framework\\src\\Illuminate\\Foundation\\Http\\Middleware\\TransformsRequest.php(21): Illuminate\\Pipeline\\Pipeline->Illuminate\\Pipeline\\{closure}(Object(Illuminate\\Http\\Request))
#29 C:\\Users\\hp\\Documents\\ResumeLayout\\WebProject\\ums-app\\vendor\\laravel\\framework\\src\\Illuminate\\Foundation\\Http\\Middleware\\TrimStrings.php(40): Illuminate\\Foundation\\Http\\Middleware\\TransformsRequest->handle(Object(Illuminate\\Http\\Request), Object(Closure))
#30 C:\\Users\\hp\\Documents\\ResumeLayout\\WebProject\\ums-app\\vendor\\laravel\\framework\\src\\Illuminate\\Pipeline\\Pipeline.php(167): Illuminate\\Foundation\\Http\\Middleware\\TrimStrings->handle(Object(Illuminate\\Http\\Request), Object(Closure))
#31 C:\\Users\\hp\\Documents\\ResumeLayout\\WebProject\\ums-app\\vendor\\laravel\\framework\\src\\Illuminate\\Foundation\\Http\\Middleware\\ValidatePostSize.php(27): Illuminate\\Pipeline\\Pipeline->Illuminate\\Pipeline\\{closure}(Object(Illuminate\\Http\\Request))
#32 C:\\Users\\hp\\Documents\\ResumeLayout\\WebProject\\ums-app\\vendor\\laravel\\framework\\src\\Illuminate\\Pipeline\\Pipeline.php(167): Illuminate\\Foundation\\Http\\Middleware\\ValidatePostSize->handle(Object(Illuminate\\Http\\Request), Object(Closure))
#33 C:\\Users\\hp\\Documents\\ResumeLayout\\WebProject\\ums-app\\vendor\\laravel\\framework\\src\\Illuminate\\Foundation\\Http\\Middleware\\PreventRequestsDuringMaintenance.php(86): Illuminate\\Pipeline\\Pipeline->Illuminate\\Pipeline\\{closure}(Object(Illuminate\\Http\\Request))
#34 C:\\Users\\hp\\Documents\\ResumeLayout\\WebProject\\ums-app\\vendor\\laravel\\framework\\src\\Illuminate\\Pipeline\\Pipeline.php(167): Illuminate\\Foundation\\Http\\Middleware\\PreventRequestsDuringMaintenance->handle(Object(Illuminate\\Http\\Request), Object(Closure))
#35 C:\\Users\\hp\\Documents\\ResumeLayout\\WebProject\\ums-app\\vendor\\fruitcake\\laravel-cors\\src\\HandleCors.php(52): Illuminate\\Pipeline\\Pipeline->Illuminate\\Pipeline\\{closure}(Object(Illuminate\\Http\\Request))
#36 C:\\Users\\hp\\Documents\\ResumeLayout\\WebProject\\ums-app\\vendor\\laravel\\framework\\src\\Illuminate\\Pipeline\\Pipeline.php(167): Fruitcake\\Cors\\HandleCors->handle(Object(Illuminate\\Http\\Request), Object(Closure))
#37 C:\\Users\\hp\\Documents\\ResumeLayout\\WebProject\\ums-app\\vendor\\fideloper\\proxy\\src\\TrustProxies.php(57): Illuminate\\Pipeline\\Pipeline->Illuminate\\Pipeline\\{closure}(Object(Illuminate\\Http\\Request))
#38 C:\\Users\\hp\\Documents\\ResumeLayout\\WebProject\\ums-app\\vendor\\laravel\\framework\\src\\Illuminate\\Pipeline\\Pipeline.php(167): Fideloper\\Proxy\\TrustProxies->handle(Object(Illuminate\\Http\\Request), Object(Closure))
#39 C:\\Users\\hp\\Documents\\ResumeLayout\\WebProject\\ums-app\\vendor\\laravel\\framework\\src\\Illuminate\\Pipeline\\Pipeline.php(103): Illuminate\\Pipeline\\Pipeline->Illuminate\\Pipeline\\{closure}(Object(Illuminate\\Http\\Request))
#40 C:\\Users\\hp\\Documents\\ResumeLayout\\WebProject\\ums-app\\vendor\\laravel\\framework\\src\\Illuminate\\Foundation\\Http\\Kernel.php(142): Illuminate\\Pipeline\\Pipeline->then(Object(Closure))
#41 C:\\Users\\hp\\Documents\\ResumeLayout\\WebProject\\ums-app\\vendor\\laravel\\framework\\src\\Illuminate\\Foundation\\Http\\Kernel.php(111): Illuminate\\Foundation\\Http\\Kernel->sendRequestThroughRouter(Object(Illuminate\\Http\\Request))
#42 C:\\Users\\hp\\Documents\\ResumeLayout\\WebProject\\ums-app\\vendor\\laravel\\framework\\src\\Illuminate\\Foundation\\Testing\\Concerns\\MakesHttpRequests.php(510): Illuminate\\Foundation\\Http\\Kernel->handle(Object(Illuminate\\Http\\Request))
#43 C:\\Users\\hp\\Documents\\ResumeLayout\\WebProject\\ums-app\\vendor\\laravel\\framework\\src\\Illuminate\\Foundation\\Testing\\Concerns\\MakesHttpRequests.php(476): Illuminate\\Foundation\\Testing\\TestCase->call('POST', '/api/attendance', Array, Array, Array, Array, '[]')
#44 C:\\Users\\hp\\Documents\\ResumeLayout\\WebProject\\ums-app\\tests\\Feature\\Auth\\InsufficientRolePropertyTest.php(167): Illuminate\\Foundation\\Testing\\TestCase->json('POST', '/api/attendance', Array)
#45 C:\\Users\\hp\\Documents\\ResumeLayout\\WebProject\\ums-app\\vendor\\phpunit\\phpunit\\src\\Framework\\TestCase.php(1617): Tests\\Feature\\Auth\\InsufficientRolePropertyTest->student_accessing_admin_teacher_endpoint_returns_403()
#46 C:\\Users\\hp\\Documents\\ResumeLayout\\WebProject\\ums-app\\vendor\\phpunit\\phpunit\\src\\Framework\\TestCase.php(1223): PHPUnit\\Framework\\TestCase->runTest()
#47 C:\\Users\\hp\\Documents\\ResumeLayout\\WebProject\\ums-app\\vendor\\phpunit\\phpunit\\src\\Framework\\TestResult.php(729): PHPUnit\\Framework\\TestCase->runBare()
#48 C:\\Users\\hp\\Documents\\ResumeLayout\\WebProject\\ums-app\\vendor\\phpunit\\phpunit\\src\\Framework\\TestCase.php(973): PHPUnit\\Framework\\TestResult->run(Object(Tests\\Feature\\Auth\\InsufficientRolePropertyTest))
#49 C:\\Users\\hp\\Documents\\ResumeLayout\\WebProject\\ums-app\\vendor\\phpunit\\phpunit\\src\\Framework\\TestSuite.php(685): PHPUnit\\Framework\\TestCase->run(Object(PHPUnit\\Framework\\TestResult))
#50 C:\\Users\\hp\\Documents\\ResumeLayout\\WebProject\\ums-app\\vendor\\phpunit\\phpunit\\src\\Framework\\TestSuite.php(685): PHPUnit\\Framework\\TestSuite->run(Object(PHPUnit\\Framework\\TestResult))
#51 C:\\Users\\hp\\Documents\\ResumeLayout\\WebProject\\ums-app\\vendor\\phpunit\\phpunit\\src\\Framework\\TestSuite.php(685): PHPUnit\\Framework\\TestSuite->run(Object(PHPUnit\\Framework\\TestResult))
#52 C:\\Users\\hp\\Documents\\ResumeLayout\\WebProject\\ums-app\\vendor\\phpunit\\phpunit\\src\\TextUI\\TestRunner.php(651): PHPUnit\\Framework\\TestSuite->run(Object(PHPUnit\\Framework\\TestResult))
#53 C:\\Users\\hp\\Documents\\ResumeLayout\\WebProject\\ums-app\\vendor\\phpunit\\phpunit\\src\\TextUI\\Command.php(146): PHPUnit\\TextUI\\TestRunner->run(Object(PHPUnit\\Framework\\TestSuite), Array, Array, true)
#54 C:\\Users\\hp\\Documents\\ResumeLayout\\WebProject\\ums-app\\vendor\\phpunit\\phpunit\\src\\TextUI\\Command.php(99): PHPUnit\\TextUI\\Command->run(Array, true)
#55 C:\\Users\\hp\\Documents\\ResumeLayout\\WebProject\\ums-app\\vendor\\phpunit\\phpunit\\phpunit(107): PHPUnit\\TextUI\\Command::main()
#56 {main}

[previous exception] [object] (ReflectionException(code: -1): Class \"App\\Services\\AttendanceService\" does not exist at C:\\Users\\hp\\Documents\\ResumeLayout\\WebProject\\ums-app\\vendor\\laravel\\framework\\src\\Illuminate\\Container\\Container.php:877)
[stacktrace]
#0 C:\\Users\\hp\\Documents\\ResumeLayout\\WebProject\\ums-app\\vendor\\laravel\\framework\\src\\Illuminate\\Container\\Container.php(877): ReflectionClass->__construct('App\\\\Services\\\\At...')
#1 C:\\Users\\hp\\Documents\\ResumeLayout\\WebProject\\ums-app\\vendor\\laravel\\framework\\src\\Illuminate\\Container\\Container.php(758): Illuminate\\Container\\Container->build('App\\\\Services\\\\At...')
#2 C:\\Users\\hp\\Documents\\ResumeLayout\\WebProject\\ums-app\\vendor\\laravel\\framework\\src\\Illuminate\\Foundation\\Application.php(853): Illuminate\\Container\\Container->resolve('App\\\\Services\\\\At...', Array, false)
#3 C:\\Users\\hp\\Documents\\ResumeLayout\\WebProject\\ums-app\\vendor\\laravel\\framework\\src\\Illuminate\\Container\\Container.php(296): Illuminate\\Foundation\\Application->resolve('App\\\\Services\\\\At...', Array, false)
#4 C:\\Users\\hp\\Documents\\ResumeLayout\\WebProject\\ums-app\\vendor\\laravel\\framework\\src\\Illuminate\\Container\\Container.php(873): Illuminate\\Container\\Container->Illuminate\\Container\\{closure}(Object(Illuminate\\Foundation\\Application), Array)
#5 C:\\Users\\hp\\Documents\\ResumeLayout\\WebProject\\ums-app\\vendor\\laravel\\framework\\src\\Illuminate\\Container\\Container.php(758): Illuminate\\Container\\Container->build(Object(Closure))
#6 C:\\Users\\hp\\Documents\\ResumeLayout\\WebProject\\ums-app\\vendor\\laravel\\framework\\src\\Illuminate\\Foundation\\Application.php(853): Illuminate\\Container\\Container->resolve('App\\\\Services\\\\At...', Array, true)
#7 C:\\Users\\hp\\Documents\\ResumeLayout\\WebProject\\ums-app\\vendor\\laravel\\framework\\src\\Illuminate\\Container\\Container.php(694): Illuminate\\Foundation\\Application->resolve('App\\\\Services\\\\At...', Array)
#8 C:\\Users\\hp\\Documents\\ResumeLayout\\WebProject\\ums-app\\vendor\\laravel\\framework\\src\\Illuminate\\Foundation\\Application.php(838): Illuminate\\Container\\Container->make('App\\\\Services\\\\At...', Array)
#9 C:\\Users\\hp\\Documents\\ResumeLayout\\WebProject\\ums-app\\vendor\\laravel\\framework\\src\\Illuminate\\Container\\Container.php(1027): Illuminate\\Foundation\\Application->make('App\\\\Services\\\\At...')
#10 C:\\Users\\hp\\Documents\\ResumeLayout\\WebProject\\ums-app\\vendor\\laravel\\framework\\src\\Illuminate\\Container\\Container.php(947): Illuminate\\Container\\Container->resolveClass(Object(ReflectionParameter))
#11 C:\\Users\\hp\\Documents\\ResumeLayout\\WebProject\\ums-app\\vendor\\laravel\\framework\\src\\Illuminate\\Container\\Container.php(908): Illuminate\\Container\\Container->resolveDependencies(Array)
#12 C:\\Users\\hp\\Documents\\ResumeLayout\\WebProject\\ums-app\\vendor\\laravel\\framework\\src\\Illuminate\\Container\\Container.php(758): Illuminate\\Container\\Container->build('App\\\\Http\\\\Contro...')
#13 C:\\Users\\hp\\Documents\\ResumeLayout\\WebProject\\ums-app\\vendor\\laravel\\framework\\src\\Illuminate\\Foundation\\Application.php(853): Illuminate\\Container\\Container->resolve('App\\\\Http\\\\Contro...', Array, true)
#14 C:\\Users\\hp\\Documents\\ResumeLayout\\WebProject\\ums-app\\vendor\\laravel\\framework\\src\\Illuminate\\Container\\Container.php(694): Illuminate\\Foundation\\Application->resolve('App\\\\Http\\\\Contro...', Array)
#15 C:\\Users\\hp\\Documents\\ResumeLayout\\WebProject\\ums-app\\vendor\\laravel\\framework\\src\\Illuminate\\Foundation\\Application.php(838): Illuminate\\Container\\Container->make('App\\\\Http\\\\Contro...', Array)
#16 C:\\Users\\hp\\Documents\\ResumeLayout\\WebProject\\ums-app\\vendor\\laravel\\framework\\src\\Illuminate\\Routing\\Route.php(276): Illuminate\\Foundation\\Application->make('App\\\\Http\\\\Contro...')
#17 C:\\Users\\hp\\Documents\\ResumeLayout\\WebProject\\ums-app\\vendor\\laravel\\framework\\src\\Illuminate\\Routing\\Route.php(1080): Illuminate\\Routing\\Route->getController()
#18 C:\\Users\\hp\\Documents\\ResumeLayout\\WebProject\\ums-app\\vendor\\laravel\\framework\\src\\Illuminate\\Routing\\Route.php(1023): Illuminate\\Routing\\Route->controllerMiddleware()
#19 C:\\Users\\hp\\Documents\\ResumeLayout\\WebProject\\ums-app\\vendor\\laravel\\framework\\src\\Illuminate\\Routing\\Router.php(734): Illuminate\\Routing\\Route->gatherMiddleware()
#20 C:\\Users\\hp\\Documents\\ResumeLayout\\WebProject\\ums-app\\vendor\\laravel\\framework\\src\\Illuminate\\Routing\\Router.php(714): Illuminate\\Routing\\Router->gatherRouteMiddleware(Object(Illuminate\\Routing\\Route))
#21 C:\\Users\\hp\\Documents\\ResumeLayout\\WebProject\\ums-app\\vendor\\laravel\\framework\\src\\Illuminate\\Routing\\Router.php(698): Illuminate\\Routing\\Router->runRouteWithinStack(Object(Illuminate\\Routing\\Route), Object(Illuminate\\Http\\Request))
#22 C:\\Users\\hp\\Documents\\ResumeLayout\\WebProject\\ums-app\\vendor\\laravel\\framework\\src\\Illuminate\\Routing\\Router.php(662): Illuminate\\Routing\\Router->runRoute(Object(Illuminate\\Http\\Request), Object(Illuminate\\Routing\\Route))
#23 C:\\Users\\hp\\Documents\\ResumeLayout\\WebProject\\ums-app\\vendor\\laravel\\framework\\src\\Illuminate\\Routing\\Router.php(651): Illuminate\\Routing\\Router->dispatchToRoute(Object(Illuminate\\Http\\Request))
#24 C:\\Users\\hp\\Documents\\ResumeLayout\\WebProject\\ums-app\\vendor\\laravel\\framework\\src\\Illuminate\\Foundation\\Http\\Kernel.php(167): Illuminate\\Routing\\Router->dispatch(Object(Illuminate\\Http\\Request))
#25 C:\\Users\\hp\\Documents\\ResumeLayout\\WebProject\\ums-app\\vendor\\laravel\\framework\\src\\Illuminate\\Pipeline\\Pipeline.php(128): Illuminate\\Foundation\\Http\\Kernel->Illuminate\\Foundation\\Http\\{closure}(Object(Illuminate\\Http\\Request))
#26 C:\\Users\\hp\\Documents\\ResumeLayout\\WebProject\\ums-app\\vendor\\laravel\\framework\\src\\Illuminate\\Foundation\\Http\\Middleware\\TransformsRequest.php(21): Illuminate\\Pipeline\\Pipeline->Illuminate\\Pipeline\\{closure}(Object(Illuminate\\Http\\Request))
#27 C:\\Users\\hp\\Documents\\ResumeLayout\\WebProject\\ums-app\\vendor\\laravel\\framework\\src\\Illuminate\\Foundation\\Http\\Middleware\\ConvertEmptyStringsToNull.php(31): Illuminate\\Foundation\\Http\\Middleware\\TransformsRequest->handle(Object(Illuminate\\Http\\Request), Object(Closure))
#28 C:\\Users\\hp\\Documents\\ResumeLayout\\WebProject\\ums-app\\vendor\\laravel\\framework\\src\\Illuminate\\Pipeline\\Pipeline.php(167): Illuminate\\Foundation\\Http\\Middleware\\ConvertEmptyStringsToNull->handle(Object(Illuminate\\Http\\Request), Object(Closure))
#29 C:\\Users\\hp\\Documents\\ResumeLayout\\WebProject\\ums-app\\vendor\\laravel\\framework\\src\\Illuminate\\Foundation\\Http\\Middleware\\TransformsRequest.php(21): Illuminate\\Pipeline\\Pipeline->Illuminate\\Pipeline\\{closure}(Object(Illuminate\\Http\\Request))
#30 C:\\Users\\hp\\Documents\\ResumeLayout\\WebProject\\ums-app\\vendor\\laravel\\framework\\src\\Illuminate\\Foundation\\Http\\Middleware\\TrimStrings.php(40): Illuminate\\Foundation\\Http\\Middleware\\TransformsRequest->handle(Object(Illuminate\\Http\\Request), Object(Closure))
#31 C:\\Users\\hp\\Documents\\ResumeLayout\\WebProject\\ums-app\\vendor\\laravel\\framework\\src\\Illuminate\\Pipeline\\Pipeline.php(167): Illuminate\\Foundation\\Http\\Middleware\\TrimStrings->handle(Object(Illuminate\\Http\\Request), Object(Closure))
#32 C:\\Users\\hp\\Documents\\ResumeLayout\\WebProject\\ums-app\\vendor\\laravel\\framework\\src\\Illuminate\\Foundation\\Http\\Middleware\\ValidatePostSize.php(27): Illuminate\\Pipeline\\Pipeline->Illuminate\\Pipeline\\{closure}(Object(Illuminate\\Http\\Request))
#33 C:\\Users\\hp\\Documents\\ResumeLayout\\WebProject\\ums-app\\vendor\\laravel\\framework\\src\\Illuminate\\Pipeline\\Pipeline.php(167): Illuminate\\Foundation\\Http\\Middleware\\ValidatePostSize->handle(Object(Illuminate\\Http\\Request), Object(Closure))
#34 C:\\Users\\hp\\Documents\\ResumeLayout\\WebProject\\ums-app\\vendor\\laravel\\framework\\src\\Illuminate\\Foundation\\Http\\Middleware\\PreventRequestsDuringMaintenance.php(86): Illuminate\\Pipeline\\Pipeline->Illuminate\\Pipeline\\{closure}(Object(Illuminate\\Http\\Request))
#35 C:\\Users\\hp\\Documents\\ResumeLayout\\WebProject\\ums-app\\vendor\\laravel\\framework\\src\\Illuminate\\Pipeline\\Pipeline.php(167): Illuminate\\Foundation\\Http\\Middleware\\PreventRequestsDuringMaintenance->handle(Object(Illuminate\\Http\\Request), Object(Closure))
#36 C:\\Users\\hp\\Documents\\ResumeLayout\\WebProject\\ums-app\\vendor\\fruitcake\\laravel-cors\\src\\HandleCors.php(52): Illuminate\\Pipeline\\Pipeline->Illuminate\\Pipeline\\{closure}(Object(Illuminate\\Http\\Request))
#37 C:\\Users\\hp\\Documents\\ResumeLayout\\WebProject\\ums-app\\vendor\\laravel\\framework\\src\\Illuminate\\Pipeline\\Pipeline.php(167): Fruitcake\\Cors\\HandleCors->handle(Object(Illuminate\\Http\\Request), Object(Closure))
#38 C:\\Users\\hp\\Documents\\ResumeLayout\\WebProject\\ums-app\\vendor\\fideloper\\proxy\\src\\TrustProxies.php(57): Illuminate\\Pipeline\\Pipeline->Illuminate\\Pipeline\\{closure}(Object(Illuminate\\Http\\Request))
#39 C:\\Users\\hp\\Documents\\ResumeLayout\\WebProject\\ums-app\\vendor\\laravel\\framework\\src\\Illuminate\\Pipeline\\Pipeline.php(167): Fideloper\\Proxy\\TrustProxies->handle(Object(Illuminate\\Http\\Request), Object(Closure))
#40 C:\\Users\\hp\\Documents\\ResumeLayout\\WebProject\\ums-app\\vendor\\laravel\\framework\\src\\Illuminate\\Pipeline\\Pipeline.php(103): Illuminate\\Pipeline\\Pipeline->Illuminate\\Pipeline\\{closure}(Object(Illuminate\\Http\\Request))
#41 C:\\Users\\hp\\Documents\\ResumeLayout\\WebProject\\ums-app\\vendor\\laravel\\framework\\src\\Illuminate\\Foundation\\Http\\Kernel.php(142): Illuminate\\Pipeline\\Pipeline->then(Object(Closure))
#42 C:\\Users\\hp\\Documents\\ResumeLayout\\WebProject\\ums-app\\vendor\\laravel\\framework\\src\\Illuminate\\Foundation\\Http\\Kernel.php(111): Illuminate\\Foundation\\Http\\Kernel->sendRequestThroughRouter(Object(Illuminate\\Http\\Request))
#43 C:\\Users\\hp\\Documents\\ResumeLayout\\WebProject\\ums-app\\vendor\\laravel\\framework\\src\\Illuminate\\Foundation\\Testing\\Concerns\\MakesHttpRequests.php(510): Illuminate\\Foundation\\Http\\Kernel->handle(Object(Illuminate\\Http\\Request))
#44 C:\\Users\\hp\\Documents\\ResumeLayout\\WebProject\\ums-app\\vendor\\laravel\\framework\\src\\Illuminate\\Foundation\\Testing\\Concerns\\MakesHttpRequests.php(476): Illuminate\\Foundation\\Testing\\TestCase->call('POST', '/api/attendance', Array, Array, Array, Array, '[]')
#45 C:\\Users\\hp\\Documents\\ResumeLayout\\WebProject\\ums-app\\tests\\Feature\\Auth\\InsufficientRolePropertyTest.php(167): Illuminate\\Foundation\\Testing\\TestCase->json('POST', '/api/attendance', Array)
#46 C:\\Users\\hp\\Documents\\ResumeLayout\\WebProject\\ums-app\\vendor\\phpunit\\phpunit\\src\\Framework\\TestCase.php(1617): Tests\\Feature\\Auth\\InsufficientRolePropertyTest->student_accessing_admin_teacher_endpoint_returns_403()
#47 C:\\Users\\hp\\Documents\\ResumeLayout\\WebProject\\ums-app\\vendor\\phpunit\\phpunit\\src\\Framework\\TestCase.php(1223): PHPUnit\\Framework\\TestCase->runTest()
#48 C:\\Users\\hp\\Documents\\ResumeLayout\\WebProject\\ums-app\\vendor\\phpunit\\phpunit\\src\\Framework\\TestResult.php(729): PHPUnit\\Framework\\TestCase->runBare()
#49 C:\\Users\\hp\\Documents\\ResumeLayout\\WebProject\\ums-app\\vendor\\phpunit\\phpunit\\src\\Framework\\TestCase.php(973): PHPUnit\\Framework\\TestResult->run(Object(Tests\\Feature\\Auth\\InsufficientRolePropertyTest))
#50 C:\\Users\\hp\\Documents\\ResumeLayout\\WebProject\\ums-app\\vendor\\phpunit\\phpunit\\src\\Framework\\TestSuite.php(685): PHPUnit\\Framework\\TestCase->run(Object(PHPUnit\\Framework\\TestResult))
#51 C:\\Users\\hp\\Documents\\ResumeLayout\\WebProject\\ums-app\\vendor\\phpunit\\phpunit\\src\\Framework\\TestSuite.php(685): PHPUnit\\Framework\\TestSuite->run(Object(PHPUnit\\Framework\\TestResult))
#52 C:\\Users\\hp\\Documents\\ResumeLayout\\WebProject\\ums-app\\vendor\\phpunit\\phpunit\\src\\Framework\\TestSuite.php(685): PHPUnit\\Framework\\TestSuite->run(Object(PHPUnit\\Framework\\TestResult))
#53 C:\\Users\\hp\\Documents\\ResumeLayout\\WebProject\\ums-app\\vendor\\phpunit\\phpunit\\src\\TextUI\\TestRunner.php(651): PHPUnit\\Framework\\TestSuite->run(Object(PHPUnit\\Framework\\TestResult))
#54 C:\\Users\\hp\\Documents\\ResumeLayout\\WebProject\\ums-app\\vendor\\phpunit\\phpunit\\src\\TextUI\\Command.php(146): PHPUnit\\TextUI\\TestRunner->run(Object(PHPUnit\\Framework\\TestSuite), Array, Array, true)
#55 C:\\Users\\hp\\Documents\\ResumeLayout\\WebProject\\ums-app\\vendor\\phpunit\\phpunit\\src\\TextUI\\Command.php(99): PHPUnit\\TextUI\\Command->run(Array, true)
#56 C:\\Users\\hp\\Documents\\ResumeLayout\\WebProject\\ums-app\\vendor\\phpunit\\phpunit\\phpunit(107): PHPUnit\\TextUI\\Command::main()
#57 {main}
"} 
[2026-05-29 13:38:38] testing.ERROR: Internal boom {"exception":"[object] (RuntimeException(code: 0): Internal boom at C:\\Users\\hp\\Documents\\ResumeLayout\\WebProject\\ums-app\\tests\\Feature\\ApiResponseAndExceptionHandlerTest.php:52)
[stacktrace]
#0 C:\\Users\\hp\\Documents\\ResumeLayout\\WebProject\\ums-app\\vendor\\laravel\\framework\\src\\Illuminate\\Routing\\Route.php(238): Tests\\Feature\\ApiResponseAndExceptionHandlerTest->Tests\\Feature\\{closure}()
#1 C:\\Users\\hp\\Documents\\ResumeLayout\\WebProject\\ums-app\\vendor\\laravel\\framework\\src\\Illuminate\\Routing\\Route.php(208): Illuminate\\Routing\\Route->runCallable()
#2 C:\\Users\\hp\\Documents\\ResumeLayout\\WebProject\\ums-app\\vendor\\laravel\\framework\\src\\Illuminate\\Routing\\Router.php(721): Illuminate\\Routing\\Route->run()
#3 C:\\Users\\hp\\Documents\\ResumeLayout\\WebProject\\ums-app\\vendor\\laravel\\framework\\src\\Illuminate\\Pipeline\\Pipeline.php(128): Illuminate\\Routing\\Router->Illuminate\\Routing\\{closure}(Object(Illuminate\\Http\\Request))
#4 C:\\Users\\hp\\Documents\\ResumeLayout\\WebProject\\ums-app\\vendor\\laravel\\framework\\src\\Illuminate\\Pipeline\\Pipeline.php(103): Illuminate\\Pipeline\\Pipeline->Illuminate\\Pipeline\\{closure}(Object(Illuminate\\Http\\Request))
#5 C:\\Users\\hp\\Documents\\ResumeLayout\\WebProject\\ums-app\\vendor\\laravel\\framework\\src\\Illuminate\\Routing\\Router.php(723): Illuminate\\Pipeline\\Pipeline->then(Object(Closure))
#6 C:\\Users\\hp\\Documents\\ResumeLayout\\WebProject\\ums-app\\vendor\\laravel\\framework\\src\\Illuminate\\Routing\\Router.php(698): Illuminate\\Routing\\Router->runRouteWithinStack(Object(Illuminate\\Routing\\Route), Object(Illuminate\\Http\\Request))
#7 C:\\Users\\hp\\Documents\\ResumeLayout\\WebProject\\ums-app\\vendor\\laravel\\framework\\src\\Illuminate\\Routing\\Router.php(662): Illuminate\\Routing\\Router->runRoute(Object(Illuminate\\Http\\Request), Object(Illuminate\\Routing\\Route))
#8 C:\\Users\\hp\\Documents\\ResumeLayout\\WebProject\\ums-app\\vendor\\laravel\\framework\\src\\Illuminate\\Routing\\Router.php(651): Illuminate\\Routing\\Router->dispatchToRoute(Object(Illuminate\\Http\\Request))
#9 C:\\Users\\hp\\Documents\\ResumeLayout\\WebProject\\ums-app\\vendor\\laravel\\framework\\src\\Illuminate\\Foundation\\Http\\Kernel.php(167): Illuminate\\Routing\\Router->dispatch(Object(Illuminate\\Http\\Request))
#10 C:\\Users\\hp\\Documents\\ResumeLayout\\WebProject\\ums-app\\vendor\\laravel\\framework\\src\\Illuminate\\Pipeline\\Pipeline.php(128): Illuminate\\Foundation\\Http\\Kernel->Illuminate\\Foundation\\Http\\{closure}(Object(Illuminate\\Http\\Request))
#11 C:\\Users\\hp\\Documents\\ResumeLayout\\WebProject\\ums-app\\vendor\\laravel\\framework\\src\\Illuminate\\Foundation\\Http\\Middleware\\TransformsRequest.php(21): Illuminate\\Pipeline\\Pipeline->Illuminate\\Pipeline\\{closure}(Object(Illuminate\\Http\\Request))
#12 C:\\Users\\hp\\Documents\\ResumeLayout\\WebProject\\ums-app\\vendor\\laravel\\framework\\src\\Illuminate\\Foundation\\Http\\Middleware\\ConvertEmptyStringsToNull.php(31): Illuminate\\Foundation\\Http\\Middleware\\TransformsRequest->handle(Object(Illuminate\\Http\\Request), Object(Closure))
#13 C:\\Users\\hp\\Documents\\ResumeLayout\\WebProject\\ums-app\\vendor\\laravel\\framework\\src\\Illuminate\\Pipeline\\Pipeline.php(167): Illuminate\\Foundation\\Http\\Middleware\\ConvertEmptyStringsToNull->handle(Object(Illuminate\\Http\\Request), Object(Closure))
#14 C:\\Users\\hp\\Documents\\ResumeLayout\\WebProject\\ums-app\\vendor\\laravel\\framework\\src\\Illuminate\\Foundation\\Http\\Middleware\\TransformsRequest.php(21): Illuminate\\Pipeline\\Pipeline->Illuminate\\Pipeline\\{closure}(Object(Illuminate\\Http\\Request))
#15 C:\\Users\\hp\\Documents\\ResumeLayout\\WebProject\\ums-app\\vendor\\laravel\\framework\\src\\Illuminate\\Foundation\\Http\\Middleware\\TrimStrings.php(40): Illuminate\\Foundation\\Http\\Middleware\\TransformsRequest->handle(Object(Illuminate\\Http\\Request), Object(Closure))
#16 C:\\Users\\hp\\Documents\\ResumeLayout\\WebProject\\ums-app\\vendor\\laravel\\framework\\src\\Illuminate\\Pipeline\\Pipeline.php(167): Illuminate\\Foundation\\Http\\Middleware\\TrimStrings->handle(Object(Illuminate\\Http\\Request), Object(Closure))
#17 C:\\Users\\hp\\Documents\\ResumeLayout\\WebProject\\ums-app\\vendor\\laravel\\framework\\src\\Illuminate\\Foundation\\Http\\Middleware\\ValidatePostSize.php(27): Illuminate\\Pipeline\\Pipeline->Illuminate\\Pipeline\\{closure}(Object(Illuminate\\Http\\Request))
#18 C:\\Users\\hp\\Documents\\ResumeLayout\\WebProject\\ums-app\\vendor\\laravel\\framework\\src\\Illuminate\\Pipeline\\Pipeline.php(167): Illuminate\\Foundation\\Http\\Middleware\\ValidatePostSize->handle(Object(Illuminate\\Http\\Request), Object(Closure))
#19 C:\\Users\\hp\\Documents\\ResumeLayout\\WebProject\\ums-app\\vendor\\laravel\\framework\\src\\Illuminate\\Foundation\\Http\\Middleware\\PreventRequestsDuringMaintenance.php(86): Illuminate\\Pipeline\\Pipeline->Illuminate\\Pipeline\\{closure}(Object(Illuminate\\Http\\Request))
#20 C:\\Users\\hp\\Documents\\ResumeLayout\\WebProject\\ums-app\\vendor\\laravel\\framework\\src\\Illuminate\\Pipeline\\Pipeline.php(167): Illuminate\\Foundation\\Http\\Middleware\\PreventRequestsDuringMaintenance->handle(Object(Illuminate\\Http\\Request), Object(Closure))
#21 C:\\Users\\hp\\Documents\\ResumeLayout\\WebProject\\ums-app\\vendor\\fruitcake\\laravel-cors\\src\\HandleCors.php(52): Illuminate\\Pipeline\\Pipeline->Illuminate\\Pipeline\\{closure}(Object(Illuminate\\Http\\Request))
#22 C:\\Users\\hp\\Documents\\ResumeLayout\\WebProject\\ums-app\\vendor\\laravel\\framework\\src\\Illuminate\\Pipeline\\Pipeline.php(167): Fruitcake\\Cors\\HandleCors->handle(Object(Illuminate\\Http\\Request), Object(Closure))
#23 C:\\Users\\hp\\Documents\\ResumeLayout\\WebProject\\ums-app\\vendor\\fideloper\\proxy\\src\\TrustProxies.php(57): Illuminate\\Pipeline\\Pipeline->Illuminate\\Pipeline\\{closure}(Object(Illuminate\\Http\\Request))
#24 C:\\Users\\hp\\Documents\\ResumeLayout\\WebProject\\ums-app\\vendor\\laravel\\framework\\src\\Illuminate\\Pipeline\\Pipeline.php(167): Fideloper\\Proxy\\TrustProxies->handle(Object(Illuminate\\Http\\Request), Object(Closure))
#25 C:\\Users\\hp\\Documents\\ResumeLayout\\WebProject\\ums-app\\vendor\\laravel\\framework\\src\\Illuminate\\Pipeline\\Pipeline.php(103): Illuminate\\Pipeline\\Pipeline->Illuminate\\Pipeline\\{closure}(Object(Illuminate\\Http\\Request))
#26 C:\\Users\\hp\\Documents\\ResumeLayout\\WebProject\\ums-app\\vendor\\laravel\\framework\\src\\Illuminate\\Foundation\\Http\\Kernel.php(142): Illuminate\\Pipeline\\Pipeline->then(Object(Closure))
#27 C:\\Users\\hp\\Documents\\ResumeLayout\\WebProject\\ums-app\\vendor\\laravel\\framework\\src\\Illuminate\\Foundation\\Http\\Kernel.php(111): Illuminate\\Foundation\\Http\\Kernel->sendRequestThroughRouter(Object(Illuminate\\Http\\Request))
#28 C:\\Users\\hp\\Documents\\ResumeLayout\\WebProject\\ums-app\\vendor\\laravel\\framework\\src\\Illuminate\\Foundation\\Testing\\Concerns\\MakesHttpRequests.php(510): Illuminate\\Foundation\\Http\\Kernel->handle(Object(Illuminate\\Http\\Request))
#29 C:\\Users\\hp\\Documents\\ResumeLayout\\WebProject\\ums-app\\vendor\\laravel\\framework\\src\\Illuminate\\Foundation\\Testing\\Concerns\\MakesHttpRequests.php(476): Illuminate\\Foundation\\Testing\\TestCase->call('GET', '/api/test/unhan...', Array, Array, Array, Array, '[]')
#30 C:\\Users\\hp\\Documents\\ResumeLayout\\WebProject\\ums-app\\vendor\\laravel\\framework\\src\\Illuminate\\Foundation\\Testing\\Concerns\\MakesHttpRequests.php(306): Illuminate\\Foundation\\Testing\\TestCase->json('GET', '/api/test/unhan...', Array, Array)
#31 C:\\Users\\hp\\Documents\\ResumeLayout\\WebProject\\ums-app\\tests\\Feature\\ApiResponseAndExceptionHandlerTest.php(173): Illuminate\\Foundation\\Testing\\TestCase->getJson('/api/test/unhan...')
#32 C:\\Users\\hp\\Documents\\ResumeLayout\\WebProject\\ums-app\\vendor\\phpunit\\phpunit\\src\\Framework\\TestCase.php(1617): Tests\\Feature\\ApiResponseAndExceptionHandlerTest->unhandled_exception_returns_500_with_generic_message()
#33 C:\\Users\\hp\\Documents\\ResumeLayout\\WebProject\\ums-app\\vendor\\phpunit\\phpunit\\src\\Framework\\TestCase.php(1223): PHPUnit\\Framework\\TestCase->runTest()
#34 C:\\Users\\hp\\Documents\\ResumeLayout\\WebProject\\ums-app\\vendor\\phpunit\\phpunit\\src\\Framework\\TestResult.php(729): PHPUnit\\Framework\\TestCase->runBare()
#35 C:\\Users\\hp\\Documents\\ResumeLayout\\WebProject\\ums-app\\vendor\\phpunit\\phpunit\\src\\Framework\\TestCase.php(973): PHPUnit\\Framework\\TestResult->run(Object(Tests\\Feature\\ApiResponseAndExceptionHandlerTest))
#36 C:\\Users\\hp\\Documents\\ResumeLayout\\WebProject\\ums-app\\vendor\\phpunit\\phpunit\\src\\Framework\\TestSuite.php(685): PHPUnit\\Framework\\TestCase->run(Object(PHPUnit\\Framework\\TestResult))
#37 C:\\Users\\hp\\Documents\\ResumeLayout\\WebProject\\ums-app\\vendor\\phpunit\\phpunit\\src\\Framework\\TestSuite.php(685): PHPUnit\\Framework\\TestSuite->run(Object(PHPUnit\\Framework\\TestResult))
#38 C:\\Users\\hp\\Documents\\ResumeLayout\\WebProject\\ums-app\\vendor\\phpunit\\phpunit\\src\\Framework\\TestSuite.php(685): PHPUnit\\Framework\\TestSuite->run(Object(PHPUnit\\Framework\\TestResult))
#39 C:\\Users\\hp\\Documents\\ResumeLayout\\WebProject\\ums-app\\vendor\\phpunit\\phpunit\\src\\TextUI\\TestRunner.php(651): PHPUnit\\Framework\\TestSuite->run(Object(PHPUnit\\Framework\\TestResult))
#40 C:\\Users\\hp\\Documents\\ResumeLayout\\WebProject\\ums-app\\vendor\\phpunit\\phpunit\\src\\TextUI\\Command.php(146): PHPUnit\\TextUI\\TestRunner->run(Object(PHPUnit\\Framework\\TestSuite), Array, Array, true)
#41 C:\\Users\\hp\\Documents\\ResumeLayout\\WebProject\\ums-app\\vendor\\phpunit\\phpunit\\src\\TextUI\\Command.php(99): PHPUnit\\TextUI\\Command->run(Array, true)
#42 C:\\Users\\hp\\Documents\\ResumeLayout\\WebProject\\ums-app\\vendor\\phpunit\\phpunit\\phpunit(107): PHPUnit\\TextUI\\Command::main()
#43 {main}
"} 
[2026-05-29 13:38:38] testing.ERROR: Internal boom {"exception":"[object] (RuntimeException(code: 0): Internal boom at C:\\Users\\hp\\Documents\\ResumeLayout\\WebProject\\ums-app\\tests\\Feature\\ApiResponseAndExceptionHandlerTest.php:52)
[stacktrace]
#0 C:\\Users\\hp\\Documents\\ResumeLayout\\WebProject\\ums-app\\vendor\\laravel\\framework\\src\\Illuminate\\Routing\\Route.php(238): Tests\\Feature\\ApiResponseAndExceptionHandlerTest->Tests\\Feature\\{closure}()
#1 C:\\Users\\hp\\Documents\\ResumeLayout\\WebProject\\ums-app\\vendor\\laravel\\framework\\src\\Illuminate\\Routing\\Route.php(208): Illuminate\\Routing\\Route->runCallable()
#2 C:\\Users\\hp\\Documents\\ResumeLayout\\WebProject\\ums-app\\vendor\\laravel\\framework\\src\\Illuminate\\Routing\\Router.php(721): Illuminate\\Routing\\Route->run()
#3 C:\\Users\\hp\\Documents\\ResumeLayout\\WebProject\\ums-app\\vendor\\laravel\\framework\\src\\Illuminate\\Pipeline\\Pipeline.php(128): Illuminate\\Routing\\Router->Illuminate\\Routing\\{closure}(Object(Illuminate\\Http\\Request))
#4 C:\\Users\\hp\\Documents\\ResumeLayout\\WebProject\\ums-app\\vendor\\laravel\\framework\\src\\Illuminate\\Pipeline\\Pipeline.php(103): Illuminate\\Pipeline\\Pipeline->Illuminate\\Pipeline\\{closure}(Object(Illuminate\\Http\\Request))
#5 C:\\Users\\hp\\Documents\\ResumeLayout\\WebProject\\ums-app\\vendor\\laravel\\framework\\src\\Illuminate\\Routing\\Router.php(723): Illuminate\\Pipeline\\Pipeline->then(Object(Closure))
#6 C:\\Users\\hp\\Documents\\ResumeLayout\\WebProject\\ums-app\\vendor\\laravel\\framework\\src\\Illuminate\\Routing\\Router.php(698): Illuminate\\Routing\\Router->runRouteWithinStack(Object(Illuminate\\Routing\\Route), Object(Illuminate\\Http\\Request))
#7 C:\\Users\\hp\\Documents\\ResumeLayout\\WebProject\\ums-app\\vendor\\laravel\\framework\\src\\Illuminate\\Routing\\Router.php(662): Illuminate\\Routing\\Router->runRoute(Object(Illuminate\\Http\\Request), Object(Illuminate\\Routing\\Route))
#8 C:\\Users\\hp\\Documents\\ResumeLayout\\WebProject\\ums-app\\vendor\\laravel\\framework\\src\\Illuminate\\Routing\\Router.php(651): Illuminate\\Routing\\Router->dispatchToRoute(Object(Illuminate\\Http\\Request))
#9 C:\\Users\\hp\\Documents\\ResumeLayout\\WebProject\\ums-app\\vendor\\laravel\\framework\\src\\Illuminate\\Foundation\\Http\\Kernel.php(167): Illuminate\\Routing\\Router->dispatch(Object(Illuminate\\Http\\Request))
#10 C:\\Users\\hp\\Documents\\ResumeLayout\\WebProject\\ums-app\\vendor\\laravel\\framework\\src\\Illuminate\\Pipeline\\Pipeline.php(128): Illuminate\\Foundation\\Http\\Kernel->Illuminate\\Foundation\\Http\\{closure}(Object(Illuminate\\Http\\Request))
#11 C:\\Users\\hp\\Documents\\ResumeLayout\\WebProject\\ums-app\\vendor\\laravel\\framework\\src\\Illuminate\\Foundation\\Http\\Middleware\\TransformsRequest.php(21): Illuminate\\Pipeline\\Pipeline->Illuminate\\Pipeline\\{closure}(Object(Illuminate\\Http\\Request))
#12 C:\\Users\\hp\\Documents\\ResumeLayout\\WebProject\\ums-app\\vendor\\laravel\\framework\\src\\Illuminate\\Foundation\\Http\\Middleware\\ConvertEmptyStringsToNull.php(31): Illuminate\\Foundation\\Http\\Middleware\\TransformsRequest->handle(Object(Illuminate\\Http\\Request), Object(Closure))
#13 C:\\Users\\hp\\Documents\\ResumeLayout\\WebProject\\ums-app\\vendor\\laravel\\framework\\src\\Illuminate\\Pipeline\\Pipeline.php(167): Illuminate\\Foundation\\Http\\Middleware\\ConvertEmptyStringsToNull->handle(Object(Illuminate\\Http\\Request), Object(Closure))
#14 C:\\Users\\hp\\Documents\\ResumeLayout\\WebProject\\ums-app\\vendor\\laravel\\framework\\src\\Illuminate\\Foundation\\Http\\Middleware\\TransformsRequest.php(21): Illuminate\\Pipeline\\Pipeline->Illuminate\\Pipeline\\{closure}(Object(Illuminate\\Http\\Request))
#15 C:\\Users\\hp\\Documents\\ResumeLayout\\WebProject\\ums-app\\vendor\\laravel\\framework\\src\\Illuminate\\Foundation\\Http\\Middleware\\TrimStrings.php(40): Illuminate\\Foundation\\Http\\Middleware\\TransformsRequest->handle(Object(Illuminate\\Http\\Request), Object(Closure))
#16 C:\\Users\\hp\\Documents\\ResumeLayout\\WebProject\\ums-app\\vendor\\laravel\\framework\\src\\Illuminate\\Pipeline\\Pipeline.php(167): Illuminate\\Foundation\\Http\\Middleware\\TrimStrings->handle(Object(Illuminate\\Http\\Request), Object(Closure))
#17 C:\\Users\\hp\\Documents\\ResumeLayout\\WebProject\\ums-app\\vendor\\laravel\\framework\\src\\Illuminate\\Foundation\\Http\\Middleware\\ValidatePostSize.php(27): Illuminate\\Pipeline\\Pipeline->Illuminate\\Pipeline\\{closure}(Object(Illuminate\\Http\\Request))
#18 C:\\Users\\hp\\Documents\\ResumeLayout\\WebProject\\ums-app\\vendor\\laravel\\framework\\src\\Illuminate\\Pipeline\\Pipeline.php(167): Illuminate\\Foundation\\Http\\Middleware\\ValidatePostSize->handle(Object(Illuminate\\Http\\Request), Object(Closure))
#19 C:\\Users\\hp\\Documents\\ResumeLayout\\WebProject\\ums-app\\vendor\\laravel\\framework\\src\\Illuminate\\Foundation\\Http\\Middleware\\PreventRequestsDuringMaintenance.php(86): Illuminate\\Pipeline\\Pipeline->Illuminate\\Pipeline\\{closure}(Object(Illuminate\\Http\\Request))
#20 C:\\Users\\hp\\Documents\\ResumeLayout\\WebProject\\ums-app\\vendor\\laravel\\framework\\src\\Illuminate\\Pipeline\\Pipeline.php(167): Illuminate\\Foundation\\Http\\Middleware\\PreventRequestsDuringMaintenance->handle(Object(Illuminate\\Http\\Request), Object(Closure))
#21 C:\\Users\\hp\\Documents\\ResumeLayout\\WebProject\\ums-app\\vendor\\fruitcake\\laravel-cors\\src\\HandleCors.php(52): Illuminate\\Pipeline\\Pipeline->Illuminate\\Pipeline\\{closure}(Object(Illuminate\\Http\\Request))
#22 C:\\Users\\hp\\Documents\\ResumeLayout\\WebProject\\ums-app\\vendor\\laravel\\framework\\src\\Illuminate\\Pipeline\\Pipeline.php(167): Fruitcake\\Cors\\HandleCors->handle(Object(Illuminate\\Http\\Request), Object(Closure))
#23 C:\\Users\\hp\\Documents\\ResumeLayout\\WebProject\\ums-app\\vendor\\fideloper\\proxy\\src\\TrustProxies.php(57): Illuminate\\Pipeline\\Pipeline->Illuminate\\Pipeline\\{closure}(Object(Illuminate\\Http\\Request))
#24 C:\\Users\\hp\\Documents\\ResumeLayout\\WebProject\\ums-app\\vendor\\laravel\\framework\\src\\Illuminate\\Pipeline\\Pipeline.php(167): Fideloper\\Proxy\\TrustProxies->handle(Object(Illuminate\\Http\\Request), Object(Closure))
#25 C:\\Users\\hp\\Documents\\ResumeLayout\\WebProject\\ums-app\\vendor\\laravel\\framework\\src\\Illuminate\\Pipeline\\Pipeline.php(103): Illuminate\\Pipeline\\Pipeline->Illuminate\\Pipeline\\{closure}(Object(Illuminate\\Http\\Request))
#26 C:\\Users\\hp\\Documents\\ResumeLayout\\WebProject\\ums-app\\vendor\\laravel\\framework\\src\\Illuminate\\Foundation\\Http\\Kernel.php(142): Illuminate\\Pipeline\\Pipeline->then(Object(Closure))
#27 C:\\Users\\hp\\Documents\\ResumeLayout\\WebProject\\ums-app\\vendor\\laravel\\framework\\src\\Illuminate\\Foundation\\Http\\Kernel.php(111): Illuminate\\Foundation\\Http\\Kernel->sendRequestThroughRouter(Object(Illuminate\\Http\\Request))
#28 C:\\Users\\hp\\Documents\\ResumeLayout\\WebProject\\ums-app\\vendor\\laravel\\framework\\src\\Illuminate\\Foundation\\Testing\\Concerns\\MakesHttpRequests.php(510): Illuminate\\Foundation\\Http\\Kernel->handle(Object(Illuminate\\Http\\Request))
#29 C:\\Users\\hp\\Documents\\ResumeLayout\\WebProject\\ums-app\\vendor\\laravel\\framework\\src\\Illuminate\\Foundation\\Testing\\Concerns\\MakesHttpRequests.php(476): Illuminate\\Foundation\\Testing\\TestCase->call('GET', '/api/test/unhan...', Array, Array, Array, Array, '[]')
#30 C:\\Users\\hp\\Documents\\ResumeLayout\\WebProject\\ums-app\\vendor\\laravel\\framework\\src\\Illuminate\\Foundation\\Testing\\Concerns\\MakesHttpRequests.php(306): Illuminate\\Foundation\\Testing\\TestCase->json('GET', '/api/test/unhan...', Array, Array)
#31 C:\\Users\\hp\\Documents\\ResumeLayout\\WebProject\\ums-app\\tests\\Feature\\ApiResponseAndExceptionHandlerTest.php(185): Illuminate\\Foundation\\Testing\\TestCase->getJson('/api/test/unhan...')
#32 C:\\Users\\hp\\Documents\\ResumeLayout\\WebProject\\ums-app\\vendor\\phpunit\\phpunit\\src\\Framework\\TestCase.php(1617): Tests\\Feature\\ApiResponseAndExceptionHandlerTest->unhandled_exception_response_does_not_expose_stack_trace()
#33 C:\\Users\\hp\\Documents\\ResumeLayout\\WebProject\\ums-app\\vendor\\phpunit\\phpunit\\src\\Framework\\TestCase.php(1223): PHPUnit\\Framework\\TestCase->runTest()
#34 C:\\Users\\hp\\Documents\\ResumeLayout\\WebProject\\ums-app\\vendor\\phpunit\\phpunit\\src\\Framework\\TestResult.php(729): PHPUnit\\Framework\\TestCase->runBare()
#35 C:\\Users\\hp\\Documents\\ResumeLayout\\WebProject\\ums-app\\vendor\\phpunit\\phpunit\\src\\Framework\\TestCase.php(973): PHPUnit\\Framework\\TestResult->run(Object(Tests\\Feature\\ApiResponseAndExceptionHandlerTest))
#36 C:\\Users\\hp\\Documents\\ResumeLayout\\WebProject\\ums-app\\vendor\\phpunit\\phpunit\\src\\Framework\\TestSuite.php(685): PHPUnit\\Framework\\TestCase->run(Object(PHPUnit\\Framework\\TestResult))
#37 C:\\Users\\hp\\Documents\\ResumeLayout\\WebProject\\ums-app\\vendor\\phpunit\\phpunit\\src\\Framework\\TestSuite.php(685): PHPUnit\\Framework\\TestSuite->run(Object(PHPUnit\\Framework\\TestResult))
#38 C:\\Users\\hp\\Documents\\ResumeLayout\\WebProject\\ums-app\\vendor\\phpunit\\phpunit\\src\\Framework\\TestSuite.php(685): PHPUnit\\Framework\\TestSuite->run(Object(PHPUnit\\Framework\\TestResult))
#39 C:\\Users\\hp\\Documents\\ResumeLayout\\WebProject\\ums-app\\vendor\\phpunit\\phpunit\\src\\TextUI\\TestRunner.php(651): PHPUnit\\Framework\\TestSuite->run(Object(PHPUnit\\Framework\\TestResult))
#40 C:\\Users\\hp\\Documents\\ResumeLayout\\WebProject\\ums-app\\vendor\\phpunit\\phpunit\\src\\TextUI\\Command.php(146): PHPUnit\\TextUI\\TestRunner->run(Object(PHPUnit\\Framework\\TestSuite), Array, Array, true)
#41 C:\\Users\\hp\\Documents\\ResumeLayout\\WebProject\\ums-app\\vendor\\phpunit\\phpunit\\src\\TextUI\\Command.php(99): PHPUnit\\TextUI\\Command->run(Array, true)
#42 C:\\Users\\hp\\Documents\\ResumeLayout\\WebProject\\ums-app\\vendor\\phpunit\\phpunit\\phpunit(107): PHPUnit\\TextUI\\Command::main()
#43 {main}
"} 
[2026-05-29 13:39:18] testing.ERROR: Internal boom {"exception":"[object] (RuntimeException(code: 0): Internal boom at C:\\Users\\hp\\Documents\\ResumeLayout\\WebProject\\ums-app\\tests\\Feature\\ApiResponseAndExceptionHandlerTest.php:52)
[stacktrace]
#0 C:\\Users\\hp\\Documents\\ResumeLayout\\WebProject\\ums-app\\vendor\\laravel\\framework\\src\\Illuminate\\Routing\\Route.php(238): Tests\\Feature\\ApiResponseAndExceptionHandlerTest->Tests\\Feature\\{closure}()
#1 C:\\Users\\hp\\Documents\\ResumeLayout\\WebProject\\ums-app\\vendor\\laravel\\framework\\src\\Illuminate\\Routing\\Route.php(208): Illuminate\\Routing\\Route->runCallable()
#2 C:\\Users\\hp\\Documents\\ResumeLayout\\WebProject\\ums-app\\vendor\\laravel\\framework\\src\\Illuminate\\Routing\\Router.php(721): Illuminate\\Routing\\Route->run()
#3 C:\\Users\\hp\\Documents\\ResumeLayout\\WebProject\\ums-app\\vendor\\laravel\\framework\\src\\Illuminate\\Pipeline\\Pipeline.php(128): Illuminate\\Routing\\Router->Illuminate\\Routing\\{closure}(Object(Illuminate\\Http\\Request))
#4 C:\\Users\\hp\\Documents\\ResumeLayout\\WebProject\\ums-app\\vendor\\laravel\\framework\\src\\Illuminate\\Pipeline\\Pipeline.php(103): Illuminate\\Pipeline\\Pipeline->Illuminate\\Pipeline\\{closure}(Object(Illuminate\\Http\\Request))
#5 C:\\Users\\hp\\Documents\\ResumeLayout\\WebProject\\ums-app\\vendor\\laravel\\framework\\src\\Illuminate\\Routing\\Router.php(723): Illuminate\\Pipeline\\Pipeline->then(Object(Closure))
#6 C:\\Users\\hp\\Documents\\ResumeLayout\\WebProject\\ums-app\\vendor\\laravel\\framework\\src\\Illuminate\\Routing\\Router.php(698): Illuminate\\Routing\\Router->runRouteWithinStack(Object(Illuminate\\Routing\\Route), Object(Illuminate\\Http\\Request))
#7 C:\\Users\\hp\\Documents\\ResumeLayout\\WebProject\\ums-app\\vendor\\laravel\\framework\\src\\Illuminate\\Routing\\Router.php(662): Illuminate\\Routing\\Router->runRoute(Object(Illuminate\\Http\\Request), Object(Illuminate\\Routing\\Route))
#8 C:\\Users\\hp\\Documents\\ResumeLayout\\WebProject\\ums-app\\vendor\\laravel\\framework\\src\\Illuminate\\Routing\\Router.php(651): Illuminate\\Routing\\Router->dispatchToRoute(Object(Illuminate\\Http\\Request))
#9 C:\\Users\\hp\\Documents\\ResumeLayout\\WebProject\\ums-app\\vendor\\laravel\\framework\\src\\Illuminate\\Foundation\\Http\\Kernel.php(167): Illuminate\\Routing\\Router->dispatch(Object(Illuminate\\Http\\Request))
#10 C:\\Users\\hp\\Documents\\ResumeLayout\\WebProject\\ums-app\\vendor\\laravel\\framework\\src\\Illuminate\\Pipeline\\Pipeline.php(128): Illuminate\\Foundation\\Http\\Kernel->Illuminate\\Foundation\\Http\\{closure}(Object(Illuminate\\Http\\Request))
#11 C:\\Users\\hp\\Documents\\ResumeLayout\\WebProject\\ums-app\\vendor\\laravel\\framework\\src\\Illuminate\\Foundation\\Http\\Middleware\\TransformsRequest.php(21): Illuminate\\Pipeline\\Pipeline->Illuminate\\Pipeline\\{closure}(Object(Illuminate\\Http\\Request))
#12 C:\\Users\\hp\\Documents\\ResumeLayout\\WebProject\\ums-app\\vendor\\laravel\\framework\\src\\Illuminate\\Foundation\\Http\\Middleware\\ConvertEmptyStringsToNull.php(31): Illuminate\\Foundation\\Http\\Middleware\\TransformsRequest->handle(Object(Illuminate\\Http\\Request), Object(Closure))
#13 C:\\Users\\hp\\Documents\\ResumeLayout\\WebProject\\ums-app\\vendor\\laravel\\framework\\src\\Illuminate\\Pipeline\\Pipeline.php(167): Illuminate\\Foundation\\Http\\Middleware\\ConvertEmptyStringsToNull->handle(Object(Illuminate\\Http\\Request), Object(Closure))
#14 C:\\Users\\hp\\Documents\\ResumeLayout\\WebProject\\ums-app\\vendor\\laravel\\framework\\src\\Illuminate\\Foundation\\Http\\Middleware\\TransformsRequest.php(21): Illuminate\\Pipeline\\Pipeline->Illuminate\\Pipeline\\{closure}(Object(Illuminate\\Http\\Request))
#15 C:\\Users\\hp\\Documents\\ResumeLayout\\WebProject\\ums-app\\vendor\\laravel\\framework\\src\\Illuminate\\Foundation\\Http\\Middleware\\TrimStrings.php(40): Illuminate\\Foundation\\Http\\Middleware\\TransformsRequest->handle(Object(Illuminate\\Http\\Request), Object(Closure))
#16 C:\\Users\\hp\\Documents\\ResumeLayout\\WebProject\\ums-app\\vendor\\laravel\\framework\\src\\Illuminate\\Pipeline\\Pipeline.php(167): Illuminate\\Foundation\\Http\\Middleware\\TrimStrings->handle(Object(Illuminate\\Http\\Request), Object(Closure))
#17 C:\\Users\\hp\\Documents\\ResumeLayout\\WebProject\\ums-app\\vendor\\laravel\\framework\\src\\Illuminate\\Foundation\\Http\\Middleware\\ValidatePostSize.php(27): Illuminate\\Pipeline\\Pipeline->Illuminate\\Pipeline\\{closure}(Object(Illuminate\\Http\\Request))
#18 C:\\Users\\hp\\Documents\\ResumeLayout\\WebProject\\ums-app\\vendor\\laravel\\framework\\src\\Illuminate\\Pipeline\\Pipeline.php(167): Illuminate\\Foundation\\Http\\Middleware\\ValidatePostSize->handle(Object(Illuminate\\Http\\Request), Object(Closure))
#19 C:\\Users\\hp\\Documents\\ResumeLayout\\WebProject\\ums-app\\vendor\\laravel\\framework\\src\\Illuminate\\Foundation\\Http\\Middleware\\PreventRequestsDuringMaintenance.php(86): Illuminate\\Pipeline\\Pipeline->Illuminate\\Pipeline\\{closure}(Object(Illuminate\\Http\\Request))
#20 C:\\Users\\hp\\Documents\\ResumeLayout\\WebProject\\ums-app\\vendor\\laravel\\framework\\src\\Illuminate\\Pipeline\\Pipeline.php(167): Illuminate\\Foundation\\Http\\Middleware\\PreventRequestsDuringMaintenance->handle(Object(Illuminate\\Http\\Request), Object(Closure))
#21 C:\\Users\\hp\\Documents\\ResumeLayout\\WebProject\\ums-app\\vendor\\fruitcake\\laravel-cors\\src\\HandleCors.php(52): Illuminate\\Pipeline\\Pipeline->Illuminate\\Pipeline\\{closure}(Object(Illuminate\\Http\\Request))
#22 C:\\Users\\hp\\Documents\\ResumeLayout\\WebProject\\ums-app\\vendor\\laravel\\framework\\src\\Illuminate\\Pipeline\\Pipeline.php(167): Fruitcake\\Cors\\HandleCors->handle(Object(Illuminate\\Http\\Request), Object(Closure))
#23 C:\\Users\\hp\\Documents\\ResumeLayout\\WebProject\\ums-app\\vendor\\fideloper\\proxy\\src\\TrustProxies.php(57): Illuminate\\Pipeline\\Pipeline->Illuminate\\Pipeline\\{closure}(Object(Illuminate\\Http\\Request))
#24 C:\\Users\\hp\\Documents\\ResumeLayout\\WebProject\\ums-app\\vendor\\laravel\\framework\\src\\Illuminate\\Pipeline\\Pipeline.php(167): Fideloper\\Proxy\\TrustProxies->handle(Object(Illuminate\\Http\\Request), Object(Closure))
#25 C:\\Users\\hp\\Documents\\ResumeLayout\\WebProject\\ums-app\\vendor\\laravel\\framework\\src\\Illuminate\\Pipeline\\Pipeline.php(103): Illuminate\\Pipeline\\Pipeline->Illuminate\\Pipeline\\{closure}(Object(Illuminate\\Http\\Request))
#26 C:\\Users\\hp\\Documents\\ResumeLayout\\WebProject\\ums-app\\vendor\\laravel\\framework\\src\\Illuminate\\Foundation\\Http\\Kernel.php(142): Illuminate\\Pipeline\\Pipeline->then(Object(Closure))
#27 C:\\Users\\hp\\Documents\\ResumeLayout\\WebProject\\ums-app\\vendor\\laravel\\framework\\src\\Illuminate\\Foundation\\Http\\Kernel.php(111): Illuminate\\Foundation\\Http\\Kernel->sendRequestThroughRouter(Object(Illuminate\\Http\\Request))
#28 C:\\Users\\hp\\Documents\\ResumeLayout\\WebProject\\ums-app\\vendor\\laravel\\framework\\src\\Illuminate\\Foundation\\Testing\\Concerns\\MakesHttpRequests.php(510): Illuminate\\Foundation\\Http\\Kernel->handle(Object(Illuminate\\Http\\Request))
#29 C:\\Users\\hp\\Documents\\ResumeLayout\\WebProject\\ums-app\\vendor\\laravel\\framework\\src\\Illuminate\\Foundation\\Testing\\Concerns\\MakesHttpRequests.php(476): Illuminate\\Foundation\\Testing\\TestCase->call('GET', '/api/test/unhan...', Array, Array, Array, Array, '[]')
#30 C:\\Users\\hp\\Documents\\ResumeLayout\\WebProject\\ums-app\\vendor\\laravel\\framework\\src\\Illuminate\\Foundation\\Testing\\Concerns\\MakesHttpRequests.php(306): Illuminate\\Foundation\\Testing\\TestCase->json('GET', '/api/test/unhan...', Array, Array)
#31 C:\\Users\\hp\\Documents\\ResumeLayout\\WebProject\\ums-app\\tests\\Feature\\ApiResponseAndExceptionHandlerTest.php(173): Illuminate\\Foundation\\Testing\\TestCase->getJson('/api/test/unhan...')
#32 C:\\Users\\hp\\Documents\\ResumeLayout\\WebProject\\ums-app\\vendor\\phpunit\\phpunit\\src\\Framework\\TestCase.php(1617): Tests\\Feature\\ApiResponseAndExceptionHandlerTest->unhandled_exception_returns_500_with_generic_message()
#33 C:\\Users\\hp\\Documents\\ResumeLayout\\WebProject\\ums-app\\vendor\\phpunit\\phpunit\\src\\Framework\\TestCase.php(1223): PHPUnit\\Framework\\TestCase->runTest()
#34 C:\\Users\\hp\\Documents\\ResumeLayout\\WebProject\\ums-app\\vendor\\phpunit\\phpunit\\src\\Framework\\TestResult.php(729): PHPUnit\\Framework\\TestCase->runBare()
#35 C:\\Users\\hp\\Documents\\ResumeLayout\\WebProject\\ums-app\\vendor\\phpunit\\phpunit\\src\\Framework\\TestCase.php(973): PHPUnit\\Framework\\TestResult->run(Object(Tests\\Feature\\ApiResponseAndExceptionHandlerTest))
#36 C:\\Users\\hp\\Documents\\ResumeLayout\\WebProject\\ums-app\\vendor\\phpunit\\phpunit\\src\\Framework\\TestSuite.php(685): PHPUnit\\Framework\\TestCase->run(Object(PHPUnit\\Framework\\TestResult))
#37 C:\\Users\\hp\\Documents\\ResumeLayout\\WebProject\\ums-app\\vendor\\phpunit\\phpunit\\src\\Framework\\TestSuite.php(685): PHPUnit\\Framework\\TestSuite->run(Object(PHPUnit\\Framework\\TestResult))
#38 C:\\Users\\hp\\Documents\\ResumeLayout\\WebProject\\ums-app\\vendor\\phpunit\\phpunit\\src\\Framework\\TestSuite.php(685): PHPUnit\\Framework\\TestSuite->run(Object(PHPUnit\\Framework\\TestResult))
#39 C:\\Users\\hp\\Documents\\ResumeLayout\\WebProject\\ums-app\\vendor\\phpunit\\phpunit\\src\\TextUI\\TestRunner.php(651): PHPUnit\\Framework\\TestSuite->run(Object(PHPUnit\\Framework\\TestResult))
#40 C:\\Users\\hp\\Documents\\ResumeLayout\\WebProject\\ums-app\\vendor\\phpunit\\phpunit\\src\\TextUI\\Command.php(146): PHPUnit\\TextUI\\TestRunner->run(Object(PHPUnit\\Framework\\TestSuite), Array, Array, true)
#41 C:\\Users\\hp\\Documents\\ResumeLayout\\WebProject\\ums-app\\vendor\\phpunit\\phpunit\\src\\TextUI\\Command.php(99): PHPUnit\\TextUI\\Command->run(Array, true)
#42 C:\\Users\\hp\\Documents\\ResumeLayout\\WebProject\\ums-app\\vendor\\phpunit\\phpunit\\phpunit(107): PHPUnit\\TextUI\\Command::main()
#43 {main}
"} 
[2026-05-29 13:39:18] testing.ERROR: Internal boom {"exception":"[object] (RuntimeException(code: 0): Internal boom at C:\\Users\\hp\\Documents\\ResumeLayout\\WebProject\\ums-app\\tests\\Feature\\ApiResponseAndExceptionHandlerTest.php:52)
[stacktrace]
#0 C:\\Users\\hp\\Documents\\ResumeLayout\\WebProject\\ums-app\\vendor\\laravel\\framework\\src\\Illuminate\\Routing\\Route.php(238): Tests\\Feature\\ApiResponseAndExceptionHandlerTest->Tests\\Feature\\{closure}()
#1 C:\\Users\\hp\\Documents\\ResumeLayout\\WebProject\\ums-app\\vendor\\laravel\\framework\\src\\Illuminate\\Routing\\Route.php(208): Illuminate\\Routing\\Route->runCallable()
#2 C:\\Users\\hp\\Documents\\ResumeLayout\\WebProject\\ums-app\\vendor\\laravel\\framework\\src\\Illuminate\\Routing\\Router.php(721): Illuminate\\Routing\\Route->run()
#3 C:\\Users\\hp\\Documents\\ResumeLayout\\WebProject\\ums-app\\vendor\\laravel\\framework\\src\\Illuminate\\Pipeline\\Pipeline.php(128): Illuminate\\Routing\\Router->Illuminate\\Routing\\{closure}(Object(Illuminate\\Http\\Request))
#4 C:\\Users\\hp\\Documents\\ResumeLayout\\WebProject\\ums-app\\vendor\\laravel\\framework\\src\\Illuminate\\Pipeline\\Pipeline.php(103): Illuminate\\Pipeline\\Pipeline->Illuminate\\Pipeline\\{closure}(Object(Illuminate\\Http\\Request))
#5 C:\\Users\\hp\\Documents\\ResumeLayout\\WebProject\\ums-app\\vendor\\laravel\\framework\\src\\Illuminate\\Routing\\Router.php(723): Illuminate\\Pipeline\\Pipeline->then(Object(Closure))
#6 C:\\Users\\hp\\Documents\\ResumeLayout\\WebProject\\ums-app\\vendor\\laravel\\framework\\src\\Illuminate\\Routing\\Router.php(698): Illuminate\\Routing\\Router->runRouteWithinStack(Object(Illuminate\\Routing\\Route), Object(Illuminate\\Http\\Request))
#7 C:\\Users\\hp\\Documents\\ResumeLayout\\WebProject\\ums-app\\vendor\\laravel\\framework\\src\\Illuminate\\Routing\\Router.php(662): Illuminate\\Routing\\Router->runRoute(Object(Illuminate\\Http\\Request), Object(Illuminate\\Routing\\Route))
#8 C:\\Users\\hp\\Documents\\ResumeLayout\\WebProject\\ums-app\\vendor\\laravel\\framework\\src\\Illuminate\\Routing\\Router.php(651): Illuminate\\Routing\\Router->dispatchToRoute(Object(Illuminate\\Http\\Request))
#9 C:\\Users\\hp\\Documents\\ResumeLayout\\WebProject\\ums-app\\vendor\\laravel\\framework\\src\\Illuminate\\Foundation\\Http\\Kernel.php(167): Illuminate\\Routing\\Router->dispatch(Object(Illuminate\\Http\\Request))
#10 C:\\Users\\hp\\Documents\\ResumeLayout\\WebProject\\ums-app\\vendor\\laravel\\framework\\src\\Illuminate\\Pipeline\\Pipeline.php(128): Illuminate\\Foundation\\Http\\Kernel->Illuminate\\Foundation\\Http\\{closure}(Object(Illuminate\\Http\\Request))
#11 C:\\Users\\hp\\Documents\\ResumeLayout\\WebProject\\ums-app\\vendor\\laravel\\framework\\src\\Illuminate\\Foundation\\Http\\Middleware\\TransformsRequest.php(21): Illuminate\\Pipeline\\Pipeline->Illuminate\\Pipeline\\{closure}(Object(Illuminate\\Http\\Request))
#12 C:\\Users\\hp\\Documents\\ResumeLayout\\WebProject\\ums-app\\vendor\\laravel\\framework\\src\\Illuminate\\Foundation\\Http\\Middleware\\ConvertEmptyStringsToNull.php(31): Illuminate\\Foundation\\Http\\Middleware\\TransformsRequest->handle(Object(Illuminate\\Http\\Request), Object(Closure))
#13 C:\\Users\\hp\\Documents\\ResumeLayout\\WebProject\\ums-app\\vendor\\laravel\\framework\\src\\Illuminate\\Pipeline\\Pipeline.php(167): Illuminate\\Foundation\\Http\\Middleware\\ConvertEmptyStringsToNull->handle(Object(Illuminate\\Http\\Request), Object(Closure))
#14 C:\\Users\\hp\\Documents\\ResumeLayout\\WebProject\\ums-app\\vendor\\laravel\\framework\\src\\Illuminate\\Foundation\\Http\\Middleware\\TransformsRequest.php(21): Illuminate\\Pipeline\\Pipeline->Illuminate\\Pipeline\\{closure}(Object(Illuminate\\Http\\Request))
#15 C:\\Users\\hp\\Documents\\ResumeLayout\\WebProject\\ums-app\\vendor\\laravel\\framework\\src\\Illuminate\\Foundation\\Http\\Middleware\\TrimStrings.php(40): Illuminate\\Foundation\\Http\\Middleware\\TransformsRequest->handle(Object(Illuminate\\Http\\Request), Object(Closure))
#16 C:\\Users\\hp\\Documents\\ResumeLayout\\WebProject\\ums-app\\vendor\\laravel\\framework\\src\\Illuminate\\Pipeline\\Pipeline.php(167): Illuminate\\Foundation\\Http\\Middleware\\TrimStrings->handle(Object(Illuminate\\Http\\Request), Object(Closure))
#17 C:\\Users\\hp\\Documents\\ResumeLayout\\WebProject\\ums-app\\vendor\\laravel\\framework\\src\\Illuminate\\Foundation\\Http\\Middleware\\ValidatePostSize.php(27): Illuminate\\Pipeline\\Pipeline->Illuminate\\Pipeline\\{closure}(Object(Illuminate\\Http\\Request))
#18 C:\\Users\\hp\\Documents\\ResumeLayout\\WebProject\\ums-app\\vendor\\laravel\\framework\\src\\Illuminate\\Pipeline\\Pipeline.php(167): Illuminate\\Foundation\\Http\\Middleware\\ValidatePostSize->handle(Object(Illuminate\\Http\\Request), Object(Closure))
#19 C:\\Users\\hp\\Documents\\ResumeLayout\\WebProject\\ums-app\\vendor\\laravel\\framework\\src\\Illuminate\\Foundation\\Http\\Middleware\\PreventRequestsDuringMaintenance.php(86): Illuminate\\Pipeline\\Pipeline->Illuminate\\Pipeline\\{closure}(Object(Illuminate\\Http\\Request))
#20 C:\\Users\\hp\\Documents\\ResumeLayout\\WebProject\\ums-app\\vendor\\laravel\\framework\\src\\Illuminate\\Pipeline\\Pipeline.php(167): Illuminate\\Foundation\\Http\\Middleware\\PreventRequestsDuringMaintenance->handle(Object(Illuminate\\Http\\Request), Object(Closure))
#21 C:\\Users\\hp\\Documents\\ResumeLayout\\WebProject\\ums-app\\vendor\\fruitcake\\laravel-cors\\src\\HandleCors.php(52): Illuminate\\Pipeline\\Pipeline->Illuminate\\Pipeline\\{closure}(Object(Illuminate\\Http\\Request))
#22 C:\\Users\\hp\\Documents\\ResumeLayout\\WebProject\\ums-app\\vendor\\laravel\\framework\\src\\Illuminate\\Pipeline\\Pipeline.php(167): Fruitcake\\Cors\\HandleCors->handle(Object(Illuminate\\Http\\Request), Object(Closure))
#23 C:\\Users\\hp\\Documents\\ResumeLayout\\WebProject\\ums-app\\vendor\\fideloper\\proxy\\src\\TrustProxies.php(57): Illuminate\\Pipeline\\Pipeline->Illuminate\\Pipeline\\{closure}(Object(Illuminate\\Http\\Request))
#24 C:\\Users\\hp\\Documents\\ResumeLayout\\WebProject\\ums-app\\vendor\\laravel\\framework\\src\\Illuminate\\Pipeline\\Pipeline.php(167): Fideloper\\Proxy\\TrustProxies->handle(Object(Illuminate\\Http\\Request), Object(Closure))
#25 C:\\Users\\hp\\Documents\\ResumeLayout\\WebProject\\ums-app\\vendor\\laravel\\framework\\src\\Illuminate\\Pipeline\\Pipeline.php(103): Illuminate\\Pipeline\\Pipeline->Illuminate\\Pipeline\\{closure}(Object(Illuminate\\Http\\Request))
#26 C:\\Users\\hp\\Documents\\ResumeLayout\\WebProject\\ums-app\\vendor\\laravel\\framework\\src\\Illuminate\\Foundation\\Http\\Kernel.php(142): Illuminate\\Pipeline\\Pipeline->then(Object(Closure))
#27 C:\\Users\\hp\\Documents\\ResumeLayout\\WebProject\\ums-app\\vendor\\laravel\\framework\\src\\Illuminate\\Foundation\\Http\\Kernel.php(111): Illuminate\\Foundation\\Http\\Kernel->sendRequestThroughRouter(Object(Illuminate\\Http\\Request))
#28 C:\\Users\\hp\\Documents\\ResumeLayout\\WebProject\\ums-app\\vendor\\laravel\\framework\\src\\Illuminate\\Foundation\\Testing\\Concerns\\MakesHttpRequests.php(510): Illuminate\\Foundation\\Http\\Kernel->handle(Object(Illuminate\\Http\\Request))
#29 C:\\Users\\hp\\Documents\\ResumeLayout\\WebProject\\ums-app\\vendor\\laravel\\framework\\src\\Illuminate\\Foundation\\Testing\\Concerns\\MakesHttpRequests.php(476): Illuminate\\Foundation\\Testing\\TestCase->call('GET', '/api/test/unhan...', Array, Array, Array, Array, '[]')
#30 C:\\Users\\hp\\Documents\\ResumeLayout\\WebProject\\ums-app\\vendor\\laravel\\framework\\src\\Illuminate\\Foundation\\Testing\\Concerns\\MakesHttpRequests.php(306): Illuminate\\Foundation\\Testing\\TestCase->json('GET', '/api/test/unhan...', Array, Array)
#31 C:\\Users\\hp\\Documents\\ResumeLayout\\WebProject\\ums-app\\tests\\Feature\\ApiResponseAndExceptionHandlerTest.php(185): Illuminate\\Foundation\\Testing\\TestCase->getJson('/api/test/unhan...')
#32 C:\\Users\\hp\\Documents\\ResumeLayout\\WebProject\\ums-app\\vendor\\phpunit\\phpunit\\src\\Framework\\TestCase.php(1617): Tests\\Feature\\ApiResponseAndExceptionHandlerTest->unhandled_exception_response_does_not_expose_stack_trace()
#33 C:\\Users\\hp\\Documents\\ResumeLayout\\WebProject\\ums-app\\vendor\\phpunit\\phpunit\\src\\Framework\\TestCase.php(1223): PHPUnit\\Framework\\TestCase->runTest()
#34 C:\\Users\\hp\\Documents\\ResumeLayout\\WebProject\\ums-app\\vendor\\phpunit\\phpunit\\src\\Framework\\TestResult.php(729): PHPUnit\\Framework\\TestCase->runBare()
#35 C:\\Users\\hp\\Documents\\ResumeLayout\\WebProject\\ums-app\\vendor\\phpunit\\phpunit\\src\\Framework\\TestCase.php(973): PHPUnit\\Framework\\TestResult->run(Object(Tests\\Feature\\ApiResponseAndExceptionHandlerTest))
#36 C:\\Users\\hp\\Documents\\ResumeLayout\\WebProject\\ums-app\\vendor\\phpunit\\phpunit\\src\\Framework\\TestSuite.php(685): PHPUnit\\Framework\\TestCase->run(Object(PHPUnit\\Framework\\TestResult))
#37 C:\\Users\\hp\\Documents\\ResumeLayout\\WebProject\\ums-app\\vendor\\phpunit\\phpunit\\src\\Framework\\TestSuite.php(685): PHPUnit\\Framework\\TestSuite->run(Object(PHPUnit\\Framework\\TestResult))
#38 C:\\Users\\hp\\Documents\\ResumeLayout\\WebProject\\ums-app\\vendor\\phpunit\\phpunit\\src\\Framework\\TestSuite.php(685): PHPUnit\\Framework\\TestSuite->run(Object(PHPUnit\\Framework\\TestResult))
#39 C:\\Users\\hp\\Documents\\ResumeLayout\\WebProject\\ums-app\\vendor\\phpunit\\phpunit\\src\\TextUI\\TestRunner.php(651): PHPUnit\\Framework\\TestSuite->run(Object(PHPUnit\\Framework\\TestResult))
#40 C:\\Users\\hp\\Documents\\ResumeLayout\\WebProject\\ums-app\\vendor\\phpunit\\phpunit\\src\\TextUI\\Command.php(146): PHPUnit\\TextUI\\TestRunner->run(Object(PHPUnit\\Framework\\TestSuite), Array, Array, true)
#41 C:\\Users\\hp\\Documents\\ResumeLayout\\WebProject\\ums-app\\vendor\\phpunit\\phpunit\\src\\TextUI\\Command.php(99): PHPUnit\\TextUI\\Command->run(Array, true)
#42 C:\\Users\\hp\\Documents\\ResumeLayout\\WebProject\\ums-app\\vendor\\phpunit\\phpunit\\phpunit(107): PHPUnit\\TextUI\\Command::main()
#43 {main}
"} 
[2026-05-29 13:39:19] testing.ERROR: SQLSTATE[HY000]: General error: 1 no such table: attendances (SQL: insert into "attendances" ("student_id", "course_id", "date", "status", "updated_at", "created_at") values (1, 1, 2024-01-15, late, 2026-05-29 13:39:19, 2026-05-29 13:39:19)) {"exception":"[object] (Illuminate\\Database\\QueryException(code: HY000): SQLSTATE[HY000]: General error: 1 no such table: attendances (SQL: insert into \"attendances\" (\"student_id\", \"course_id\", \"date\", \"status\", \"updated_at\", \"created_at\") values (1, 1, 2024-01-15, late, 2026-05-29 13:39:19, 2026-05-29 13:39:19)) at C:\\Users\\hp\\Documents\\ResumeLayout\\WebProject\\ums-app\\vendor\\laravel\\framework\\src\\Illuminate\\Database\\Connection.php:712)
[stacktrace]
#0 C:\\Users\\hp\\Documents\\ResumeLayout\\WebProject\\ums-app\\vendor\\laravel\\framework\\src\\Illuminate\\Database\\Connection.php(672): Illuminate\\Database\\Connection->runQueryCallback('insert into \"at...', Array, Object(Closure))
#1 C:\\Users\\hp\\Documents\\ResumeLayout\\WebProject\\ums-app\\vendor\\laravel\\framework\\src\\Illuminate\\Database\\Connection.php(502): Illuminate\\Database\\Connection->run('insert into \"at...', Array, Object(Closure))
#2 C:\\Users\\hp\\Documents\\ResumeLayout\\WebProject\\ums-app\\vendor\\laravel\\framework\\src\\Illuminate\\Database\\Connection.php(454): Illuminate\\Database\\Connection->statement('insert into \"at...', Array)
#3 C:\\Users\\hp\\Documents\\ResumeLayout\\WebProject\\ums-app\\vendor\\laravel\\framework\\src\\Illuminate\\Database\\Query\\Processors\\Processor.php(32): Illuminate\\Database\\Connection->insert('insert into \"at...', Array)
#4 C:\\Users\\hp\\Documents\\ResumeLayout\\WebProject\\ums-app\\vendor\\laravel\\framework\\src\\Illuminate\\Database\\Query\\Builder.php(3028): Illuminate\\Database\\Query\\Processors\\Processor->processInsertGetId(Object(Illuminate\\Database\\Query\\Builder), 'insert into \"at...', Array, 'id')
#5 C:\\Users\\hp\\Documents\\ResumeLayout\\WebProject\\ums-app\\vendor\\laravel\\framework\\src\\Illuminate\\Database\\Eloquent\\Builder.php(1657): Illuminate\\Database\\Query\\Builder->insertGetId(Array, 'id')
#6 C:\\Users\\hp\\Documents\\ResumeLayout\\WebProject\\ums-app\\vendor\\laravel\\framework\\src\\Illuminate\\Database\\Eloquent\\Model.php(1188): Illuminate\\Database\\Eloquent\\Builder->__call('insertGetId', Array)
#7 C:\\Users\\hp\\Documents\\ResumeLayout\\WebProject\\ums-app\\vendor\\laravel\\framework\\src\\Illuminate\\Database\\Eloquent\\Model.php(1153): Illuminate\\Database\\Eloquent\\Model->insertAndSetId(Object(Illuminate\\Database\\Eloquent\\Builder), Array)
#8 C:\\Users\\hp\\Documents\\ResumeLayout\\WebProject\\ums-app\\vendor\\laravel\\framework\\src\\Illuminate\\Database\\Eloquent\\Model.php(994): Illuminate\\Database\\Eloquent\\Model->performInsert(Object(Illuminate\\Database\\Eloquent\\Builder))
#9 C:\\Users\\hp\\Documents\\ResumeLayout\\WebProject\\ums-app\\vendor\\laravel\\framework\\src\\Illuminate\\Database\\Eloquent\\Builder.php(896): Illuminate\\Database\\Eloquent\\Model->save()
#10 C:\\Users\\hp\\Documents\\ResumeLayout\\WebProject\\ums-app\\vendor\\laravel\\framework\\src\\Illuminate\\Support\\helpers.php(276): Illuminate\\Database\\Eloquent\\Builder->Illuminate\\Database\\Eloquent\\{closure}(Object(App\\Models\\Attendance))
#11 C:\\Users\\hp\\Documents\\ResumeLayout\\WebProject\\ums-app\\vendor\\laravel\\framework\\src\\Illuminate\\Database\\Eloquent\\Builder.php(897): tap(Object(App\\Models\\Attendance), Object(Closure))
#12 C:\\Users\\hp\\Documents\\ResumeLayout\\WebProject\\ums-app\\vendor\\laravel\\framework\\src\\Illuminate\\Support\\Traits\\ForwardsCalls.php(23): Illuminate\\Database\\Eloquent\\Builder->create(Array)
#13 C:\\Users\\hp\\Documents\\ResumeLayout\\WebProject\\ums-app\\vendor\\laravel\\framework\\src\\Illuminate\\Database\\Eloquent\\Model.php(2132): Illuminate\\Database\\Eloquent\\Model->forwardCallTo(Object(Illuminate\\Database\\Eloquent\\Builder), 'create', Array)
#14 C:\\Users\\hp\\Documents\\ResumeLayout\\WebProject\\ums-app\\vendor\\laravel\\framework\\src\\Illuminate\\Database\\Eloquent\\Model.php(2144): Illuminate\\Database\\Eloquent\\Model->__call('create', Array)
#15 C:\\Users\\hp\\Documents\\ResumeLayout\\WebProject\\ums-app\\app\\Services\\AttendanceService.php(23): Illuminate\\Database\\Eloquent\\Model::__callStatic('create', Array)
#16 C:\\Users\\hp\\Documents\\ResumeLayout\\WebProject\\ums-app\\app\\Http\\Controllers\\Api\\AttendanceController.php(35): App\\Services\\AttendanceService->create(Array, Object(App\\Models\\User))
#17 C:\\Users\\hp\\Documents\\ResumeLayout\\WebProject\\ums-app\\vendor\\laravel\\framework\\src\\Illuminate\\Routing\\Controller.php(54): App\\Http\\Controllers\\Api\\AttendanceController->store(Object(App\\Http\\Requests\\StoreAttendanceRequest))
#18 C:\\Users\\hp\\Documents\\ResumeLayout\\WebProject\\ums-app\\vendor\\laravel\\framework\\src\\Illuminate\\Routing\\ControllerDispatcher.php(45): Illuminate\\Routing\\Controller->callAction('store', Array)
#19 C:\\Users\\hp\\Documents\\ResumeLayout\\WebProject\\ums-app\\vendor\\laravel\\framework\\src\\Illuminate\\Routing\\Route.php(262): Illuminate\\Routing\\ControllerDispatcher->dispatch(Object(Illuminate\\Routing\\Route), Object(App\\Http\\Controllers\\Api\\AttendanceController), 'store')
#20 C:\\Users\\hp\\Documents\\ResumeLayout\\WebProject\\ums-app\\vendor\\laravel\\framework\\src\\Illuminate\\Routing\\Route.php(205): Illuminate\\Routing\\Route->runController()
#21 C:\\Users\\hp\\Documents\\ResumeLayout\\WebProject\\ums-app\\vendor\\laravel\\framework\\src\\Illuminate\\Routing\\Router.php(721): Illuminate\\Routing\\Route->run()
#22 C:\\Users\\hp\\Documents\\ResumeLayout\\WebProject\\ums-app\\vendor\\laravel\\framework\\src\\Illuminate\\Pipeline\\Pipeline.php(128): Illuminate\\Routing\\Router->Illuminate\\Routing\\{closure}(Object(Illuminate\\Http\\Request))
#23 C:\\Users\\hp\\Documents\\ResumeLayout\\WebProject\\ums-app\\app\\Http\\Middleware\\RoleMiddleware.php(32): Illuminate\\Pipeline\\Pipeline->Illuminate\\Pipeline\\{closure}(Object(Illuminate\\Http\\Request))
#24 C:\\Users\\hp\\Documents\\ResumeLayout\\WebProject\\ums-app\\vendor\\laravel\\framework\\src\\Illuminate\\Pipeline\\Pipeline.php(167): App\\Http\\Middleware\\RoleMiddleware->handle(Object(Illuminate\\Http\\Request), Object(Closure), 'admin', 'teacher')
#25 C:\\Users\\hp\\Documents\\ResumeLayout\\WebProject\\ums-app\\app\\Http\\Middleware\\JwtAuthMiddleware.php(43): Illuminate\\Pipeline\\Pipeline->Illuminate\\Pipeline\\{closure}(Object(Illuminate\\Http\\Request))
#26 C:\\Users\\hp\\Documents\\ResumeLayout\\WebProject\\ums-app\\vendor\\laravel\\framework\\src\\Illuminate\\Pipeline\\Pipeline.php(167): App\\Http\\Middleware\\JwtAuthMiddleware->handle(Object(Illuminate\\Http\\Request), Object(Closure))
#27 C:\\Users\\hp\\Documents\\ResumeLayout\\WebProject\\ums-app\\vendor\\laravel\\framework\\src\\Illuminate\\Routing\\Middleware\\SubstituteBindings.php(50): Illuminate\\Pipeline\\Pipeline->Illuminate\\Pipeline\\{closure}(Object(Illuminate\\Http\\Request))
#28 C:\\Users\\hp\\Documents\\ResumeLayout\\WebProject\\ums-app\\vendor\\laravel\\framework\\src\\Illuminate\\Pipeline\\Pipeline.php(167): Illuminate\\Routing\\Middleware\\SubstituteBindings->handle(Object(Illuminate\\Http\\Request), Object(Closure))
#29 C:\\Users\\hp\\Documents\\ResumeLayout\\WebProject\\ums-app\\vendor\\laravel\\framework\\src\\Illuminate\\Foundation\\Testing\\Concerns\\MakesHttpRequests.php(150): Illuminate\\Pipeline\\Pipeline->Illuminate\\Pipeline\\{closure}(Object(Illuminate\\Http\\Request))
#30 C:\\Users\\hp\\Documents\\ResumeLayout\\WebProject\\ums-app\\vendor\\laravel\\framework\\src\\Illuminate\\Pipeline\\Pipeline.php(167): class@anonymous->handle(Object(Illuminate\\Http\\Request), Object(Closure), 'api')
#31 C:\\Users\\hp\\Documents\\ResumeLayout\\WebProject\\ums-app\\vendor\\laravel\\framework\\src\\Illuminate\\Pipeline\\Pipeline.php(103): Illuminate\\Pipeline\\Pipeline->Illuminate\\Pipeline\\{closure}(Object(Illuminate\\Http\\Request))
#32 C:\\Users\\hp\\Documents\\ResumeLayout\\WebProject\\ums-app\\vendor\\laravel\\framework\\src\\Illuminate\\Routing\\Router.php(723): Illuminate\\Pipeline\\Pipeline->then(Object(Closure))
#33 C:\\Users\\hp\\Documents\\ResumeLayout\\WebProject\\ums-app\\vendor\\laravel\\framework\\src\\Illuminate\\Routing\\Router.php(698): Illuminate\\Routing\\Router->runRouteWithinStack(Object(Illuminate\\Routing\\Route), Object(Illuminate\\Http\\Request))
#34 C:\\Users\\hp\\Documents\\ResumeLayout\\WebProject\\ums-app\\vendor\\laravel\\framework\\src\\Illuminate\\Routing\\Router.php(662): Illuminate\\Routing\\Router->runRoute(Object(Illuminate\\Http\\Request), Object(Illuminate\\Routing\\Route))
#35 C:\\Users\\hp\\Documents\\ResumeLayout\\WebProject\\ums-app\\vendor\\laravel\\framework\\src\\Illuminate\\Routing\\Router.php(651): Illuminate\\Routing\\Router->dispatchToRoute(Object(Illuminate\\Http\\Request))
#36 C:\\Users\\hp\\Documents\\ResumeLayout\\WebProject\\ums-app\\vendor\\laravel\\framework\\src\\Illuminate\\Foundation\\Http\\Kernel.php(167): Illuminate\\Routing\\Router->dispatch(Object(Illuminate\\Http\\Request))
#37 C:\\Users\\hp\\Documents\\ResumeLayout\\WebProject\\ums-app\\vendor\\laravel\\framework\\src\\Illuminate\\Pipeline\\Pipeline.php(128): Illuminate\\Foundation\\Http\\Kernel->Illuminate\\Foundation\\Http\\{closure}(Object(Illuminate\\Http\\Request))
#38 C:\\Users\\hp\\Documents\\ResumeLayout\\WebProject\\ums-app\\vendor\\laravel\\framework\\src\\Illuminate\\Foundation\\Http\\Middleware\\TransformsRequest.php(21): Illuminate\\Pipeline\\Pipeline->Illuminate\\Pipeline\\{closure}(Object(Illuminate\\Http\\Request))
#39 C:\\Users\\hp\\Documents\\ResumeLayout\\WebProject\\ums-app\\vendor\\laravel\\framework\\src\\Illuminate\\Foundation\\Http\\Middleware\\ConvertEmptyStringsToNull.php(31): Illuminate\\Foundation\\Http\\Middleware\\TransformsRequest->handle(Object(Illuminate\\Http\\Request), Object(Closure))
#40 C:\\Users\\hp\\Documents\\ResumeLayout\\WebProject\\ums-app\\vendor\\laravel\\framework\\src\\Illuminate\\Pipeline\\Pipeline.php(167): Illuminate\\Foundation\\Http\\Middleware\\ConvertEmptyStringsToNull->handle(Object(Illuminate\\Http\\Request), Object(Closure))
#41 C:\\Users\\hp\\Documents\\ResumeLayout\\WebProject\\ums-app\\vendor\\laravel\\framework\\src\\Illuminate\\Foundation\\Http\\Middleware\\TransformsRequest.php(21): Illuminate\\Pipeline\\Pipeline->Illuminate\\Pipeline\\{closure}(Object(Illuminate\\Http\\Request))
#42 C:\\Users\\hp\\Documents\\ResumeLayout\\WebProject\\ums-app\\vendor\\laravel\\framework\\src\\Illuminate\\Foundation\\Http\\Middleware\\TrimStrings.php(40): Illuminate\\Foundation\\Http\\Middleware\\TransformsRequest->handle(Object(Illuminate\\Http\\Request), Object(Closure))
#43 C:\\Users\\hp\\Documents\\ResumeLayout\\WebProject\\ums-app\\vendor\\laravel\\framework\\src\\Illuminate\\Pipeline\\Pipeline.php(167): Illuminate\\Foundation\\Http\\Middleware\\TrimStrings->handle(Object(Illuminate\\Http\\Request), Object(Closure))
#44 C:\\Users\\hp\\Documents\\ResumeLayout\\WebProject\\ums-app\\vendor\\laravel\\framework\\src\\Illuminate\\Foundation\\Http\\Middleware\\ValidatePostSize.php(27): Illuminate\\Pipeline\\Pipeline->Illuminate\\Pipeline\\{closure}(Object(Illuminate\\Http\\Request))
#45 C:\\Users\\hp\\Documents\\ResumeLayout\\WebProject\\ums-app\\vendor\\laravel\\framework\\src\\Illuminate\\Pipeline\\Pipeline.php(167): Illuminate\\Foundation\\Http\\Middleware\\ValidatePostSize->handle(Object(Illuminate\\Http\\Request), Object(Closure))
#46 C:\\Users\\hp\\Documents\\ResumeLayout\\WebProject\\ums-app\\vendor\\laravel\\framework\\src\\Illuminate\\Foundation\\Http\\Middleware\\PreventRequestsDuringMaintenance.php(86): Illuminate\\Pipeline\\Pipeline->Illuminate\\Pipeline\\{closure}(Object(Illuminate\\Http\\Request))
#47 C:\\Users\\hp\\Documents\\ResumeLayout\\WebProject\\ums-app\\vendor\\laravel\\framework\\src\\Illuminate\\Pipeline\\Pipeline.php(167): Illuminate\\Foundation\\Http\\Middleware\\PreventRequestsDuringMaintenance->handle(Object(Illuminate\\Http\\Request), Object(Closure))
#48 C:\\Users\\hp\\Documents\\ResumeLayout\\WebProject\\ums-app\\vendor\\fruitcake\\laravel-cors\\src\\HandleCors.php(52): Illuminate\\Pipeline\\Pipeline->Illuminate\\Pipeline\\{closure}(Object(Illuminate\\Http\\Request))
#49 C:\\Users\\hp\\Documents\\ResumeLayout\\WebProject\\ums-app\\vendor\\laravel\\framework\\src\\Illuminate\\Pipeline\\Pipeline.php(167): Fruitcake\\Cors\\HandleCors->handle(Object(Illuminate\\Http\\Request), Object(Closure))
#50 C:\\Users\\hp\\Documents\\ResumeLayout\\WebProject\\ums-app\\vendor\\fideloper\\proxy\\src\\TrustProxies.php(57): Illuminate\\Pipeline\\Pipeline->Illuminate\\Pipeline\\{closure}(Object(Illuminate\\Http\\Request))
#51 C:\\Users\\hp\\Documents\\ResumeLayout\\WebProject\\ums-app\\vendor\\laravel\\framework\\src\\Illuminate\\Pipeline\\Pipeline.php(167): Fideloper\\Proxy\\TrustProxies->handle(Object(Illuminate\\Http\\Request), Object(Closure))
#52 C:\\Users\\hp\\Documents\\ResumeLayout\\WebProject\\ums-app\\vendor\\laravel\\framework\\src\\Illuminate\\Pipeline\\Pipeline.php(103): Illuminate\\Pipeline\\Pipeline->Illuminate\\Pipeline\\{closure}(Object(Illuminate\\Http\\Request))
#53 C:\\Users\\hp\\Documents\\ResumeLayout\\WebProject\\ums-app\\vendor\\laravel\\framework\\src\\Illuminate\\Foundation\\Http\\Kernel.php(142): Illuminate\\Pipeline\\Pipeline->then(Object(Closure))
#54 C:\\Users\\hp\\Documents\\ResumeLayout\\WebProject\\ums-app\\vendor\\laravel\\framework\\src\\Illuminate\\Foundation\\Http\\Kernel.php(111): Illuminate\\Foundation\\Http\\Kernel->sendRequestThroughRouter(Object(Illuminate\\Http\\Request))
#55 C:\\Users\\hp\\Documents\\ResumeLayout\\WebProject\\ums-app\\vendor\\laravel\\framework\\src\\Illuminate\\Foundation\\Testing\\Concerns\\MakesHttpRequests.php(510): Illuminate\\Foundation\\Http\\Kernel->handle(Object(Illuminate\\Http\\Request))
#56 C:\\Users\\hp\\Documents\\ResumeLayout\\WebProject\\ums-app\\vendor\\laravel\\framework\\src\\Illuminate\\Foundation\\Testing\\Concerns\\MakesHttpRequests.php(476): Illuminate\\Foundation\\Testing\\TestCase->call('POST', '/api/attendance', Array, Array, Array, Array, '{\"student_id\":1...')
#57 C:\\Users\\hp\\Documents\\ResumeLayout\\WebProject\\ums-app\\vendor\\laravel\\framework\\src\\Illuminate\\Foundation\\Testing\\Concerns\\MakesHttpRequests.php(335): Illuminate\\Foundation\\Testing\\TestCase->json('POST', '/api/attendance', Array, Array)
#58 C:\\Users\\hp\\Documents\\ResumeLayout\\WebProject\\ums-app\\tests\\Feature\\Attendance\\ValidAttendanceSubmissionPropertyTest.php(98): Illuminate\\Foundation\\Testing\\TestCase->postJson('/api/attendance', Array)
#59 [internal function]: Tests\\Feature\\Attendance\\ValidAttendanceSubmissionPropertyTest->Tests\\Feature\\Attendance\\{closure}(2)
#60 C:\\Users\\hp\\Documents\\ResumeLayout\\WebProject\\ums-app\\vendor\\giorgiosironi\\eris\\src\\Quantifier\\Evaluation.php(54): call_user_func_array(Object(Closure), Array)
#61 C:\\Users\\hp\\Documents\\ResumeLayout\\WebProject\\ums-app\\vendor\\giorgiosironi\\eris\\src\\Quantifier\\ForAll.php(171): Eris\\Quantifier\\Evaluation->execute()
#62 C:\\Users\\hp\\Documents\\ResumeLayout\\WebProject\\ums-app\\vendor\\giorgiosironi\\eris\\src\\Quantifier\\ForAll.php(194): Eris\\Quantifier\\ForAll->__invoke(Object(Closure))
#63 C:\\Users\\hp\\Documents\\ResumeLayout\\WebProject\\ums-app\\tests\\Feature\\Attendance\\ValidAttendanceSubmissionPropertyTest.php(115): Eris\\Quantifier\\ForAll->then(Object(Closure))
#64 C:\\Users\\hp\\Documents\\ResumeLayout\\WebProject\\ums-app\\vendor\\phpunit\\phpunit\\src\\Framework\\TestCase.php(1617): Tests\\Feature\\Attendance\\ValidAttendanceSubmissionPropertyTest->valid_attendance_submission_persists_and_returns_201()
#65 C:\\Users\\hp\\Documents\\ResumeLayout\\WebProject\\ums-app\\vendor\\phpunit\\phpunit\\src\\Framework\\TestCase.php(1223): PHPUnit\\Framework\\TestCase->runTest()
#66 C:\\Users\\hp\\Documents\\ResumeLayout\\WebProject\\ums-app\\vendor\\phpunit\\phpunit\\src\\Framework\\TestResult.php(729): PHPUnit\\Framework\\TestCase->runBare()
#67 C:\\Users\\hp\\Documents\\ResumeLayout\\WebProject\\ums-app\\vendor\\phpunit\\phpunit\\src\\Framework\\TestCase.php(973): PHPUnit\\Framework\\TestResult->run(Object(Tests\\Feature\\Attendance\\ValidAttendanceSubmissionPropertyTest))
#68 C:\\Users\\hp\\Documents\\ResumeLayout\\WebProject\\ums-app\\vendor\\phpunit\\phpunit\\src\\Framework\\TestSuite.php(685): PHPUnit\\Framework\\TestCase->run(Object(PHPUnit\\Framework\\TestResult))
#69 C:\\Users\\hp\\Documents\\ResumeLayout\\WebProject\\ums-app\\vendor\\phpunit\\phpunit\\src\\Framework\\TestSuite.php(685): PHPUnit\\Framework\\TestSuite->run(Object(PHPUnit\\Framework\\TestResult))
#70 C:\\Users\\hp\\Documents\\ResumeLayout\\WebProject\\ums-app\\vendor\\phpunit\\phpunit\\src\\Framework\\TestSuite.php(685): PHPUnit\\Framework\\TestSuite->run(Object(PHPUnit\\Framework\\TestResult))
#71 C:\\Users\\hp\\Documents\\ResumeLayout\\WebProject\\ums-app\\vendor\\phpunit\\phpunit\\src\\TextUI\\TestRunner.php(651): PHPUnit\\Framework\\TestSuite->run(Object(PHPUnit\\Framework\\TestResult))
#72 C:\\Users\\hp\\Documents\\ResumeLayout\\WebProject\\ums-app\\vendor\\phpunit\\phpunit\\src\\TextUI\\Command.php(146): PHPUnit\\TextUI\\TestRunner->run(Object(PHPUnit\\Framework\\TestSuite), Array, Array, true)
#73 C:\\Users\\hp\\Documents\\ResumeLayout\\WebProject\\ums-app\\vendor\\phpunit\\phpunit\\src\\TextUI\\Command.php(99): PHPUnit\\TextUI\\Command->run(Array, true)
#74 C:\\Users\\hp\\Documents\\ResumeLayout\\WebProject\\ums-app\\vendor\\phpunit\\phpunit\\phpunit(107): PHPUnit\\TextUI\\Command::main()
#75 {main}

[previous exception] [object] (PDOException(code: HY000): SQLSTATE[HY000]: General error: 1 no such table: attendances at C:\\Users\\hp\\Documents\\ResumeLayout\\WebProject\\ums-app\\vendor\\laravel\\framework\\src\\Illuminate\\Database\\Connection.php:495)
[stacktrace]
#0 C:\\Users\\hp\\Documents\\ResumeLayout\\WebProject\\ums-app\\vendor\\laravel\\framework\\src\\Illuminate\\Database\\Connection.php(495): PDO->prepare('insert into \"at...')
#1 C:\\Users\\hp\\Documents\\ResumeLayout\\WebProject\\ums-app\\vendor\\laravel\\framework\\src\\Illuminate\\Database\\Connection.php(705): Illuminate\\Database\\Connection->Illuminate\\Database\\{closure}('insert into \"at...', Array)
#2 C:\\Users\\hp\\Documents\\ResumeLayout\\WebProject\\ums-app\\vendor\\laravel\\framework\\src\\Illuminate\\Database\\Connection.php(672): Illuminate\\Database\\Connection->runQueryCallback('insert into \"at...', Array, Object(Closure))
#3 C:\\Users\\hp\\Documents\\ResumeLayout\\WebProject\\ums-app\\vendor\\laravel\\framework\\src\\Illuminate\\Database\\Connection.php(502): Illuminate\\Database\\Connection->run('insert into \"at...', Array, Object(Closure))
#4 C:\\Users\\hp\\Documents\\ResumeLayout\\WebProject\\ums-app\\vendor\\laravel\\framework\\src\\Illuminate\\Database\\Connection.php(454): Illuminate\\Database\\Connection->statement('insert into \"at...', Array)
#5 C:\\Users\\hp\\Documents\\ResumeLayout\\WebProject\\ums-app\\vendor\\laravel\\framework\\src\\Illuminate\\Database\\Query\\Processors\\Processor.php(32): Illuminate\\Database\\Connection->insert('insert into \"at...', Array)
#6 C:\\Users\\hp\\Documents\\ResumeLayout\\WebProject\\ums-app\\vendor\\laravel\\framework\\src\\Illuminate\\Database\\Query\\Builder.php(3028): Illuminate\\Database\\Query\\Processors\\Processor->processInsertGetId(Object(Illuminate\\Database\\Query\\Builder), 'insert into \"at...', Array, 'id')
#7 C:\\Users\\hp\\Documents\\ResumeLayout\\WebProject\\ums-app\\vendor\\laravel\\framework\\src\\Illuminate\\Database\\Eloquent\\Builder.php(1657): Illuminate\\Database\\Query\\Builder->insertGetId(Array, 'id')
#8 C:\\Users\\hp\\Documents\\ResumeLayout\\WebProject\\ums-app\\vendor\\laravel\\framework\\src\\Illuminate\\Database\\Eloquent\\Model.php(1188): Illuminate\\Database\\Eloquent\\Builder->__call('insertGetId', Array)
#9 C:\\Users\\hp\\Documents\\ResumeLayout\\WebProject\\ums-app\\vendor\\laravel\\framework\\src\\Illuminate\\Database\\Eloquent\\Model.php(1153): Illuminate\\Database\\Eloquent\\Model->insertAndSetId(Object(Illuminate\\Database\\Eloquent\\Builder), Array)
#10 C:\\Users\\hp\\Documents\\ResumeLayout\\WebProject\\ums-app\\vendor\\laravel\\framework\\src\\Illuminate\\Database\\Eloquent\\Model.php(994): Illuminate\\Database\\Eloquent\\Model->performInsert(Object(Illuminate\\Database\\Eloquent\\Builder))
#11 C:\\Users\\hp\\Documents\\ResumeLayout\\WebProject\\ums-app\\vendor\\laravel\\framework\\src\\Illuminate\\Database\\Eloquent\\Builder.php(896): Illuminate\\Database\\Eloquent\\Model->save()
#12 C:\\Users\\hp\\Documents\\ResumeLayout\\WebProject\\ums-app\\vendor\\laravel\\framework\\src\\Illuminate\\Support\\helpers.php(276): Illuminate\\Database\\Eloquent\\Builder->Illuminate\\Database\\Eloquent\\{closure}(Object(App\\Models\\Attendance))
#13 C:\\Users\\hp\\Documents\\ResumeLayout\\WebProject\\ums-app\\vendor\\laravel\\framework\\src\\Illuminate\\Database\\Eloquent\\Builder.php(897): tap(Object(App\\Models\\Attendance), Object(Closure))
#14 C:\\Users\\hp\\Documents\\ResumeLayout\\WebProject\\ums-app\\vendor\\laravel\\framework\\src\\Illuminate\\Support\\Traits\\ForwardsCalls.php(23): Illuminate\\Database\\Eloquent\\Builder->create(Array)
#15 C:\\Users\\hp\\Documents\\ResumeLayout\\WebProject\\ums-app\\vendor\\laravel\\framework\\src\\Illuminate\\Database\\Eloquent\\Model.php(2132): Illuminate\\Database\\Eloquent\\Model->forwardCallTo(Object(Illuminate\\Database\\Eloquent\\Builder), 'create', Array)
#16 C:\\Users\\hp\\Documents\\ResumeLayout\\WebProject\\ums-app\\vendor\\laravel\\framework\\src\\Illuminate\\Database\\Eloquent\\Model.php(2144): Illuminate\\Database\\Eloquent\\Model->__call('create', Array)
#17 C:\\Users\\hp\\Documents\\ResumeLayout\\WebProject\\ums-app\\app\\Services\\AttendanceService.php(23): Illuminate\\Database\\Eloquent\\Model::__callStatic('create', Array)
#18 C:\\Users\\hp\\Documents\\ResumeLayout\\WebProject\\ums-app\\app\\Http\\Controllers\\Api\\AttendanceController.php(35): App\\Services\\AttendanceService->create(Array, Object(App\\Models\\User))
#19 C:\\Users\\hp\\Documents\\ResumeLayout\\WebProject\\ums-app\\vendor\\laravel\\framework\\src\\Illuminate\\Routing\\Controller.php(54): App\\Http\\Controllers\\Api\\AttendanceController->store(Object(App\\Http\\Requests\\StoreAttendanceRequest))
#20 C:\\Users\\hp\\Documents\\ResumeLayout\\WebProject\\ums-app\\vendor\\laravel\\framework\\src\\Illuminate\\Routing\\ControllerDispatcher.php(45): Illuminate\\Routing\\Controller->callAction('store', Array)
#21 C:\\Users\\hp\\Documents\\ResumeLayout\\WebProject\\ums-app\\vendor\\laravel\\framework\\src\\Illuminate\\Routing\\Route.php(262): Illuminate\\Routing\\ControllerDispatcher->dispatch(Object(Illuminate\\Routing\\Route), Object(App\\Http\\Controllers\\Api\\AttendanceController), 'store')
#22 C:\\Users\\hp\\Documents\\ResumeLayout\\WebProject\\ums-app\\vendor\\laravel\\framework\\src\\Illuminate\\Routing\\Route.php(205): Illuminate\\Routing\\Route->runController()
#23 C:\\Users\\hp\\Documents\\ResumeLayout\\WebProject\\ums-app\\vendor\\laravel\\framework\\src\\Illuminate\\Routing\\Router.php(721): Illuminate\\Routing\\Route->run()
#24 C:\\Users\\hp\\Documents\\ResumeLayout\\WebProject\\ums-app\\vendor\\laravel\\framework\\src\\Illuminate\\Pipeline\\Pipeline.php(128): Illuminate\\Routing\\Router->Illuminate\\Routing\\{closure}(Object(Illuminate\\Http\\Request))
#25 C:\\Users\\hp\\Documents\\ResumeLayout\\WebProject\\ums-app\\app\\Http\\Middleware\\RoleMiddleware.php(32): Illuminate\\Pipeline\\Pipeline->Illuminate\\Pipeline\\{closure}(Object(Illuminate\\Http\\Request))
#26 C:\\Users\\hp\\Documents\\ResumeLayout\\WebProject\\ums-app\\vendor\\laravel\\framework\\src\\Illuminate\\Pipeline\\Pipeline.php(167): App\\Http\\Middleware\\RoleMiddleware->handle(Object(Illuminate\\Http\\Request), Object(Closure), 'admin', 'teacher')
#27 C:\\Users\\hp\\Documents\\ResumeLayout\\WebProject\\ums-app\\app\\Http\\Middleware\\JwtAuthMiddleware.php(43): Illuminate\\Pipeline\\Pipeline->Illuminate\\Pipeline\\{closure}(Object(Illuminate\\Http\\Request))
#28 C:\\Users\\hp\\Documents\\ResumeLayout\\WebProject\\ums-app\\vendor\\laravel\\framework\\src\\Illuminate\\Pipeline\\Pipeline.php(167): App\\Http\\Middleware\\JwtAuthMiddleware->handle(Object(Illuminate\\Http\\Request), Object(Closure))
#29 C:\\Users\\hp\\Documents\\ResumeLayout\\WebProject\\ums-app\\vendor\\laravel\\framework\\src\\Illuminate\\Routing\\Middleware\\SubstituteBindings.php(50): Illuminate\\Pipeline\\Pipeline->Illuminate\\Pipeline\\{closure}(Object(Illuminate\\Http\\Request))
#30 C:\\Users\\hp\\Documents\\ResumeLayout\\WebProject\\ums-app\\vendor\\laravel\\framework\\src\\Illuminate\\Pipeline\\Pipeline.php(167): Illuminate\\Routing\\Middleware\\SubstituteBindings->handle(Object(Illuminate\\Http\\Request), Object(Closure))
#31 C:\\Users\\hp\\Documents\\ResumeLayout\\WebProject\\ums-app\\vendor\\laravel\\framework\\src\\Illuminate\\Foundation\\Testing\\Concerns\\MakesHttpRequests.php(150): Illuminate\\Pipeline\\Pipeline->Illuminate\\Pipeline\\{closure}(Object(Illuminate\\Http\\Request))
#32 C:\\Users\\hp\\Documents\\ResumeLayout\\WebProject\\ums-app\\vendor\\laravel\\framework\\src\\Illuminate\\Pipeline\\Pipeline.php(167): class@anonymous->handle(Object(Illuminate\\Http\\Request), Object(Closure), 'api')
#33 C:\\Users\\hp\\Documents\\ResumeLayout\\WebProject\\ums-app\\vendor\\laravel\\framework\\src\\Illuminate\\Pipeline\\Pipeline.php(103): Illuminate\\Pipeline\\Pipeline->Illuminate\\Pipeline\\{closure}(Object(Illuminate\\Http\\Request))
#34 C:\\Users\\hp\\Documents\\ResumeLayout\\WebProject\\ums-app\\vendor\\laravel\\framework\\src\\Illuminate\\Routing\\Router.php(723): Illuminate\\Pipeline\\Pipeline->then(Object(Closure))
#35 C:\\Users\\hp\\Documents\\ResumeLayout\\WebProject\\ums-app\\vendor\\laravel\\framework\\src\\Illuminate\\Routing\\Router.php(698): Illuminate\\Routing\\Router->runRouteWithinStack(Object(Illuminate\\Routing\\Route), Object(Illuminate\\Http\\Request))
#36 C:\\Users\\hp\\Documents\\ResumeLayout\\WebProject\\ums-app\\vendor\\laravel\\framework\\src\\Illuminate\\Routing\\Router.php(662): Illuminate\\Routing\\Router->runRoute(Object(Illuminate\\Http\\Request), Object(Illuminate\\Routing\\Route))
#37 C:\\Users\\hp\\Documents\\ResumeLayout\\WebProject\\ums-app\\vendor\\laravel\\framework\\src\\Illuminate\\Routing\\Router.php(651): Illuminate\\Routing\\Router->dispatchToRoute(Object(Illuminate\\Http\\Request))
#38 C:\\Users\\hp\\Documents\\ResumeLayout\\WebProject\\ums-app\\vendor\\laravel\\framework\\src\\Illuminate\\Foundation\\Http\\Kernel.php(167): Illuminate\\Routing\\Router->dispatch(Object(Illuminate\\Http\\Request))
#39 C:\\Users\\hp\\Documents\\ResumeLayout\\WebProject\\ums-app\\vendor\\laravel\\framework\\src\\Illuminate\\Pipeline\\Pipeline.php(128): Illuminate\\Foundation\\Http\\Kernel->Illuminate\\Foundation\\Http\\{closure}(Object(Illuminate\\Http\\Request))
#40 C:\\Users\\hp\\Documents\\ResumeLayout\\WebProject\\ums-app\\vendor\\laravel\\framework\\src\\Illuminate\\Foundation\\Http\\Middleware\\TransformsRequest.php(21): Illuminate\\Pipeline\\Pipeline->Illuminate\\Pipeline\\{closure}(Object(Illuminate\\Http\\Request))
#41 C:\\Users\\hp\\Documents\\ResumeLayout\\WebProject\\ums-app\\vendor\\laravel\\framework\\src\\Illuminate\\Foundation\\Http\\Middleware\\ConvertEmptyStringsToNull.php(31): Illuminate\\Foundation\\Http\\Middleware\\TransformsRequest->handle(Object(Illuminate\\Http\\Request), Object(Closure))
#42 C:\\Users\\hp\\Documents\\ResumeLayout\\WebProject\\ums-app\\vendor\\laravel\\framework\\src\\Illuminate\\Pipeline\\Pipeline.php(167): Illuminate\\Foundation\\Http\\Middleware\\ConvertEmptyStringsToNull->handle(Object(Illuminate\\Http\\Request), Object(Closure))
#43 C:\\Users\\hp\\Documents\\ResumeLayout\\WebProject\\ums-app\\vendor\\laravel\\framework\\src\\Illuminate\\Foundation\\Http\\Middleware\\TransformsRequest.php(21): Illuminate\\Pipeline\\Pipeline->Illuminate\\Pipeline\\{closure}(Object(Illuminate\\Http\\Request))
#44 C:\\Users\\hp\\Documents\\ResumeLayout\\WebProject\\ums-app\\vendor\\laravel\\framework\\src\\Illuminate\\Foundation\\Http\\Middleware\\TrimStrings.php(40): Illuminate\\Foundation\\Http\\Middleware\\TransformsRequest->handle(Object(Illuminate\\Http\\Request), Object(Closure))
#45 C:\\Users\\hp\\Documents\\ResumeLayout\\WebProject\\ums-app\\vendor\\laravel\\framework\\src\\Illuminate\\Pipeline\\Pipeline.php(167): Illuminate\\Foundation\\Http\\Middleware\\TrimStrings->handle(Object(Illuminate\\Http\\Request), Object(Closure))
#46 C:\\Users\\hp\\Documents\\ResumeLayout\\WebProject\\ums-app\\vendor\\laravel\\framework\\src\\Illuminate\\Foundation\\Http\\Middleware\\ValidatePostSize.php(27): Illuminate\\Pipeline\\Pipeline->Illuminate\\Pipeline\\{closure}(Object(Illuminate\\Http\\Request))
#47 C:\\Users\\hp\\Documents\\ResumeLayout\\WebProject\\ums-app\\vendor\\laravel\\framework\\src\\Illuminate\\Pipeline\\Pipeline.php(167): Illuminate\\Foundation\\Http\\Middleware\\ValidatePostSize->handle(Object(Illuminate\\Http\\Request), Object(Closure))
#48 C:\\Users\\hp\\Documents\\ResumeLayout\\WebProject\\ums-app\\vendor\\laravel\\framework\\src\\Illuminate\\Foundation\\Http\\Middleware\\PreventRequestsDuringMaintenance.php(86): Illuminate\\Pipeline\\Pipeline->Illuminate\\Pipeline\\{closure}(Object(Illuminate\\Http\\Request))
#49 C:\\Users\\hp\\Documents\\ResumeLayout\\WebProject\\ums-app\\vendor\\laravel\\framework\\src\\Illuminate\\Pipeline\\Pipeline.php(167): Illuminate\\Foundation\\Http\\Middleware\\PreventRequestsDuringMaintenance->handle(Object(Illuminate\\Http\\Request), Object(Closure))
#50 C:\\Users\\hp\\Documents\\ResumeLayout\\WebProject\\ums-app\\vendor\\fruitcake\\laravel-cors\\src\\HandleCors.php(52): Illuminate\\Pipeline\\Pipeline->Illuminate\\Pipeline\\{closure}(Object(Illuminate\\Http\\Request))
#51 C:\\Users\\hp\\Documents\\ResumeLayout\\WebProject\\ums-app\\vendor\\laravel\\framework\\src\\Illuminate\\Pipeline\\Pipeline.php(167): Fruitcake\\Cors\\HandleCors->handle(Object(Illuminate\\Http\\Request), Object(Closure))
#52 C:\\Users\\hp\\Documents\\ResumeLayout\\WebProject\\ums-app\\vendor\\fideloper\\proxy\\src\\TrustProxies.php(57): Illuminate\\Pipeline\\Pipeline->Illuminate\\Pipeline\\{closure}(Object(Illuminate\\Http\\Request))
#53 C:\\Users\\hp\\Documents\\ResumeLayout\\WebProject\\ums-app\\vendor\\laravel\\framework\\src\\Illuminate\\Pipeline\\Pipeline.php(167): Fideloper\\Proxy\\TrustProxies->handle(Object(Illuminate\\Http\\Request), Object(Closure))
#54 C:\\Users\\hp\\Documents\\ResumeLayout\\WebProject\\ums-app\\vendor\\laravel\\framework\\src\\Illuminate\\Pipeline\\Pipeline.php(103): Illuminate\\Pipeline\\Pipeline->Illuminate\\Pipeline\\{closure}(Object(Illuminate\\Http\\Request))
#55 C:\\Users\\hp\\Documents\\ResumeLayout\\WebProject\\ums-app\\vendor\\laravel\\framework\\src\\Illuminate\\Foundation\\Http\\Kernel.php(142): Illuminate\\Pipeline\\Pipeline->then(Object(Closure))
#56 C:\\Users\\hp\\Documents\\ResumeLayout\\WebProject\\ums-app\\vendor\\laravel\\framework\\src\\Illuminate\\Foundation\\Http\\Kernel.php(111): Illuminate\\Foundation\\Http\\Kernel->sendRequestThroughRouter(Object(Illuminate\\Http\\Request))
#57 C:\\Users\\hp\\Documents\\ResumeLayout\\WebProject\\ums-app\\vendor\\laravel\\framework\\src\\Illuminate\\Foundation\\Testing\\Concerns\\MakesHttpRequests.php(510): Illuminate\\Foundation\\Http\\Kernel->handle(Object(Illuminate\\Http\\Request))
#58 C:\\Users\\hp\\Documents\\ResumeLayout\\WebProject\\ums-app\\vendor\\laravel\\framework\\src\\Illuminate\\Foundation\\Testing\\Concerns\\MakesHttpRequests.php(476): Illuminate\\Foundation\\Testing\\TestCase->call('POST', '/api/attendance', Array, Array, Array, Array, '{\"student_id\":1...')
#59 C:\\Users\\hp\\Documents\\ResumeLayout\\WebProject\\ums-app\\vendor\\laravel\\framework\\src\\Illuminate\\Foundation\\Testing\\Concerns\\MakesHttpRequests.php(335): Illuminate\\Foundation\\Testing\\TestCase->json('POST', '/api/attendance', Array, Array)
#60 C:\\Users\\hp\\Documents\\ResumeLayout\\WebProject\\ums-app\\tests\\Feature\\Attendance\\ValidAttendanceSubmissionPropertyTest.php(98): Illuminate\\Foundation\\Testing\\TestCase->postJson('/api/attendance', Array)
#61 [internal function]: Tests\\Feature\\Attendance\\ValidAttendanceSubmissionPropertyTest->Tests\\Feature\\Attendance\\{closure}(2)
#62 C:\\Users\\hp\\Documents\\ResumeLayout\\WebProject\\ums-app\\vendor\\giorgiosironi\\eris\\src\\Quantifier\\Evaluation.php(54): call_user_func_array(Object(Closure), Array)
#63 C:\\Users\\hp\\Documents\\ResumeLayout\\WebProject\\ums-app\\vendor\\giorgiosironi\\eris\\src\\Quantifier\\ForAll.php(171): Eris\\Quantifier\\Evaluation->execute()
#64 C:\\Users\\hp\\Documents\\ResumeLayout\\WebProject\\ums-app\\vendor\\giorgiosironi\\eris\\src\\Quantifier\\ForAll.php(194): Eris\\Quantifier\\ForAll->__invoke(Object(Closure))
#65 C:\\Users\\hp\\Documents\\ResumeLayout\\WebProject\\ums-app\\tests\\Feature\\Attendance\\ValidAttendanceSubmissionPropertyTest.php(115): Eris\\Quantifier\\ForAll->then(Object(Closure))
#66 C:\\Users\\hp\\Documents\\ResumeLayout\\WebProject\\ums-app\\vendor\\phpunit\\phpunit\\src\\Framework\\TestCase.php(1617): Tests\\Feature\\Attendance\\ValidAttendanceSubmissionPropertyTest->valid_attendance_submission_persists_and_returns_201()
#67 C:\\Users\\hp\\Documents\\ResumeLayout\\WebProject\\ums-app\\vendor\\phpunit\\phpunit\\src\\Framework\\TestCase.php(1223): PHPUnit\\Framework\\TestCase->runTest()
#68 C:\\Users\\hp\\Documents\\ResumeLayout\\WebProject\\ums-app\\vendor\\phpunit\\phpunit\\src\\Framework\\TestResult.php(729): PHPUnit\\Framework\\TestCase->runBare()
#69 C:\\Users\\hp\\Documents\\ResumeLayout\\WebProject\\ums-app\\vendor\\phpunit\\phpunit\\src\\Framework\\TestCase.php(973): PHPUnit\\Framework\\TestResult->run(Object(Tests\\Feature\\Attendance\\ValidAttendanceSubmissionPropertyTest))
#70 C:\\Users\\hp\\Documents\\ResumeLayout\\WebProject\\ums-app\\vendor\\phpunit\\phpunit\\src\\Framework\\TestSuite.php(685): PHPUnit\\Framework\\TestCase->run(Object(PHPUnit\\Framework\\TestResult))
#71 C:\\Users\\hp\\Documents\\ResumeLayout\\WebProject\\ums-app\\vendor\\phpunit\\phpunit\\src\\Framework\\TestSuite.php(685): PHPUnit\\Framework\\TestSuite->run(Object(PHPUnit\\Framework\\TestResult))
#72 C:\\Users\\hp\\Documents\\ResumeLayout\\WebProject\\ums-app\\vendor\\phpunit\\phpunit\\src\\Framework\\TestSuite.php(685): PHPUnit\\Framework\\TestSuite->run(Object(PHPUnit\\Framework\\TestResult))
#73 C:\\Users\\hp\\Documents\\ResumeLayout\\WebProject\\ums-app\\vendor\\phpunit\\phpunit\\src\\TextUI\\TestRunner.php(651): PHPUnit\\Framework\\TestSuite->run(Object(PHPUnit\\Framework\\TestResult))
#74 C:\\Users\\hp\\Documents\\ResumeLayout\\WebProject\\ums-app\\vendor\\phpunit\\phpunit\\src\\TextUI\\Command.php(146): PHPUnit\\TextUI\\TestRunner->run(Object(PHPUnit\\Framework\\TestSuite), Array, Array, true)
#75 C:\\Users\\hp\\Documents\\ResumeLayout\\WebProject\\ums-app\\vendor\\phpunit\\phpunit\\src\\TextUI\\Command.php(99): PHPUnit\\TextUI\\Command->run(Array, true)
#76 C:\\Users\\hp\\Documents\\ResumeLayout\\WebProject\\ums-app\\vendor\\phpunit\\phpunit\\phpunit(107): PHPUnit\\TextUI\\Command::main()
#77 {main}
"} 
[2026-05-29 13:39:19] testing.ERROR: SQLSTATE[HY000]: General error: 1 no such table: attendances (SQL: insert into "attendances" ("student_id", "course_id", "date", "status", "updated_at", "created_at") values (3, 2, 2024-03-15, absent, 2026-05-29 13:39:19, 2026-05-29 13:39:19)) {"exception":"[object] (Illuminate\\Database\\QueryException(code: HY000): SQLSTATE[HY000]: General error: 1 no such table: attendances (SQL: insert into \"attendances\" (\"student_id\", \"course_id\", \"date\", \"status\", \"updated_at\", \"created_at\") values (3, 2, 2024-03-15, absent, 2026-05-29 13:39:19, 2026-05-29 13:39:19)) at C:\\Users\\hp\\Documents\\ResumeLayout\\WebProject\\ums-app\\vendor\\laravel\\framework\\src\\Illuminate\\Database\\Connection.php:712)
[stacktrace]
#0 C:\\Users\\hp\\Documents\\ResumeLayout\\WebProject\\ums-app\\vendor\\laravel\\framework\\src\\Illuminate\\Database\\Connection.php(672): Illuminate\\Database\\Connection->runQueryCallback('insert into \"at...', Array, Object(Closure))
#1 C:\\Users\\hp\\Documents\\ResumeLayout\\WebProject\\ums-app\\vendor\\laravel\\framework\\src\\Illuminate\\Database\\Connection.php(502): Illuminate\\Database\\Connection->run('insert into \"at...', Array, Object(Closure))
#2 C:\\Users\\hp\\Documents\\ResumeLayout\\WebProject\\ums-app\\vendor\\laravel\\framework\\src\\Illuminate\\Database\\Connection.php(454): Illuminate\\Database\\Connection->statement('insert into \"at...', Array)
#3 C:\\Users\\hp\\Documents\\ResumeLayout\\WebProject\\ums-app\\vendor\\laravel\\framework\\src\\Illuminate\\Database\\Query\\Processors\\Processor.php(32): Illuminate\\Database\\Connection->insert('insert into \"at...', Array)
#4 C:\\Users\\hp\\Documents\\ResumeLayout\\WebProject\\ums-app\\vendor\\laravel\\framework\\src\\Illuminate\\Database\\Query\\Builder.php(3028): Illuminate\\Database\\Query\\Processors\\Processor->processInsertGetId(Object(Illuminate\\Database\\Query\\Builder), 'insert into \"at...', Array, 'id')
#5 C:\\Users\\hp\\Documents\\ResumeLayout\\WebProject\\ums-app\\vendor\\laravel\\framework\\src\\Illuminate\\Database\\Eloquent\\Builder.php(1657): Illuminate\\Database\\Query\\Builder->insertGetId(Array, 'id')
#6 C:\\Users\\hp\\Documents\\ResumeLayout\\WebProject\\ums-app\\vendor\\laravel\\framework\\src\\Illuminate\\Database\\Eloquent\\Model.php(1188): Illuminate\\Database\\Eloquent\\Builder->__call('insertGetId', Array)
#7 C:\\Users\\hp\\Documents\\ResumeLayout\\WebProject\\ums-app\\vendor\\laravel\\framework\\src\\Illuminate\\Database\\Eloquent\\Model.php(1153): Illuminate\\Database\\Eloquent\\Model->insertAndSetId(Object(Illuminate\\Database\\Eloquent\\Builder), Array)
#8 C:\\Users\\hp\\Documents\\ResumeLayout\\WebProject\\ums-app\\vendor\\laravel\\framework\\src\\Illuminate\\Database\\Eloquent\\Model.php(994): Illuminate\\Database\\Eloquent\\Model->performInsert(Object(Illuminate\\Database\\Eloquent\\Builder))
#9 C:\\Users\\hp\\Documents\\ResumeLayout\\WebProject\\ums-app\\vendor\\laravel\\framework\\src\\Illuminate\\Database\\Eloquent\\Builder.php(896): Illuminate\\Database\\Eloquent\\Model->save()
#10 C:\\Users\\hp\\Documents\\ResumeLayout\\WebProject\\ums-app\\vendor\\laravel\\framework\\src\\Illuminate\\Support\\helpers.php(276): Illuminate\\Database\\Eloquent\\Builder->Illuminate\\Database\\Eloquent\\{closure}(Object(App\\Models\\Attendance))
#11 C:\\Users\\hp\\Documents\\ResumeLayout\\WebProject\\ums-app\\vendor\\laravel\\framework\\src\\Illuminate\\Database\\Eloquent\\Builder.php(897): tap(Object(App\\Models\\Attendance), Object(Closure))
#12 C:\\Users\\hp\\Documents\\ResumeLayout\\WebProject\\ums-app\\vendor\\laravel\\framework\\src\\Illuminate\\Support\\Traits\\ForwardsCalls.php(23): Illuminate\\Database\\Eloquent\\Builder->create(Array)
#13 C:\\Users\\hp\\Documents\\ResumeLayout\\WebProject\\ums-app\\vendor\\laravel\\framework\\src\\Illuminate\\Database\\Eloquent\\Model.php(2132): Illuminate\\Database\\Eloquent\\Model->forwardCallTo(Object(Illuminate\\Database\\Eloquent\\Builder), 'create', Array)
#14 C:\\Users\\hp\\Documents\\ResumeLayout\\WebProject\\ums-app\\vendor\\laravel\\framework\\src\\Illuminate\\Database\\Eloquent\\Model.php(2144): Illuminate\\Database\\Eloquent\\Model->__call('create', Array)
#15 C:\\Users\\hp\\Documents\\ResumeLayout\\WebProject\\ums-app\\app\\Services\\AttendanceService.php(23): Illuminate\\Database\\Eloquent\\Model::__callStatic('create', Array)
#16 C:\\Users\\hp\\Documents\\ResumeLayout\\WebProject\\ums-app\\app\\Http\\Controllers\\Api\\AttendanceController.php(35): App\\Services\\AttendanceService->create(Array, Object(App\\Models\\User))
#17 C:\\Users\\hp\\Documents\\ResumeLayout\\WebProject\\ums-app\\vendor\\laravel\\framework\\src\\Illuminate\\Routing\\Controller.php(54): App\\Http\\Controllers\\Api\\AttendanceController->store(Object(App\\Http\\Requests\\StoreAttendanceRequest))
#18 C:\\Users\\hp\\Documents\\ResumeLayout\\WebProject\\ums-app\\vendor\\laravel\\framework\\src\\Illuminate\\Routing\\ControllerDispatcher.php(45): Illuminate\\Routing\\Controller->callAction('store', Array)
#19 C:\\Users\\hp\\Documents\\ResumeLayout\\WebProject\\ums-app\\vendor\\laravel\\framework\\src\\Illuminate\\Routing\\Route.php(262): Illuminate\\Routing\\ControllerDispatcher->dispatch(Object(Illuminate\\Routing\\Route), Object(App\\Http\\Controllers\\Api\\AttendanceController), 'store')
#20 C:\\Users\\hp\\Documents\\ResumeLayout\\WebProject\\ums-app\\vendor\\laravel\\framework\\src\\Illuminate\\Routing\\Route.php(205): Illuminate\\Routing\\Route->runController()
#21 C:\\Users\\hp\\Documents\\ResumeLayout\\WebProject\\ums-app\\vendor\\laravel\\framework\\src\\Illuminate\\Routing\\Router.php(721): Illuminate\\Routing\\Route->run()
#22 C:\\Users\\hp\\Documents\\ResumeLayout\\WebProject\\ums-app\\vendor\\laravel\\framework\\src\\Illuminate\\Pipeline\\Pipeline.php(128): Illuminate\\Routing\\Router->Illuminate\\Routing\\{closure}(Object(Illuminate\\Http\\Request))
#23 C:\\Users\\hp\\Documents\\ResumeLayout\\WebProject\\ums-app\\app\\Http\\Middleware\\RoleMiddleware.php(32): Illuminate\\Pipeline\\Pipeline->Illuminate\\Pipeline\\{closure}(Object(Illuminate\\Http\\Request))
#24 C:\\Users\\hp\\Documents\\ResumeLayout\\WebProject\\ums-app\\vendor\\laravel\\framework\\src\\Illuminate\\Pipeline\\Pipeline.php(167): App\\Http\\Middleware\\RoleMiddleware->handle(Object(Illuminate\\Http\\Request), Object(Closure), 'admin', 'teacher')
#25 C:\\Users\\hp\\Documents\\ResumeLayout\\WebProject\\ums-app\\app\\Http\\Middleware\\JwtAuthMiddleware.php(43): Illuminate\\Pipeline\\Pipeline->Illuminate\\Pipeline\\{closure}(Object(Illuminate\\Http\\Request))
#26 C:\\Users\\hp\\Documents\\ResumeLayout\\WebProject\\ums-app\\vendor\\laravel\\framework\\src\\Illuminate\\Pipeline\\Pipeline.php(167): App\\Http\\Middleware\\JwtAuthMiddleware->handle(Object(Illuminate\\Http\\Request), Object(Closure))
#27 C:\\Users\\hp\\Documents\\ResumeLayout\\WebProject\\ums-app\\vendor\\laravel\\framework\\src\\Illuminate\\Routing\\Middleware\\SubstituteBindings.php(50): Illuminate\\Pipeline\\Pipeline->Illuminate\\Pipeline\\{closure}(Object(Illuminate\\Http\\Request))
#28 C:\\Users\\hp\\Documents\\ResumeLayout\\WebProject\\ums-app\\vendor\\laravel\\framework\\src\\Illuminate\\Pipeline\\Pipeline.php(167): Illuminate\\Routing\\Middleware\\SubstituteBindings->handle(Object(Illuminate\\Http\\Request), Object(Closure))
#29 C:\\Users\\hp\\Documents\\ResumeLayout\\WebProject\\ums-app\\vendor\\laravel\\framework\\src\\Illuminate\\Foundation\\Testing\\Concerns\\MakesHttpRequests.php(150): Illuminate\\Pipeline\\Pipeline->Illuminate\\Pipeline\\{closure}(Object(Illuminate\\Http\\Request))
#30 C:\\Users\\hp\\Documents\\ResumeLayout\\WebProject\\ums-app\\vendor\\laravel\\framework\\src\\Illuminate\\Pipeline\\Pipeline.php(167): class@anonymous->handle(Object(Illuminate\\Http\\Request), Object(Closure), 'api')
#31 C:\\Users\\hp\\Documents\\ResumeLayout\\WebProject\\ums-app\\vendor\\laravel\\framework\\src\\Illuminate\\Pipeline\\Pipeline.php(103): Illuminate\\Pipeline\\Pipeline->Illuminate\\Pipeline\\{closure}(Object(Illuminate\\Http\\Request))
#32 C:\\Users\\hp\\Documents\\ResumeLayout\\WebProject\\ums-app\\vendor\\laravel\\framework\\src\\Illuminate\\Routing\\Router.php(723): Illuminate\\Pipeline\\Pipeline->then(Object(Closure))
#33 C:\\Users\\hp\\Documents\\ResumeLayout\\WebProject\\ums-app\\vendor\\laravel\\framework\\src\\Illuminate\\Routing\\Router.php(698): Illuminate\\Routing\\Router->runRouteWithinStack(Object(Illuminate\\Routing\\Route), Object(Illuminate\\Http\\Request))
#34 C:\\Users\\hp\\Documents\\ResumeLayout\\WebProject\\ums-app\\vendor\\laravel\\framework\\src\\Illuminate\\Routing\\Router.php(662): Illuminate\\Routing\\Router->runRoute(Object(Illuminate\\Http\\Request), Object(Illuminate\\Routing\\Route))
#35 C:\\Users\\hp\\Documents\\ResumeLayout\\WebProject\\ums-app\\vendor\\laravel\\framework\\src\\Illuminate\\Routing\\Router.php(651): Illuminate\\Routing\\Router->dispatchToRoute(Object(Illuminate\\Http\\Request))
#36 C:\\Users\\hp\\Documents\\ResumeLayout\\WebProject\\ums-app\\vendor\\laravel\\framework\\src\\Illuminate\\Foundation\\Http\\Kernel.php(167): Illuminate\\Routing\\Router->dispatch(Object(Illuminate\\Http\\Request))
#37 C:\\Users\\hp\\Documents\\ResumeLayout\\WebProject\\ums-app\\vendor\\laravel\\framework\\src\\Illuminate\\Pipeline\\Pipeline.php(128): Illuminate\\Foundation\\Http\\Kernel->Illuminate\\Foundation\\Http\\{closure}(Object(Illuminate\\Http\\Request))
#38 C:\\Users\\hp\\Documents\\ResumeLayout\\WebProject\\ums-app\\vendor\\laravel\\framework\\src\\Illuminate\\Foundation\\Http\\Middleware\\TransformsRequest.php(21): Illuminate\\Pipeline\\Pipeline->Illuminate\\Pipeline\\{closure}(Object(Illuminate\\Http\\Request))
#39 C:\\Users\\hp\\Documents\\ResumeLayout\\WebProject\\ums-app\\vendor\\laravel\\framework\\src\\Illuminate\\Foundation\\Http\\Middleware\\ConvertEmptyStringsToNull.php(31): Illuminate\\Foundation\\Http\\Middleware\\TransformsRequest->handle(Object(Illuminate\\Http\\Request), Object(Closure))
#40 C:\\Users\\hp\\Documents\\ResumeLayout\\WebProject\\ums-app\\vendor\\laravel\\framework\\src\\Illuminate\\Pipeline\\Pipeline.php(167): Illuminate\\Foundation\\Http\\Middleware\\ConvertEmptyStringsToNull->handle(Object(Illuminate\\Http\\Request), Object(Closure))
#41 C:\\Users\\hp\\Documents\\ResumeLayout\\WebProject\\ums-app\\vendor\\laravel\\framework\\src\\Illuminate\\Foundation\\Http\\Middleware\\TransformsRequest.php(21): Illuminate\\Pipeline\\Pipeline->Illuminate\\Pipeline\\{closure}(Object(Illuminate\\Http\\Request))
#42 C:\\Users\\hp\\Documents\\ResumeLayout\\WebProject\\ums-app\\vendor\\laravel\\framework\\src\\Illuminate\\Foundation\\Http\\Middleware\\TrimStrings.php(40): Illuminate\\Foundation\\Http\\Middleware\\TransformsRequest->handle(Object(Illuminate\\Http\\Request), Object(Closure))
#43 C:\\Users\\hp\\Documents\\ResumeLayout\\WebProject\\ums-app\\vendor\\laravel\\framework\\src\\Illuminate\\Pipeline\\Pipeline.php(167): Illuminate\\Foundation\\Http\\Middleware\\TrimStrings->handle(Object(Illuminate\\Http\\Request), Object(Closure))
#44 C:\\Users\\hp\\Documents\\ResumeLayout\\WebProject\\ums-app\\vendor\\laravel\\framework\\src\\Illuminate\\Foundation\\Http\\Middleware\\ValidatePostSize.php(27): Illuminate\\Pipeline\\Pipeline->Illuminate\\Pipeline\\{closure}(Object(Illuminate\\Http\\Request))
#45 C:\\Users\\hp\\Documents\\ResumeLayout\\WebProject\\ums-app\\vendor\\laravel\\framework\\src\\Illuminate\\Pipeline\\Pipeline.php(167): Illuminate\\Foundation\\Http\\Middleware\\ValidatePostSize->handle(Object(Illuminate\\Http\\Request), Object(Closure))
#46 C:\\Users\\hp\\Documents\\ResumeLayout\\WebProject\\ums-app\\vendor\\laravel\\framework\\src\\Illuminate\\Foundation\\Http\\Middleware\\PreventRequestsDuringMaintenance.php(86): Illuminate\\Pipeline\\Pipeline->Illuminate\\Pipeline\\{closure}(Object(Illuminate\\Http\\Request))
#47 C:\\Users\\hp\\Documents\\ResumeLayout\\WebProject\\ums-app\\vendor\\laravel\\framework\\src\\Illuminate\\Pipeline\\Pipeline.php(167): Illuminate\\Foundation\\Http\\Middleware\\PreventRequestsDuringMaintenance->handle(Object(Illuminate\\Http\\Request), Object(Closure))
#48 C:\\Users\\hp\\Documents\\ResumeLayout\\WebProject\\ums-app\\vendor\\fruitcake\\laravel-cors\\src\\HandleCors.php(52): Illuminate\\Pipeline\\Pipeline->Illuminate\\Pipeline\\{closure}(Object(Illuminate\\Http\\Request))
#49 C:\\Users\\hp\\Documents\\ResumeLayout\\WebProject\\ums-app\\vendor\\laravel\\framework\\src\\Illuminate\\Pipeline\\Pipeline.php(167): Fruitcake\\Cors\\HandleCors->handle(Object(Illuminate\\Http\\Request), Object(Closure))
#50 C:\\Users\\hp\\Documents\\ResumeLayout\\WebProject\\ums-app\\vendor\\fideloper\\proxy\\src\\TrustProxies.php(57): Illuminate\\Pipeline\\Pipeline->Illuminate\\Pipeline\\{closure}(Object(Illuminate\\Http\\Request))
#51 C:\\Users\\hp\\Documents\\ResumeLayout\\WebProject\\ums-app\\vendor\\laravel\\framework\\src\\Illuminate\\Pipeline\\Pipeline.php(167): Fideloper\\Proxy\\TrustProxies->handle(Object(Illuminate\\Http\\Request), Object(Closure))
#52 C:\\Users\\hp\\Documents\\ResumeLayout\\WebProject\\ums-app\\vendor\\laravel\\framework\\src\\Illuminate\\Pipeline\\Pipeline.php(103): Illuminate\\Pipeline\\Pipeline->Illuminate\\Pipeline\\{closure}(Object(Illuminate\\Http\\Request))
#53 C:\\Users\\hp\\Documents\\ResumeLayout\\WebProject\\ums-app\\vendor\\laravel\\framework\\src\\Illuminate\\Foundation\\Http\\Kernel.php(142): Illuminate\\Pipeline\\Pipeline->then(Object(Closure))
#54 C:\\Users\\hp\\Documents\\ResumeLayout\\WebProject\\ums-app\\vendor\\laravel\\framework\\src\\Illuminate\\Foundation\\Http\\Kernel.php(111): Illuminate\\Foundation\\Http\\Kernel->sendRequestThroughRouter(Object(Illuminate\\Http\\Request))
#55 C:\\Users\\hp\\Documents\\ResumeLayout\\WebProject\\ums-app\\vendor\\laravel\\framework\\src\\Illuminate\\Foundation\\Testing\\Concerns\\MakesHttpRequests.php(510): Illuminate\\Foundation\\Http\\Kernel->handle(Object(Illuminate\\Http\\Request))
#56 C:\\Users\\hp\\Documents\\ResumeLayout\\WebProject\\ums-app\\vendor\\laravel\\framework\\src\\Illuminate\\Foundation\\Testing\\Concerns\\MakesHttpRequests.php(476): Illuminate\\Foundation\\Testing\\TestCase->call('POST', '/api/attendance', Array, Array, Array, Array, '{\"student_id\":3...')
#57 C:\\Users\\hp\\Documents\\ResumeLayout\\WebProject\\ums-app\\vendor\\laravel\\framework\\src\\Illuminate\\Foundation\\Testing\\Concerns\\MakesHttpRequests.php(335): Illuminate\\Foundation\\Testing\\TestCase->json('POST', '/api/attendance', Array, Array)
#58 C:\\Users\\hp\\Documents\\ResumeLayout\\WebProject\\ums-app\\tests\\Feature\\Attendance\\ValidAttendanceSubmissionPropertyTest.php(98): Illuminate\\Foundation\\Testing\\TestCase->postJson('/api/attendance', Array)
#59 [internal function]: Tests\\Feature\\Attendance\\ValidAttendanceSubmissionPropertyTest->Tests\\Feature\\Attendance\\{closure}(1)
#60 C:\\Users\\hp\\Documents\\ResumeLayout\\WebProject\\ums-app\\vendor\\giorgiosironi\\eris\\src\\Quantifier\\Evaluation.php(54): call_user_func_array(Object(Closure), Array)
#61 C:\\Users\\hp\\Documents\\ResumeLayout\\WebProject\\ums-app\\vendor\\giorgiosironi\\eris\\src\\Shrinker\\Multiple.php(102): Eris\\Quantifier\\Evaluation->execute()
#62 C:\\Users\\hp\\Documents\\ResumeLayout\\WebProject\\ums-app\\vendor\\giorgiosironi\\eris\\src\\Quantifier\\ForAll.php(169): Eris\\Shrinker\\Multiple->from(Object(Eris\\Generator\\GeneratedValueSingle), Object(PHPUnit\\Framework\\ExpectationFailedException))
#63 [internal function]: Eris\\Quantifier\\ForAll->Eris\\Quantifier\\{closure}(Object(Eris\\Generator\\GeneratedValueSingle), Object(PHPUnit\\Framework\\ExpectationFailedException))
#64 C:\\Users\\hp\\Documents\\ResumeLayout\\WebProject\\ums-app\\vendor\\giorgiosironi\\eris\\src\\Quantifier\\Evaluation.php(57): call_user_func(Object(Closure), Object(Eris\\Generator\\GeneratedValueSingle), Object(PHPUnit\\Framework\\ExpectationFailedException))
#65 C:\\Users\\hp\\Documents\\ResumeLayout\\WebProject\\ums-app\\vendor\\giorgiosironi\\eris\\src\\Quantifier\\ForAll.php(171): Eris\\Quantifier\\Evaluation->execute()
#66 C:\\Users\\hp\\Documents\\ResumeLayout\\WebProject\\ums-app\\vendor\\giorgiosironi\\eris\\src\\Quantifier\\ForAll.php(194): Eris\\Quantifier\\ForAll->__invoke(Object(Closure))
#67 C:\\Users\\hp\\Documents\\ResumeLayout\\WebProject\\ums-app\\tests\\Feature\\Attendance\\ValidAttendanceSubmissionPropertyTest.php(115): Eris\\Quantifier\\ForAll->then(Object(Closure))
#68 C:\\Users\\hp\\Documents\\ResumeLayout\\WebProject\\ums-app\\vendor\\phpunit\\phpunit\\src\\Framework\\TestCase.php(1617): Tests\\Feature\\Attendance\\ValidAttendanceSubmissionPropertyTest->valid_attendance_submission_persists_and_returns_201()
#69 C:\\Users\\hp\\Documents\\ResumeLayout\\WebProject\\ums-app\\vendor\\phpunit\\phpunit\\src\\Framework\\TestCase.php(1223): PHPUnit\\Framework\\TestCase->runTest()
#70 C:\\Users\\hp\\Documents\\ResumeLayout\\WebProject\\ums-app\\vendor\\phpunit\\phpunit\\src\\Framework\\TestResult.php(729): PHPUnit\\Framework\\TestCase->runBare()
#71 C:\\Users\\hp\\Documents\\ResumeLayout\\WebProject\\ums-app\\vendor\\phpunit\\phpunit\\src\\Framework\\TestCase.php(973): PHPUnit\\Framework\\TestResult->run(Object(Tests\\Feature\\Attendance\\ValidAttendanceSubmissionPropertyTest))
#72 C:\\Users\\hp\\Documents\\ResumeLayout\\WebProject\\ums-app\\vendor\\phpunit\\phpunit\\src\\Framework\\TestSuite.php(685): PHPUnit\\Framework\\TestCase->run(Object(PHPUnit\\Framework\\TestResult))
#73 C:\\Users\\hp\\Documents\\ResumeLayout\\WebProject\\ums-app\\vendor\\phpunit\\phpunit\\src\\Framework\\TestSuite.php(685): PHPUnit\\Framework\\TestSuite->run(Object(PHPUnit\\Framework\\TestResult))
#74 C:\\Users\\hp\\Documents\\ResumeLayout\\WebProject\\ums-app\\vendor\\phpunit\\phpunit\\src\\Framework\\TestSuite.php(685): PHPUnit\\Framework\\TestSuite->run(Object(PHPUnit\\Framework\\TestResult))
#75 C:\\Users\\hp\\Documents\\ResumeLayout\\WebProject\\ums-app\\vendor\\phpunit\\phpunit\\src\\TextUI\\TestRunner.php(651): PHPUnit\\Framework\\TestSuite->run(Object(PHPUnit\\Framework\\TestResult))
#76 C:\\Users\\hp\\Documents\\ResumeLayout\\WebProject\\ums-app\\vendor\\phpunit\\phpunit\\src\\TextUI\\Command.php(146): PHPUnit\\TextUI\\TestRunner->run(Object(PHPUnit\\Framework\\TestSuite), Array, Array, true)
#77 C:\\Users\\hp\\Documents\\ResumeLayout\\WebProject\\ums-app\\vendor\\phpunit\\phpunit\\src\\TextUI\\Command.php(99): PHPUnit\\TextUI\\Command->run(Array, true)
#78 C:\\Users\\hp\\Documents\\ResumeLayout\\WebProject\\ums-app\\vendor\\phpunit\\phpunit\\phpunit(107): PHPUnit\\TextUI\\Command::main()
#79 {main}

[previous exception] [object] (PDOException(code: HY000): SQLSTATE[HY000]: General error: 1 no such table: attendances at C:\\Users\\hp\\Documents\\ResumeLayout\\WebProject\\ums-app\\vendor\\laravel\\framework\\src\\Illuminate\\Database\\Connection.php:495)
[stacktrace]
#0 C:\\Users\\hp\\Documents\\ResumeLayout\\WebProject\\ums-app\\vendor\\laravel\\framework\\src\\Illuminate\\Database\\Connection.php(495): PDO->prepare('insert into \"at...')
#1 C:\\Users\\hp\\Documents\\ResumeLayout\\WebProject\\ums-app\\vendor\\laravel\\framework\\src\\Illuminate\\Database\\Connection.php(705): Illuminate\\Database\\Connection->Illuminate\\Database\\{closure}('insert into \"at...', Array)
#2 C:\\Users\\hp\\Documents\\ResumeLayout\\WebProject\\ums-app\\vendor\\laravel\\framework\\src\\Illuminate\\Database\\Connection.php(672): Illuminate\\Database\\Connection->runQueryCallback('insert into \"at...', Array, Object(Closure))
#3 C:\\Users\\hp\\Documents\\ResumeLayout\\WebProject\\ums-app\\vendor\\laravel\\framework\\src\\Illuminate\\Database\\Connection.php(502): Illuminate\\Database\\Connection->run('insert into \"at...', Array, Object(Closure))
#4 C:\\Users\\hp\\Documents\\ResumeLayout\\WebProject\\ums-app\\vendor\\laravel\\framework\\src\\Illuminate\\Database\\Connection.php(454): Illuminate\\Database\\Connection->statement('insert into \"at...', Array)
#5 C:\\Users\\hp\\Documents\\ResumeLayout\\WebProject\\ums-app\\vendor\\laravel\\framework\\src\\Illuminate\\Database\\Query\\Processors\\Processor.php(32): Illuminate\\Database\\Connection->insert('insert into \"at...', Array)
#6 C:\\Users\\hp\\Documents\\ResumeLayout\\WebProject\\ums-app\\vendor\\laravel\\framework\\src\\Illuminate\\Database\\Query\\Builder.php(3028): Illuminate\\Database\\Query\\Processors\\Processor->processInsertGetId(Object(Illuminate\\Database\\Query\\Builder), 'insert into \"at...', Array, 'id')
#7 C:\\Users\\hp\\Documents\\ResumeLayout\\WebProject\\ums-app\\vendor\\laravel\\framework\\src\\Illuminate\\Database\\Eloquent\\Builder.php(1657): Illuminate\\Database\\Query\\Builder->insertGetId(Array, 'id')
#8 C:\\Users\\hp\\Documents\\ResumeLayout\\WebProject\\ums-app\\vendor\\laravel\\framework\\src\\Illuminate\\Database\\Eloquent\\Model.php(1188): Illuminate\\Database\\Eloquent\\Builder->__call('insertGetId', Array)
#9 C:\\Users\\hp\\Documents\\ResumeLayout\\WebProject\\ums-app\\vendor\\laravel\\framework\\src\\Illuminate\\Database\\Eloquent\\Model.php(1153): Illuminate\\Database\\Eloquent\\Model->insertAndSetId(Object(Illuminate\\Database\\Eloquent\\Builder), Array)
#10 C:\\Users\\hp\\Documents\\ResumeLayout\\WebProject\\ums-app\\vendor\\laravel\\framework\\src\\Illuminate\\Database\\Eloquent\\Model.php(994): Illuminate\\Database\\Eloquent\\Model->performInsert(Object(Illuminate\\Database\\Eloquent\\Builder))
#11 C:\\Users\\hp\\Documents\\ResumeLayout\\WebProject\\ums-app\\vendor\\laravel\\framework\\src\\Illuminate\\Database\\Eloquent\\Builder.php(896): Illuminate\\Database\\Eloquent\\Model->save()
#12 C:\\Users\\hp\\Documents\\ResumeLayout\\WebProject\\ums-app\\vendor\\laravel\\framework\\src\\Illuminate\\Support\\helpers.php(276): Illuminate\\Database\\Eloquent\\Builder->Illuminate\\Database\\Eloquent\\{closure}(Object(App\\Models\\Attendance))
#13 C:\\Users\\hp\\Documents\\ResumeLayout\\WebProject\\ums-app\\vendor\\laravel\\framework\\src\\Illuminate\\Database\\Eloquent\\Builder.php(897): tap(Object(App\\Models\\Attendance), Object(Closure))
#14 C:\\Users\\hp\\Documents\\ResumeLayout\\WebProject\\ums-app\\vendor\\laravel\\framework\\src\\Illuminate\\Support\\Traits\\ForwardsCalls.php(23): Illuminate\\Database\\Eloquent\\Builder->create(Array)
#15 C:\\Users\\hp\\Documents\\ResumeLayout\\WebProject\\ums-app\\vendor\\laravel\\framework\\src\\Illuminate\\Database\\Eloquent\\Model.php(2132): Illuminate\\Database\\Eloquent\\Model->forwardCallTo(Object(Illuminate\\Database\\Eloquent\\Builder), 'create', Array)
#16 C:\\Users\\hp\\Documents\\ResumeLayout\\WebProject\\ums-app\\vendor\\laravel\\framework\\src\\Illuminate\\Database\\Eloquent\\Model.php(2144): Illuminate\\Database\\Eloquent\\Model->__call('create', Array)
#17 C:\\Users\\hp\\Documents\\ResumeLayout\\WebProject\\ums-app\\app\\Services\\AttendanceService.php(23): Illuminate\\Database\\Eloquent\\Model::__callStatic('create', Array)
#18 C:\\Users\\hp\\Documents\\ResumeLayout\\WebProject\\ums-app\\app\\Http\\Controllers\\Api\\AttendanceController.php(35): App\\Services\\AttendanceService->create(Array, Object(App\\Models\\User))
#19 C:\\Users\\hp\\Documents\\ResumeLayout\\WebProject\\ums-app\\vendor\\laravel\\framework\\src\\Illuminate\\Routing\\Controller.php(54): App\\Http\\Controllers\\Api\\AttendanceController->store(Object(App\\Http\\Requests\\StoreAttendanceRequest))
#20 C:\\Users\\hp\\Documents\\ResumeLayout\\WebProject\\ums-app\\vendor\\laravel\\framework\\src\\Illuminate\\Routing\\ControllerDispatcher.php(45): Illuminate\\Routing\\Controller->callAction('store', Array)
#21 C:\\Users\\hp\\Documents\\ResumeLayout\\WebProject\\ums-app\\vendor\\laravel\\framework\\src\\Illuminate\\Routing\\Route.php(262): Illuminate\\Routing\\ControllerDispatcher->dispatch(Object(Illuminate\\Routing\\Route), Object(App\\Http\\Controllers\\Api\\AttendanceController), 'store')
#22 C:\\Users\\hp\\Documents\\ResumeLayout\\WebProject\\ums-app\\vendor\\laravel\\framework\\src\\Illuminate\\Routing\\Route.php(205): Illuminate\\Routing\\Route->runController()
#23 C:\\Users\\hp\\Documents\\ResumeLayout\\WebProject\\ums-app\\vendor\\laravel\\framework\\src\\Illuminate\\Routing\\Router.php(721): Illuminate\\Routing\\Route->run()
#24 C:\\Users\\hp\\Documents\\ResumeLayout\\WebProject\\ums-app\\vendor\\laravel\\framework\\src\\Illuminate\\Pipeline\\Pipeline.php(128): Illuminate\\Routing\\Router->Illuminate\\Routing\\{closure}(Object(Illuminate\\Http\\Request))
#25 C:\\Users\\hp\\Documents\\ResumeLayout\\WebProject\\ums-app\\app\\Http\\Middleware\\RoleMiddleware.php(32): Illuminate\\Pipeline\\Pipeline->Illuminate\\Pipeline\\{closure}(Object(Illuminate\\Http\\Request))
#26 C:\\Users\\hp\\Documents\\ResumeLayout\\WebProject\\ums-app\\vendor\\laravel\\framework\\src\\Illuminate\\Pipeline\\Pipeline.php(167): App\\Http\\Middleware\\RoleMiddleware->handle(Object(Illuminate\\Http\\Request), Object(Closure), 'admin', 'teacher')
#27 C:\\Users\\hp\\Documents\\ResumeLayout\\WebProject\\ums-app\\app\\Http\\Middleware\\JwtAuthMiddleware.php(43): Illuminate\\Pipeline\\Pipeline->Illuminate\\Pipeline\\{closure}(Object(Illuminate\\Http\\Request))
#28 C:\\Users\\hp\\Documents\\ResumeLayout\\WebProject\\ums-app\\vendor\\laravel\\framework\\src\\Illuminate\\Pipeline\\Pipeline.php(167): App\\Http\\Middleware\\JwtAuthMiddleware->handle(Object(Illuminate\\Http\\Request), Object(Closure))
#29 C:\\Users\\hp\\Documents\\ResumeLayout\\WebProject\\ums-app\\vendor\\laravel\\framework\\src\\Illuminate\\Routing\\Middleware\\SubstituteBindings.php(50): Illuminate\\Pipeline\\Pipeline->Illuminate\\Pipeline\\{closure}(Object(Illuminate\\Http\\Request))
#30 C:\\Users\\hp\\Documents\\ResumeLayout\\WebProject\\ums-app\\vendor\\laravel\\framework\\src\\Illuminate\\Pipeline\\Pipeline.php(167): Illuminate\\Routing\\Middleware\\SubstituteBindings->handle(Object(Illuminate\\Http\\Request), Object(Closure))
#31 C:\\Users\\hp\\Documents\\ResumeLayout\\WebProject\\ums-app\\vendor\\laravel\\framework\\src\\Illuminate\\Foundation\\Testing\\Concerns\\MakesHttpRequests.php(150): Illuminate\\Pipeline\\Pipeline->Illuminate\\Pipeline\\{closure}(Object(Illuminate\\Http\\Request))
#32 C:\\Users\\hp\\Documents\\ResumeLayout\\WebProject\\ums-app\\vendor\\laravel\\framework\\src\\Illuminate\\Pipeline\\Pipeline.php(167): class@anonymous->handle(Object(Illuminate\\Http\\Request), Object(Closure), 'api')
#33 C:\\Users\\hp\\Documents\\ResumeLayout\\WebProject\\ums-app\\vendor\\laravel\\framework\\src\\Illuminate\\Pipeline\\Pipeline.php(103): Illuminate\\Pipeline\\Pipeline->Illuminate\\Pipeline\\{closure}(Object(Illuminate\\Http\\Request))
#34 C:\\Users\\hp\\Documents\\ResumeLayout\\WebProject\\ums-app\\vendor\\laravel\\framework\\src\\Illuminate\\Routing\\Router.php(723): Illuminate\\Pipeline\\Pipeline->then(Object(Closure))
#35 C:\\Users\\hp\\Documents\\ResumeLayout\\WebProject\\ums-app\\vendor\\laravel\\framework\\src\\Illuminate\\Routing\\Router.php(698): Illuminate\\Routing\\Router->runRouteWithinStack(Object(Illuminate\\Routing\\Route), Object(Illuminate\\Http\\Request))
#36 C:\\Users\\hp\\Documents\\ResumeLayout\\WebProject\\ums-app\\vendor\\laravel\\framework\\src\\Illuminate\\Routing\\Router.php(662): Illuminate\\Routing\\Router->runRoute(Object(Illuminate\\Http\\Request), Object(Illuminate\\Routing\\Route))
#37 C:\\Users\\hp\\Documents\\ResumeLayout\\WebProject\\ums-app\\vendor\\laravel\\framework\\src\\Illuminate\\Routing\\Router.php(651): Illuminate\\Routing\\Router->dispatchToRoute(Object(Illuminate\\Http\\Request))
#38 C:\\Users\\hp\\Documents\\ResumeLayout\\WebProject\\ums-app\\vendor\\laravel\\framework\\src\\Illuminate\\Foundation\\Http\\Kernel.php(167): Illuminate\\Routing\\Router->dispatch(Object(Illuminate\\Http\\Request))
#39 C:\\Users\\hp\\Documents\\ResumeLayout\\WebProject\\ums-app\\vendor\\laravel\\framework\\src\\Illuminate\\Pipeline\\Pipeline.php(128): Illuminate\\Foundation\\Http\\Kernel->Illuminate\\Foundation\\Http\\{closure}(Object(Illuminate\\Http\\Request))
#40 C:\\Users\\hp\\Documents\\ResumeLayout\\WebProject\\ums-app\\vendor\\laravel\\framework\\src\\Illuminate\\Foundation\\Http\\Middleware\\TransformsRequest.php(21): Illuminate\\Pipeline\\Pipeline->Illuminate\\Pipeline\\{closure}(Object(Illuminate\\Http\\Request))
#41 C:\\Users\\hp\\Documents\\ResumeLayout\\WebProject\\ums-app\\vendor\\laravel\\framework\\src\\Illuminate\\Foundation\\Http\\Middleware\\ConvertEmptyStringsToNull.php(31): Illuminate\\Foundation\\Http\\Middleware\\TransformsRequest->handle(Object(Illuminate\\Http\\Request), Object(Closure))
#42 C:\\Users\\hp\\Documents\\ResumeLayout\\WebProject\\ums-app\\vendor\\laravel\\framework\\src\\Illuminate\\Pipeline\\Pipeline.php(167): Illuminate\\Foundation\\Http\\Middleware\\ConvertEmptyStringsToNull->handle(Object(Illuminate\\Http\\Request), Object(Closure))
#43 C:\\Users\\hp\\Documents\\ResumeLayout\\WebProject\\ums-app\\vendor\\laravel\\framework\\src\\Illuminate\\Foundation\\Http\\Middleware\\TransformsRequest.php(21): Illuminate\\Pipeline\\Pipeline->Illuminate\\Pipeline\\{closure}(Object(Illuminate\\Http\\Request))
#44 C:\\Users\\hp\\Documents\\ResumeLayout\\WebProject\\ums-app\\vendor\\laravel\\framework\\src\\Illuminate\\Foundation\\Http\\Middleware\\TrimStrings.php(40): Illuminate\\Foundation\\Http\\Middleware\\TransformsRequest->handle(Object(Illuminate\\Http\\Request), Object(Closure))
#45 C:\\Users\\hp\\Documents\\ResumeLayout\\WebProject\\ums-app\\vendor\\laravel\\framework\\src\\Illuminate\\Pipeline\\Pipeline.php(167): Illuminate\\Foundation\\Http\\Middleware\\TrimStrings->handle(Object(Illuminate\\Http\\Request), Object(Closure))
#46 C:\\Users\\hp\\Documents\\ResumeLayout\\WebProject\\ums-app\\vendor\\laravel\\framework\\src\\Illuminate\\Foundation\\Http\\Middleware\\ValidatePostSize.php(27): Illuminate\\Pipeline\\Pipeline->Illuminate\\Pipeline\\{closure}(Object(Illuminate\\Http\\Request))
#47 C:\\Users\\hp\\Documents\\ResumeLayout\\WebProject\\ums-app\\vendor\\laravel\\framework\\src\\Illuminate\\Pipeline\\Pipeline.php(167): Illuminate\\Foundation\\Http\\Middleware\\ValidatePostSize->handle(Object(Illuminate\\Http\\Request), Object(Closure))
#48 C:\\Users\\hp\\Documents\\ResumeLayout\\WebProject\\ums-app\\vendor\\laravel\\framework\\src\\Illuminate\\Foundation\\Http\\Middleware\\PreventRequestsDuringMaintenance.php(86): Illuminate\\Pipeline\\Pipeline->Illuminate\\Pipeline\\{closure}(Object(Illuminate\\Http\\Request))
#49 C:\\Users\\hp\\Documents\\ResumeLayout\\WebProject\\ums-app\\vendor\\laravel\\framework\\src\\Illuminate\\Pipeline\\Pipeline.php(167): Illuminate\\Foundation\\Http\\Middleware\\PreventRequestsDuringMaintenance->handle(Object(Illuminate\\Http\\Request), Object(Closure))
#50 C:\\Users\\hp\\Documents\\ResumeLayout\\WebProject\\ums-app\\vendor\\fruitcake\\laravel-cors\\src\\HandleCors.php(52): Illuminate\\Pipeline\\Pipeline->Illuminate\\Pipeline\\{closure}(Object(Illuminate\\Http\\Request))
#51 C:\\Users\\hp\\Documents\\ResumeLayout\\WebProject\\ums-app\\vendor\\laravel\\framework\\src\\Illuminate\\Pipeline\\Pipeline.php(167): Fruitcake\\Cors\\HandleCors->handle(Object(Illuminate\\Http\\Request), Object(Closure))
#52 C:\\Users\\hp\\Documents\\ResumeLayout\\WebProject\\ums-app\\vendor\\fideloper\\proxy\\src\\TrustProxies.php(57): Illuminate\\Pipeline\\Pipeline->Illuminate\\Pipeline\\{closure}(Object(Illuminate\\Http\\Request))
#53 C:\\Users\\hp\\Documents\\ResumeLayout\\WebProject\\ums-app\\vendor\\laravel\\framework\\src\\Illuminate\\Pipeline\\Pipeline.php(167): Fideloper\\Proxy\\TrustProxies->handle(Object(Illuminate\\Http\\Request), Object(Closure))
#54 C:\\Users\\hp\\Documents\\ResumeLayout\\WebProject\\ums-app\\vendor\\laravel\\framework\\src\\Illuminate\\Pipeline\\Pipeline.php(103): Illuminate\\Pipeline\\Pipeline->Illuminate\\Pipeline\\{closure}(Object(Illuminate\\Http\\Request))
#55 C:\\Users\\hp\\Documents\\ResumeLayout\\WebProject\\ums-app\\vendor\\laravel\\framework\\src\\Illuminate\\Foundation\\Http\\Kernel.php(142): Illuminate\\Pipeline\\Pipeline->then(Object(Closure))
#56 C:\\Users\\hp\\Documents\\ResumeLayout\\WebProject\\ums-app\\vendor\\laravel\\framework\\src\\Illuminate\\Foundation\\Http\\Kernel.php(111): Illuminate\\Foundation\\Http\\Kernel->sendRequestThroughRouter(Object(Illuminate\\Http\\Request))
#57 C:\\Users\\hp\\Documents\\ResumeLayout\\WebProject\\ums-app\\vendor\\laravel\\framework\\src\\Illuminate\\Foundation\\Testing\\Concerns\\MakesHttpRequests.php(510): Illuminate\\Foundation\\Http\\Kernel->handle(Object(Illuminate\\Http\\Request))
#58 C:\\Users\\hp\\Documents\\ResumeLayout\\WebProject\\ums-app\\vendor\\laravel\\framework\\src\\Illuminate\\Foundation\\Testing\\Concerns\\MakesHttpRequests.php(476): Illuminate\\Foundation\\Testing\\TestCase->call('POST', '/api/attendance', Array, Array, Array, Array, '{\"student_id\":3...')
#59 C:\\Users\\hp\\Documents\\ResumeLayout\\WebProject\\ums-app\\vendor\\laravel\\framework\\src\\Illuminate\\Foundation\\Testing\\Concerns\\MakesHttpRequests.php(335): Illuminate\\Foundation\\Testing\\TestCase->json('POST', '/api/attendance', Array, Array)
#60 C:\\Users\\hp\\Documents\\ResumeLayout\\WebProject\\ums-app\\tests\\Feature\\Attendance\\ValidAttendanceSubmissionPropertyTest.php(98): Illuminate\\Foundation\\Testing\\TestCase->postJson('/api/attendance', Array)
#61 [internal function]: Tests\\Feature\\Attendance\\ValidAttendanceSubmissionPropertyTest->Tests\\Feature\\Attendance\\{closure}(1)
#62 C:\\Users\\hp\\Documents\\ResumeLayout\\WebProject\\ums-app\\vendor\\giorgiosironi\\eris\\src\\Quantifier\\Evaluation.php(54): call_user_func_array(Object(Closure), Array)
#63 C:\\Users\\hp\\Documents\\ResumeLayout\\WebProject\\ums-app\\vendor\\giorgiosironi\\eris\\src\\Shrinker\\Multiple.php(102): Eris\\Quantifier\\Evaluation->execute()
#64 C:\\Users\\hp\\Documents\\ResumeLayout\\WebProject\\ums-app\\vendor\\giorgiosironi\\eris\\src\\Quantifier\\ForAll.php(169): Eris\\Shrinker\\Multiple->from(Object(Eris\\Generator\\GeneratedValueSingle), Object(PHPUnit\\Framework\\ExpectationFailedException))
#65 [internal function]: Eris\\Quantifier\\ForAll->Eris\\Quantifier\\{closure}(Object(Eris\\Generator\\GeneratedValueSingle), Object(PHPUnit\\Framework\\ExpectationFailedException))
#66 C:\\Users\\hp\\Documents\\ResumeLayout\\WebProject\\ums-app\\vendor\\giorgiosironi\\eris\\src\\Quantifier\\Evaluation.php(57): call_user_func(Object(Closure), Object(Eris\\Generator\\GeneratedValueSingle), Object(PHPUnit\\Framework\\ExpectationFailedException))
#67 C:\\Users\\hp\\Documents\\ResumeLayout\\WebProject\\ums-app\\vendor\\giorgiosironi\\eris\\src\\Quantifier\\ForAll.php(171): Eris\\Quantifier\\Evaluation->execute()
#68 C:\\Users\\hp\\Documents\\ResumeLayout\\WebProject\\ums-app\\vendor\\giorgiosironi\\eris\\src\\Quantifier\\ForAll.php(194): Eris\\Quantifier\\ForAll->__invoke(Object(Closure))
#69 C:\\Users\\hp\\Documents\\ResumeLayout\\WebProject\\ums-app\\tests\\Feature\\Attendance\\ValidAttendanceSubmissionPropertyTest.php(115): Eris\\Quantifier\\ForAll->then(Object(Closure))
#70 C:\\Users\\hp\\Documents\\ResumeLayout\\WebProject\\ums-app\\vendor\\phpunit\\phpunit\\src\\Framework\\TestCase.php(1617): Tests\\Feature\\Attendance\\ValidAttendanceSubmissionPropertyTest->valid_attendance_submission_persists_and_returns_201()
#71 C:\\Users\\hp\\Documents\\ResumeLayout\\WebProject\\ums-app\\vendor\\phpunit\\phpunit\\src\\Framework\\TestCase.php(1223): PHPUnit\\Framework\\TestCase->runTest()
#72 C:\\Users\\hp\\Documents\\ResumeLayout\\WebProject\\ums-app\\vendor\\phpunit\\phpunit\\src\\Framework\\TestResult.php(729): PHPUnit\\Framework\\TestCase->runBare()
#73 C:\\Users\\hp\\Documents\\ResumeLayout\\WebProject\\ums-app\\vendor\\phpunit\\phpunit\\src\\Framework\\TestCase.php(973): PHPUnit\\Framework\\TestResult->run(Object(Tests\\Feature\\Attendance\\ValidAttendanceSubmissionPropertyTest))
#74 C:\\Users\\hp\\Documents\\ResumeLayout\\WebProject\\ums-app\\vendor\\phpunit\\phpunit\\src\\Framework\\TestSuite.php(685): PHPUnit\\Framework\\TestCase->run(Object(PHPUnit\\Framework\\TestResult))
#75 C:\\Users\\hp\\Documents\\ResumeLayout\\WebProject\\ums-app\\vendor\\phpunit\\phpunit\\src\\Framework\\TestSuite.php(685): PHPUnit\\Framework\\TestSuite->run(Object(PHPUnit\\Framework\\TestResult))
#76 C:\\Users\\hp\\Documents\\ResumeLayout\\WebProject\\ums-app\\vendor\\phpunit\\phpunit\\src\\Framework\\TestSuite.php(685): PHPUnit\\Framework\\TestSuite->run(Object(PHPUnit\\Framework\\TestResult))
#77 C:\\Users\\hp\\Documents\\ResumeLayout\\WebProject\\ums-app\\vendor\\phpunit\\phpunit\\src\\TextUI\\TestRunner.php(651): PHPUnit\\Framework\\TestSuite->run(Object(PHPUnit\\Framework\\TestResult))
#78 C:\\Users\\hp\\Documents\\ResumeLayout\\WebProject\\ums-app\\vendor\\phpunit\\phpunit\\src\\TextUI\\Command.php(146): PHPUnit\\TextUI\\TestRunner->run(Object(PHPUnit\\Framework\\TestSuite), Array, Array, true)
#79 C:\\Users\\hp\\Documents\\ResumeLayout\\WebProject\\ums-app\\vendor\\phpunit\\phpunit\\src\\TextUI\\Command.php(99): PHPUnit\\TextUI\\Command->run(Array, true)
#80 C:\\Users\\hp\\Documents\\ResumeLayout\\WebProject\\ums-app\\vendor\\phpunit\\phpunit\\phpunit(107): PHPUnit\\TextUI\\Command::main()
#81 {main}
"} 
[2026-05-29 13:39:19] testing.ERROR: SQLSTATE[HY000]: General error: 1 no such table: attendances (SQL: insert into "attendances" ("student_id", "course_id", "date", "status", "updated_at", "created_at") values (5, 3, 2024-05-15, present, 2026-05-29 13:39:19, 2026-05-29 13:39:19)) {"exception":"[object] (Illuminate\\Database\\QueryException(code: HY000): SQLSTATE[HY000]: General error: 1 no such table: attendances (SQL: insert into \"attendances\" (\"student_id\", \"course_id\", \"date\", \"status\", \"updated_at\", \"created_at\") values (5, 3, 2024-05-15, present, 2026-05-29 13:39:19, 2026-05-29 13:39:19)) at C:\\Users\\hp\\Documents\\ResumeLayout\\WebProject\\ums-app\\vendor\\laravel\\framework\\src\\Illuminate\\Database\\Connection.php:712)
[stacktrace]
#0 C:\\Users\\hp\\Documents\\ResumeLayout\\WebProject\\ums-app\\vendor\\laravel\\framework\\src\\Illuminate\\Database\\Connection.php(672): Illuminate\\Database\\Connection->runQueryCallback('insert into \"at...', Array, Object(Closure))
#1 C:\\Users\\hp\\Documents\\ResumeLayout\\WebProject\\ums-app\\vendor\\laravel\\framework\\src\\Illuminate\\Database\\Connection.php(502): Illuminate\\Database\\Connection->run('insert into \"at...', Array, Object(Closure))
#2 C:\\Users\\hp\\Documents\\ResumeLayout\\WebProject\\ums-app\\vendor\\laravel\\framework\\src\\Illuminate\\Database\\Connection.php(454): Illuminate\\Database\\Connection->statement('insert into \"at...', Array)
#3 C:\\Users\\hp\\Documents\\ResumeLayout\\WebProject\\ums-app\\vendor\\laravel\\framework\\src\\Illuminate\\Database\\Query\\Processors\\Processor.php(32): Illuminate\\Database\\Connection->insert('insert into \"at...', Array)
#4 C:\\Users\\hp\\Documents\\ResumeLayout\\WebProject\\ums-app\\vendor\\laravel\\framework\\src\\Illuminate\\Database\\Query\\Builder.php(3028): Illuminate\\Database\\Query\\Processors\\Processor->processInsertGetId(Object(Illuminate\\Database\\Query\\Builder), 'insert into \"at...', Array, 'id')
#5 C:\\Users\\hp\\Documents\\ResumeLayout\\WebProject\\ums-app\\vendor\\laravel\\framework\\src\\Illuminate\\Database\\Eloquent\\Builder.php(1657): Illuminate\\Database\\Query\\Builder->insertGetId(Array, 'id')
#6 C:\\Users\\hp\\Documents\\ResumeLayout\\WebProject\\ums-app\\vendor\\laravel\\framework\\src\\Illuminate\\Database\\Eloquent\\Model.php(1188): Illuminate\\Database\\Eloquent\\Builder->__call('insertGetId', Array)
#7 C:\\Users\\hp\\Documents\\ResumeLayout\\WebProject\\ums-app\\vendor\\laravel\\framework\\src\\Illuminate\\Database\\Eloquent\\Model.php(1153): Illuminate\\Database\\Eloquent\\Model->insertAndSetId(Object(Illuminate\\Database\\Eloquent\\Builder), Array)
#8 C:\\Users\\hp\\Documents\\ResumeLayout\\WebProject\\ums-app\\vendor\\laravel\\framework\\src\\Illuminate\\Database\\Eloquent\\Model.php(994): Illuminate\\Database\\Eloquent\\Model->performInsert(Object(Illuminate\\Database\\Eloquent\\Builder))
#9 C:\\Users\\hp\\Documents\\ResumeLayout\\WebProject\\ums-app\\vendor\\laravel\\framework\\src\\Illuminate\\Database\\Eloquent\\Builder.php(896): Illuminate\\Database\\Eloquent\\Model->save()
#10 C:\\Users\\hp\\Documents\\ResumeLayout\\WebProject\\ums-app\\vendor\\laravel\\framework\\src\\Illuminate\\Support\\helpers.php(276): Illuminate\\Database\\Eloquent\\Builder->Illuminate\\Database\\Eloquent\\{closure}(Object(App\\Models\\Attendance))
#11 C:\\Users\\hp\\Documents\\ResumeLayout\\WebProject\\ums-app\\vendor\\laravel\\framework\\src\\Illuminate\\Database\\Eloquent\\Builder.php(897): tap(Object(App\\Models\\Attendance), Object(Closure))
#12 C:\\Users\\hp\\Documents\\ResumeLayout\\WebProject\\ums-app\\vendor\\laravel\\framework\\src\\Illuminate\\Support\\Traits\\ForwardsCalls.php(23): Illuminate\\Database\\Eloquent\\Builder->create(Array)
#13 C:\\Users\\hp\\Documents\\ResumeLayout\\WebProject\\ums-app\\vendor\\laravel\\framework\\src\\Illuminate\\Database\\Eloquent\\Model.php(2132): Illuminate\\Database\\Eloquent\\Model->forwardCallTo(Object(Illuminate\\Database\\Eloquent\\Builder), 'create', Array)
#14 C:\\Users\\hp\\Documents\\ResumeLayout\\WebProject\\ums-app\\vendor\\laravel\\framework\\src\\Illuminate\\Database\\Eloquent\\Model.php(2144): Illuminate\\Database\\Eloquent\\Model->__call('create', Array)
#15 C:\\Users\\hp\\Documents\\ResumeLayout\\WebProject\\ums-app\\app\\Services\\AttendanceService.php(23): Illuminate\\Database\\Eloquent\\Model::__callStatic('create', Array)
#16 C:\\Users\\hp\\Documents\\ResumeLayout\\WebProject\\ums-app\\app\\Http\\Controllers\\Api\\AttendanceController.php(35): App\\Services\\AttendanceService->create(Array, Object(App\\Models\\User))
#17 C:\\Users\\hp\\Documents\\ResumeLayout\\WebProject\\ums-app\\vendor\\laravel\\framework\\src\\Illuminate\\Routing\\Controller.php(54): App\\Http\\Controllers\\Api\\AttendanceController->store(Object(App\\Http\\Requests\\StoreAttendanceRequest))
#18 C:\\Users\\hp\\Documents\\ResumeLayout\\WebProject\\ums-app\\vendor\\laravel\\framework\\src\\Illuminate\\Routing\\ControllerDispatcher.php(45): Illuminate\\Routing\\Controller->callAction('store', Array)
#19 C:\\Users\\hp\\Documents\\ResumeLayout\\WebProject\\ums-app\\vendor\\laravel\\framework\\src\\Illuminate\\Routing\\Route.php(262): Illuminate\\Routing\\ControllerDispatcher->dispatch(Object(Illuminate\\Routing\\Route), Object(App\\Http\\Controllers\\Api\\AttendanceController), 'store')
#20 C:\\Users\\hp\\Documents\\ResumeLayout\\WebProject\\ums-app\\vendor\\laravel\\framework\\src\\Illuminate\\Routing\\Route.php(205): Illuminate\\Routing\\Route->runController()
#21 C:\\Users\\hp\\Documents\\ResumeLayout\\WebProject\\ums-app\\vendor\\laravel\\framework\\src\\Illuminate\\Routing\\Router.php(721): Illuminate\\Routing\\Route->run()
#22 C:\\Users\\hp\\Documents\\ResumeLayout\\WebProject\\ums-app\\vendor\\laravel\\framework\\src\\Illuminate\\Pipeline\\Pipeline.php(128): Illuminate\\Routing\\Router->Illuminate\\Routing\\{closure}(Object(Illuminate\\Http\\Request))
#23 C:\\Users\\hp\\Documents\\ResumeLayout\\WebProject\\ums-app\\app\\Http\\Middleware\\RoleMiddleware.php(32): Illuminate\\Pipeline\\Pipeline->Illuminate\\Pipeline\\{closure}(Object(Illuminate\\Http\\Request))
#24 C:\\Users\\hp\\Documents\\ResumeLayout\\WebProject\\ums-app\\vendor\\laravel\\framework\\src\\Illuminate\\Pipeline\\Pipeline.php(167): App\\Http\\Middleware\\RoleMiddleware->handle(Object(Illuminate\\Http\\Request), Object(Closure), 'admin', 'teacher')
#25 C:\\Users\\hp\\Documents\\ResumeLayout\\WebProject\\ums-app\\app\\Http\\Middleware\\JwtAuthMiddleware.php(43): Illuminate\\Pipeline\\Pipeline->Illuminate\\Pipeline\\{closure}(Object(Illuminate\\Http\\Request))
#26 C:\\Users\\hp\\Documents\\ResumeLayout\\WebProject\\ums-app\\vendor\\laravel\\framework\\src\\Illuminate\\Pipeline\\Pipeline.php(167): App\\Http\\Middleware\\JwtAuthMiddleware->handle(Object(Illuminate\\Http\\Request), Object(Closure))
#27 C:\\Users\\hp\\Documents\\ResumeLayout\\WebProject\\ums-app\\vendor\\laravel\\framework\\src\\Illuminate\\Routing\\Middleware\\SubstituteBindings.php(50): Illuminate\\Pipeline\\Pipeline->Illuminate\\Pipeline\\{closure}(Object(Illuminate\\Http\\Request))
#28 C:\\Users\\hp\\Documents\\ResumeLayout\\WebProject\\ums-app\\vendor\\laravel\\framework\\src\\Illuminate\\Pipeline\\Pipeline.php(167): Illuminate\\Routing\\Middleware\\SubstituteBindings->handle(Object(Illuminate\\Http\\Request), Object(Closure))
#29 C:\\Users\\hp\\Documents\\ResumeLayout\\WebProject\\ums-app\\vendor\\laravel\\framework\\src\\Illuminate\\Foundation\\Testing\\Concerns\\MakesHttpRequests.php(150): Illuminate\\Pipeline\\Pipeline->Illuminate\\Pipeline\\{closure}(Object(Illuminate\\Http\\Request))
#30 C:\\Users\\hp\\Documents\\ResumeLayout\\WebProject\\ums-app\\vendor\\laravel\\framework\\src\\Illuminate\\Pipeline\\Pipeline.php(167): class@anonymous->handle(Object(Illuminate\\Http\\Request), Object(Closure), 'api')
#31 C:\\Users\\hp\\Documents\\ResumeLayout\\WebProject\\ums-app\\vendor\\laravel\\framework\\src\\Illuminate\\Pipeline\\Pipeline.php(103): Illuminate\\Pipeline\\Pipeline->Illuminate\\Pipeline\\{closure}(Object(Illuminate\\Http\\Request))
#32 C:\\Users\\hp\\Documents\\ResumeLayout\\WebProject\\ums-app\\vendor\\laravel\\framework\\src\\Illuminate\\Routing\\Router.php(723): Illuminate\\Pipeline\\Pipeline->then(Object(Closure))
#33 C:\\Users\\hp\\Documents\\ResumeLayout\\WebProject\\ums-app\\vendor\\laravel\\framework\\src\\Illuminate\\Routing\\Router.php(698): Illuminate\\Routing\\Router->runRouteWithinStack(Object(Illuminate\\Routing\\Route), Object(Illuminate\\Http\\Request))
#34 C:\\Users\\hp\\Documents\\ResumeLayout\\WebProject\\ums-app\\vendor\\laravel\\framework\\src\\Illuminate\\Routing\\Router.php(662): Illuminate\\Routing\\Router->runRoute(Object(Illuminate\\Http\\Request), Object(Illuminate\\Routing\\Route))
#35 C:\\Users\\hp\\Documents\\ResumeLayout\\WebProject\\ums-app\\vendor\\laravel\\framework\\src\\Illuminate\\Routing\\Router.php(651): Illuminate\\Routing\\Router->dispatchToRoute(Object(Illuminate\\Http\\Request))
#36 C:\\Users\\hp\\Documents\\ResumeLayout\\WebProject\\ums-app\\vendor\\laravel\\framework\\src\\Illuminate\\Foundation\\Http\\Kernel.php(167): Illuminate\\Routing\\Router->dispatch(Object(Illuminate\\Http\\Request))
#37 C:\\Users\\hp\\Documents\\ResumeLayout\\WebProject\\ums-app\\vendor\\laravel\\framework\\src\\Illuminate\\Pipeline\\Pipeline.php(128): Illuminate\\Foundation\\Http\\Kernel->Illuminate\\Foundation\\Http\\{closure}(Object(Illuminate\\Http\\Request))
#38 C:\\Users\\hp\\Documents\\ResumeLayout\\WebProject\\ums-app\\vendor\\laravel\\framework\\src\\Illuminate\\Foundation\\Http\\Middleware\\TransformsRequest.php(21): Illuminate\\Pipeline\\Pipeline->Illuminate\\Pipeline\\{closure}(Object(Illuminate\\Http\\Request))
#39 C:\\Users\\hp\\Documents\\ResumeLayout\\WebProject\\ums-app\\vendor\\laravel\\framework\\src\\Illuminate\\Foundation\\Http\\Middleware\\ConvertEmptyStringsToNull.php(31): Illuminate\\Foundation\\Http\\Middleware\\TransformsRequest->handle(Object(Illuminate\\Http\\Request), Object(Closure))
#40 C:\\Users\\hp\\Documents\\ResumeLayout\\WebProject\\ums-app\\vendor\\laravel\\framework\\src\\Illuminate\\Pipeline\\Pipeline.php(167): Illuminate\\Foundation\\Http\\Middleware\\ConvertEmptyStringsToNull->handle(Object(Illuminate\\Http\\Request), Object(Closure))
#41 C:\\Users\\hp\\Documents\\ResumeLayout\\WebProject\\ums-app\\vendor\\laravel\\framework\\src\\Illuminate\\Foundation\\Http\\Middleware\\TransformsRequest.php(21): Illuminate\\Pipeline\\Pipeline->Illuminate\\Pipeline\\{closure}(Object(Illuminate\\Http\\Request))
#42 C:\\Users\\hp\\Documents\\ResumeLayout\\WebProject\\ums-app\\vendor\\laravel\\framework\\src\\Illuminate\\Foundation\\Http\\Middleware\\TrimStrings.php(40): Illuminate\\Foundation\\Http\\Middleware\\TransformsRequest->handle(Object(Illuminate\\Http\\Request), Object(Closure))
#43 C:\\Users\\hp\\Documents\\ResumeLayout\\WebProject\\ums-app\\vendor\\laravel\\framework\\src\\Illuminate\\Pipeline\\Pipeline.php(167): Illuminate\\Foundation\\Http\\Middleware\\TrimStrings->handle(Object(Illuminate\\Http\\Request), Object(Closure))
#44 C:\\Users\\hp\\Documents\\ResumeLayout\\WebProject\\ums-app\\vendor\\laravel\\framework\\src\\Illuminate\\Foundation\\Http\\Middleware\\ValidatePostSize.php(27): Illuminate\\Pipeline\\Pipeline->Illuminate\\Pipeline\\{closure}(Object(Illuminate\\Http\\Request))
#45 C:\\Users\\hp\\Documents\\ResumeLayout\\WebProject\\ums-app\\vendor\\laravel\\framework\\src\\Illuminate\\Pipeline\\Pipeline.php(167): Illuminate\\Foundation\\Http\\Middleware\\ValidatePostSize->handle(Object(Illuminate\\Http\\Request), Object(Closure))
#46 C:\\Users\\hp\\Documents\\ResumeLayout\\WebProject\\ums-app\\vendor\\laravel\\framework\\src\\Illuminate\\Foundation\\Http\\Middleware\\PreventRequestsDuringMaintenance.php(86): Illuminate\\Pipeline\\Pipeline->Illuminate\\Pipeline\\{closure}(Object(Illuminate\\Http\\Request))
#47 C:\\Users\\hp\\Documents\\ResumeLayout\\WebProject\\ums-app\\vendor\\laravel\\framework\\src\\Illuminate\\Pipeline\\Pipeline.php(167): Illuminate\\Foundation\\Http\\Middleware\\PreventRequestsDuringMaintenance->handle(Object(Illuminate\\Http\\Request), Object(Closure))
#48 C:\\Users\\hp\\Documents\\ResumeLayout\\WebProject\\ums-app\\vendor\\fruitcake\\laravel-cors\\src\\HandleCors.php(52): Illuminate\\Pipeline\\Pipeline->Illuminate\\Pipeline\\{closure}(Object(Illuminate\\Http\\Request))
#49 C:\\Users\\hp\\Documents\\ResumeLayout\\WebProject\\ums-app\\vendor\\laravel\\framework\\src\\Illuminate\\Pipeline\\Pipeline.php(167): Fruitcake\\Cors\\HandleCors->handle(Object(Illuminate\\Http\\Request), Object(Closure))
#50 C:\\Users\\hp\\Documents\\ResumeLayout\\WebProject\\ums-app\\vendor\\fideloper\\proxy\\src\\TrustProxies.php(57): Illuminate\\Pipeline\\Pipeline->Illuminate\\Pipeline\\{closure}(Object(Illuminate\\Http\\Request))
#51 C:\\Users\\hp\\Documents\\ResumeLayout\\WebProject\\ums-app\\vendor\\laravel\\framework\\src\\Illuminate\\Pipeline\\Pipeline.php(167): Fideloper\\Proxy\\TrustProxies->handle(Object(Illuminate\\Http\\Request), Object(Closure))
#52 C:\\Users\\hp\\Documents\\ResumeLayout\\WebProject\\ums-app\\vendor\\laravel\\framework\\src\\Illuminate\\Pipeline\\Pipeline.php(103): Illuminate\\Pipeline\\Pipeline->Illuminate\\Pipeline\\{closure}(Object(Illuminate\\Http\\Request))
#53 C:\\Users\\hp\\Documents\\ResumeLayout\\WebProject\\ums-app\\vendor\\laravel\\framework\\src\\Illuminate\\Foundation\\Http\\Kernel.php(142): Illuminate\\Pipeline\\Pipeline->then(Object(Closure))
#54 C:\\Users\\hp\\Documents\\ResumeLayout\\WebProject\\ums-app\\vendor\\laravel\\framework\\src\\Illuminate\\Foundation\\Http\\Kernel.php(111): Illuminate\\Foundation\\Http\\Kernel->sendRequestThroughRouter(Object(Illuminate\\Http\\Request))
#55 C:\\Users\\hp\\Documents\\ResumeLayout\\WebProject\\ums-app\\vendor\\laravel\\framework\\src\\Illuminate\\Foundation\\Testing\\Concerns\\MakesHttpRequests.php(510): Illuminate\\Foundation\\Http\\Kernel->handle(Object(Illuminate\\Http\\Request))
#56 C:\\Users\\hp\\Documents\\ResumeLayout\\WebProject\\ums-app\\vendor\\laravel\\framework\\src\\Illuminate\\Foundation\\Testing\\Concerns\\MakesHttpRequests.php(476): Illuminate\\Foundation\\Testing\\TestCase->call('POST', '/api/attendance', Array, Array, Array, Array, '{\"student_id\":5...')
#57 C:\\Users\\hp\\Documents\\ResumeLayout\\WebProject\\ums-app\\vendor\\laravel\\framework\\src\\Illuminate\\Foundation\\Testing\\Concerns\\MakesHttpRequests.php(335): Illuminate\\Foundation\\Testing\\TestCase->json('POST', '/api/attendance', Array, Array)
#58 C:\\Users\\hp\\Documents\\ResumeLayout\\WebProject\\ums-app\\tests\\Feature\\Attendance\\ValidAttendanceSubmissionPropertyTest.php(98): Illuminate\\Foundation\\Testing\\TestCase->postJson('/api/attendance', Array)
#59 [internal function]: Tests\\Feature\\Attendance\\ValidAttendanceSubmissionPropertyTest->Tests\\Feature\\Attendance\\{closure}(0)
#60 C:\\Users\\hp\\Documents\\ResumeLayout\\WebProject\\ums-app\\vendor\\giorgiosironi\\eris\\src\\Quantifier\\Evaluation.php(54): call_user_func_array(Object(Closure), Array)
#61 C:\\Users\\hp\\Documents\\ResumeLayout\\WebProject\\ums-app\\vendor\\giorgiosironi\\eris\\src\\Shrinker\\Multiple.php(102): Eris\\Quantifier\\Evaluation->execute()
#62 C:\\Users\\hp\\Documents\\ResumeLayout\\WebProject\\ums-app\\vendor\\giorgiosironi\\eris\\src\\Quantifier\\ForAll.php(169): Eris\\Shrinker\\Multiple->from(Object(Eris\\Generator\\GeneratedValueSingle), Object(PHPUnit\\Framework\\ExpectationFailedException))
#63 [internal function]: Eris\\Quantifier\\ForAll->Eris\\Quantifier\\{closure}(Object(Eris\\Generator\\GeneratedValueSingle), Object(PHPUnit\\Framework\\ExpectationFailedException))
#64 C:\\Users\\hp\\Documents\\ResumeLayout\\WebProject\\ums-app\\vendor\\giorgiosironi\\eris\\src\\Quantifier\\Evaluation.php(57): call_user_func(Object(Closure), Object(Eris\\Generator\\GeneratedValueSingle), Object(PHPUnit\\Framework\\ExpectationFailedException))
#65 C:\\Users\\hp\\Documents\\ResumeLayout\\WebProject\\ums-app\\vendor\\giorgiosironi\\eris\\src\\Quantifier\\ForAll.php(171): Eris\\Quantifier\\Evaluation->execute()
#66 C:\\Users\\hp\\Documents\\ResumeLayout\\WebProject\\ums-app\\vendor\\giorgiosironi\\eris\\src\\Quantifier\\ForAll.php(194): Eris\\Quantifier\\ForAll->__invoke(Object(Closure))
#67 C:\\Users\\hp\\Documents\\ResumeLayout\\WebProject\\ums-app\\tests\\Feature\\Attendance\\ValidAttendanceSubmissionPropertyTest.php(115): Eris\\Quantifier\\ForAll->then(Object(Closure))
#68 C:\\Users\\hp\\Documents\\ResumeLayout\\WebProject\\ums-app\\vendor\\phpunit\\phpunit\\src\\Framework\\TestCase.php(1617): Tests\\Feature\\Attendance\\ValidAttendanceSubmissionPropertyTest->valid_attendance_submission_persists_and_returns_201()
#69 C:\\Users\\hp\\Documents\\ResumeLayout\\WebProject\\ums-app\\vendor\\phpunit\\phpunit\\src\\Framework\\TestCase.php(1223): PHPUnit\\Framework\\TestCase->runTest()
#70 C:\\Users\\hp\\Documents\\ResumeLayout\\WebProject\\ums-app\\vendor\\phpunit\\phpunit\\src\\Framework\\TestResult.php(729): PHPUnit\\Framework\\TestCase->runBare()
#71 C:\\Users\\hp\\Documents\\ResumeLayout\\WebProject\\ums-app\\vendor\\phpunit\\phpunit\\src\\Framework\\TestCase.php(973): PHPUnit\\Framework\\TestResult->run(Object(Tests\\Feature\\Attendance\\ValidAttendanceSubmissionPropertyTest))
#72 C:\\Users\\hp\\Documents\\ResumeLayout\\WebProject\\ums-app\\vendor\\phpunit\\phpunit\\src\\Framework\\TestSuite.php(685): PHPUnit\\Framework\\TestCase->run(Object(PHPUnit\\Framework\\TestResult))
#73 C:\\Users\\hp\\Documents\\ResumeLayout\\WebProject\\ums-app\\vendor\\phpunit\\phpunit\\src\\Framework\\TestSuite.php(685): PHPUnit\\Framework\\TestSuite->run(Object(PHPUnit\\Framework\\TestResult))
#74 C:\\Users\\hp\\Documents\\ResumeLayout\\WebProject\\ums-app\\vendor\\phpunit\\phpunit\\src\\Framework\\TestSuite.php(685): PHPUnit\\Framework\\TestSuite->run(Object(PHPUnit\\Framework\\TestResult))
#75 C:\\Users\\hp\\Documents\\ResumeLayout\\WebProject\\ums-app\\vendor\\phpunit\\phpunit\\src\\TextUI\\TestRunner.php(651): PHPUnit\\Framework\\TestSuite->run(Object(PHPUnit\\Framework\\TestResult))
#76 C:\\Users\\hp\\Documents\\ResumeLayout\\WebProject\\ums-app\\vendor\\phpunit\\phpunit\\src\\TextUI\\Command.php(146): PHPUnit\\TextUI\\TestRunner->run(Object(PHPUnit\\Framework\\TestSuite), Array, Array, true)
#77 C:\\Users\\hp\\Documents\\ResumeLayout\\WebProject\\ums-app\\vendor\\phpunit\\phpunit\\src\\TextUI\\Command.php(99): PHPUnit\\TextUI\\Command->run(Array, true)
#78 C:\\Users\\hp\\Documents\\ResumeLayout\\WebProject\\ums-app\\vendor\\phpunit\\phpunit\\phpunit(107): PHPUnit\\TextUI\\Command::main()
#79 {main}

[previous exception] [object] (PDOException(code: HY000): SQLSTATE[HY000]: General error: 1 no such table: attendances at C:\\Users\\hp\\Documents\\ResumeLayout\\WebProject\\ums-app\\vendor\\laravel\\framework\\src\\Illuminate\\Database\\Connection.php:495)
[stacktrace]
#0 C:\\Users\\hp\\Documents\\ResumeLayout\\WebProject\\ums-app\\vendor\\laravel\\framework\\src\\Illuminate\\Database\\Connection.php(495): PDO->prepare('insert into \"at...')
#1 C:\\Users\\hp\\Documents\\ResumeLayout\\WebProject\\ums-app\\vendor\\laravel\\framework\\src\\Illuminate\\Database\\Connection.php(705): Illuminate\\Database\\Connection->Illuminate\\Database\\{closure}('insert into \"at...', Array)
#2 C:\\Users\\hp\\Documents\\ResumeLayout\\WebProject\\ums-app\\vendor\\laravel\\framework\\src\\Illuminate\\Database\\Connection.php(672): Illuminate\\Database\\Connection->runQueryCallback('insert into \"at...', Array, Object(Closure))
#3 C:\\Users\\hp\\Documents\\ResumeLayout\\WebProject\\ums-app\\vendor\\laravel\\framework\\src\\Illuminate\\Database\\Connection.php(502): Illuminate\\Database\\Connection->run('insert into \"at...', Array, Object(Closure))
#4 C:\\Users\\hp\\Documents\\ResumeLayout\\WebProject\\ums-app\\vendor\\laravel\\framework\\src\\Illuminate\\Database\\Connection.php(454): Illuminate\\Database\\Connection->statement('insert into \"at...', Array)
#5 C:\\Users\\hp\\Documents\\ResumeLayout\\WebProject\\ums-app\\vendor\\laravel\\framework\\src\\Illuminate\\Database\\Query\\Processors\\Processor.php(32): Illuminate\\Database\\Connection->insert('insert into \"at...', Array)
#6 C:\\Users\\hp\\Documents\\ResumeLayout\\WebProject\\ums-app\\vendor\\laravel\\framework\\src\\Illuminate\\Database\\Query\\Builder.php(3028): Illuminate\\Database\\Query\\Processors\\Processor->processInsertGetId(Object(Illuminate\\Database\\Query\\Builder), 'insert into \"at...', Array, 'id')
#7 C:\\Users\\hp\\Documents\\ResumeLayout\\WebProject\\ums-app\\vendor\\laravel\\framework\\src\\Illuminate\\Database\\Eloquent\\Builder.php(1657): Illuminate\\Database\\Query\\Builder->insertGetId(Array, 'id')
#8 C:\\Users\\hp\\Documents\\ResumeLayout\\WebProject\\ums-app\\vendor\\laravel\\framework\\src\\Illuminate\\Database\\Eloquent\\Model.php(1188): Illuminate\\Database\\Eloquent\\Builder->__call('insertGetId', Array)
#9 C:\\Users\\hp\\Documents\\ResumeLayout\\WebProject\\ums-app\\vendor\\laravel\\framework\\src\\Illuminate\\Database\\Eloquent\\Model.php(1153): Illuminate\\Database\\Eloquent\\Model->insertAndSetId(Object(Illuminate\\Database\\Eloquent\\Builder), Array)
#10 C:\\Users\\hp\\Documents\\ResumeLayout\\WebProject\\ums-app\\vendor\\laravel\\framework\\src\\Illuminate\\Database\\Eloquent\\Model.php(994): Illuminate\\Database\\Eloquent\\Model->performInsert(Object(Illuminate\\Database\\Eloquent\\Builder))
#11 C:\\Users\\hp\\Documents\\ResumeLayout\\WebProject\\ums-app\\vendor\\laravel\\framework\\src\\Illuminate\\Database\\Eloquent\\Builder.php(896): Illuminate\\Database\\Eloquent\\Model->save()
#12 C:\\Users\\hp\\Documents\\ResumeLayout\\WebProject\\ums-app\\vendor\\laravel\\framework\\src\\Illuminate\\Support\\helpers.php(276): Illuminate\\Database\\Eloquent\\Builder->Illuminate\\Database\\Eloquent\\{closure}(Object(App\\Models\\Attendance))
#13 C:\\Users\\hp\\Documents\\ResumeLayout\\WebProject\\ums-app\\vendor\\laravel\\framework\\src\\Illuminate\\Database\\Eloquent\\Builder.php(897): tap(Object(App\\Models\\Attendance), Object(Closure))
#14 C:\\Users\\hp\\Documents\\ResumeLayout\\WebProject\\ums-app\\vendor\\laravel\\framework\\src\\Illuminate\\Support\\Traits\\ForwardsCalls.php(23): Illuminate\\Database\\Eloquent\\Builder->create(Array)
#15 C:\\Users\\hp\\Documents\\ResumeLayout\\WebProject\\ums-app\\vendor\\laravel\\framework\\src\\Illuminate\\Database\\Eloquent\\Model.php(2132): Illuminate\\Database\\Eloquent\\Model->forwardCallTo(Object(Illuminate\\Database\\Eloquent\\Builder), 'create', Array)
#16 C:\\Users\\hp\\Documents\\ResumeLayout\\WebProject\\ums-app\\vendor\\laravel\\framework\\src\\Illuminate\\Database\\Eloquent\\Model.php(2144): Illuminate\\Database\\Eloquent\\Model->__call('create', Array)
#17 C:\\Users\\hp\\Documents\\ResumeLayout\\WebProject\\ums-app\\app\\Services\\AttendanceService.php(23): Illuminate\\Database\\Eloquent\\Model::__callStatic('create', Array)
#18 C:\\Users\\hp\\Documents\\ResumeLayout\\WebProject\\ums-app\\app\\Http\\Controllers\\Api\\AttendanceController.php(35): App\\Services\\AttendanceService->create(Array, Object(App\\Models\\User))
#19 C:\\Users\\hp\\Documents\\ResumeLayout\\WebProject\\ums-app\\vendor\\laravel\\framework\\src\\Illuminate\\Routing\\Controller.php(54): App\\Http\\Controllers\\Api\\AttendanceController->store(Object(App\\Http\\Requests\\StoreAttendanceRequest))
#20 C:\\Users\\hp\\Documents\\ResumeLayout\\WebProject\\ums-app\\vendor\\laravel\\framework\\src\\Illuminate\\Routing\\ControllerDispatcher.php(45): Illuminate\\Routing\\Controller->callAction('store', Array)
#21 C:\\Users\\hp\\Documents\\ResumeLayout\\WebProject\\ums-app\\vendor\\laravel\\framework\\src\\Illuminate\\Routing\\Route.php(262): Illuminate\\Routing\\ControllerDispatcher->dispatch(Object(Illuminate\\Routing\\Route), Object(App\\Http\\Controllers\\Api\\AttendanceController), 'store')
#22 C:\\Users\\hp\\Documents\\ResumeLayout\\WebProject\\ums-app\\vendor\\laravel\\framework\\src\\Illuminate\\Routing\\Route.php(205): Illuminate\\Routing\\Route->runController()
#23 C:\\Users\\hp\\Documents\\ResumeLayout\\WebProject\\ums-app\\vendor\\laravel\\framework\\src\\Illuminate\\Routing\\Router.php(721): Illuminate\\Routing\\Route->run()
#24 C:\\Users\\hp\\Documents\\ResumeLayout\\WebProject\\ums-app\\vendor\\laravel\\framework\\src\\Illuminate\\Pipeline\\Pipeline.php(128): Illuminate\\Routing\\Router->Illuminate\\Routing\\{closure}(Object(Illuminate\\Http\\Request))
#25 C:\\Users\\hp\\Documents\\ResumeLayout\\WebProject\\ums-app\\app\\Http\\Middleware\\RoleMiddleware.php(32): Illuminate\\Pipeline\\Pipeline->Illuminate\\Pipeline\\{closure}(Object(Illuminate\\Http\\Request))
#26 C:\\Users\\hp\\Documents\\ResumeLayout\\WebProject\\ums-app\\vendor\\laravel\\framework\\src\\Illuminate\\Pipeline\\Pipeline.php(167): App\\Http\\Middleware\\RoleMiddleware->handle(Object(Illuminate\\Http\\Request), Object(Closure), 'admin', 'teacher')
#27 C:\\Users\\hp\\Documents\\ResumeLayout\\WebProject\\ums-app\\app\\Http\\Middleware\\JwtAuthMiddleware.php(43): Illuminate\\Pipeline\\Pipeline->Illuminate\\Pipeline\\{closure}(Object(Illuminate\\Http\\Request))
#28 C:\\Users\\hp\\Documents\\ResumeLayout\\WebProject\\ums-app\\vendor\\laravel\\framework\\src\\Illuminate\\Pipeline\\Pipeline.php(167): App\\Http\\Middleware\\JwtAuthMiddleware->handle(Object(Illuminate\\Http\\Request), Object(Closure))
#29 C:\\Users\\hp\\Documents\\ResumeLayout\\WebProject\\ums-app\\vendor\\laravel\\framework\\src\\Illuminate\\Routing\\Middleware\\SubstituteBindings.php(50): Illuminate\\Pipeline\\Pipeline->Illuminate\\Pipeline\\{closure}(Object(Illuminate\\Http\\Request))
#30 C:\\Users\\hp\\Documents\\ResumeLayout\\WebProject\\ums-app\\vendor\\laravel\\framework\\src\\Illuminate\\Pipeline\\Pipeline.php(167): Illuminate\\Routing\\Middleware\\SubstituteBindings->handle(Object(Illuminate\\Http\\Request), Object(Closure))
#31 C:\\Users\\hp\\Documents\\ResumeLayout\\WebProject\\ums-app\\vendor\\laravel\\framework\\src\\Illuminate\\Foundation\\Testing\\Concerns\\MakesHttpRequests.php(150): Illuminate\\Pipeline\\Pipeline->Illuminate\\Pipeline\\{closure}(Object(Illuminate\\Http\\Request))
#32 C:\\Users\\hp\\Documents\\ResumeLayout\\WebProject\\ums-app\\vendor\\laravel\\framework\\src\\Illuminate\\Pipeline\\Pipeline.php(167): class@anonymous->handle(Object(Illuminate\\Http\\Request), Object(Closure), 'api')
#33 C:\\Users\\hp\\Documents\\ResumeLayout\\WebProject\\ums-app\\vendor\\laravel\\framework\\src\\Illuminate\\Pipeline\\Pipeline.php(103): Illuminate\\Pipeline\\Pipeline->Illuminate\\Pipeline\\{closure}(Object(Illuminate\\Http\\Request))
#34 C:\\Users\\hp\\Documents\\ResumeLayout\\WebProject\\ums-app\\vendor\\laravel\\framework\\src\\Illuminate\\Routing\\Router.php(723): Illuminate\\Pipeline\\Pipeline->then(Object(Closure))
#35 C:\\Users\\hp\\Documents\\ResumeLayout\\WebProject\\ums-app\\vendor\\laravel\\framework\\src\\Illuminate\\Routing\\Router.php(698): Illuminate\\Routing\\Router->runRouteWithinStack(Object(Illuminate\\Routing\\Route), Object(Illuminate\\Http\\Request))
#36 C:\\Users\\hp\\Documents\\ResumeLayout\\WebProject\\ums-app\\vendor\\laravel\\framework\\src\\Illuminate\\Routing\\Router.php(662): Illuminate\\Routing\\Router->runRoute(Object(Illuminate\\Http\\Request), Object(Illuminate\\Routing\\Route))
#37 C:\\Users\\hp\\Documents\\ResumeLayout\\WebProject\\ums-app\\vendor\\laravel\\framework\\src\\Illuminate\\Routing\\Router.php(651): Illuminate\\Routing\\Router->dispatchToRoute(Object(Illuminate\\Http\\Request))
#38 C:\\Users\\hp\\Documents\\ResumeLayout\\WebProject\\ums-app\\vendor\\laravel\\framework\\src\\Illuminate\\Foundation\\Http\\Kernel.php(167): Illuminate\\Routing\\Router->dispatch(Object(Illuminate\\Http\\Request))
#39 C:\\Users\\hp\\Documents\\ResumeLayout\\WebProject\\ums-app\\vendor\\laravel\\framework\\src\\Illuminate\\Pipeline\\Pipeline.php(128): Illuminate\\Foundation\\Http\\Kernel->Illuminate\\Foundation\\Http\\{closure}(Object(Illuminate\\Http\\Request))
#40 C:\\Users\\hp\\Documents\\ResumeLayout\\WebProject\\ums-app\\vendor\\laravel\\framework\\src\\Illuminate\\Foundation\\Http\\Middleware\\TransformsRequest.php(21): Illuminate\\Pipeline\\Pipeline->Illuminate\\Pipeline\\{closure}(Object(Illuminate\\Http\\Request))
#41 C:\\Users\\hp\\Documents\\ResumeLayout\\WebProject\\ums-app\\vendor\\laravel\\framework\\src\\Illuminate\\Foundation\\Http\\Middleware\\ConvertEmptyStringsToNull.php(31): Illuminate\\Foundation\\Http\\Middleware\\TransformsRequest->handle(Object(Illuminate\\Http\\Request), Object(Closure))
#42 C:\\Users\\hp\\Documents\\ResumeLayout\\WebProject\\ums-app\\vendor\\laravel\\framework\\src\\Illuminate\\Pipeline\\Pipeline.php(167): Illuminate\\Foundation\\Http\\Middleware\\ConvertEmptyStringsToNull->handle(Object(Illuminate\\Http\\Request), Object(Closure))
#43 C:\\Users\\hp\\Documents\\ResumeLayout\\WebProject\\ums-app\\vendor\\laravel\\framework\\src\\Illuminate\\Foundation\\Http\\Middleware\\TransformsRequest.php(21): Illuminate\\Pipeline\\Pipeline->Illuminate\\Pipeline\\{closure}(Object(Illuminate\\Http\\Request))
#44 C:\\Users\\hp\\Documents\\ResumeLayout\\WebProject\\ums-app\\vendor\\laravel\\framework\\src\\Illuminate\\Foundation\\Http\\Middleware\\TrimStrings.php(40): Illuminate\\Foundation\\Http\\Middleware\\TransformsRequest->handle(Object(Illuminate\\Http\\Request), Object(Closure))
#45 C:\\Users\\hp\\Documents\\ResumeLayout\\WebProject\\ums-app\\vendor\\laravel\\framework\\src\\Illuminate\\Pipeline\\Pipeline.php(167): Illuminate\\Foundation\\Http\\Middleware\\TrimStrings->handle(Object(Illuminate\\Http\\Request), Object(Closure))
#46 C:\\Users\\hp\\Documents\\ResumeLayout\\WebProject\\ums-app\\vendor\\laravel\\framework\\src\\Illuminate\\Foundation\\Http\\Middleware\\ValidatePostSize.php(27): Illuminate\\Pipeline\\Pipeline->Illuminate\\Pipeline\\{closure}(Object(Illuminate\\Http\\Request))
#47 C:\\Users\\hp\\Documents\\ResumeLayout\\WebProject\\ums-app\\vendor\\laravel\\framework\\src\\Illuminate\\Pipeline\\Pipeline.php(167): Illuminate\\Foundation\\Http\\Middleware\\ValidatePostSize->handle(Object(Illuminate\\Http\\Request), Object(Closure))
#48 C:\\Users\\hp\\Documents\\ResumeLayout\\WebProject\\ums-app\\vendor\\laravel\\framework\\src\\Illuminate\\Foundation\\Http\\Middleware\\PreventRequestsDuringMaintenance.php(86): Illuminate\\Pipeline\\Pipeline->Illuminate\\Pipeline\\{closure}(Object(Illuminate\\Http\\Request))
#49 C:\\Users\\hp\\Documents\\ResumeLayout\\WebProject\\ums-app\\vendor\\laravel\\framework\\src\\Illuminate\\Pipeline\\Pipeline.php(167): Illuminate\\Foundation\\Http\\Middleware\\PreventRequestsDuringMaintenance->handle(Object(Illuminate\\Http\\Request), Object(Closure))
#50 C:\\Users\\hp\\Documents\\ResumeLayout\\WebProject\\ums-app\\vendor\\fruitcake\\laravel-cors\\src\\HandleCors.php(52): Illuminate\\Pipeline\\Pipeline->Illuminate\\Pipeline\\{closure}(Object(Illuminate\\Http\\Request))
#51 C:\\Users\\hp\\Documents\\ResumeLayout\\WebProject\\ums-app\\vendor\\laravel\\framework\\src\\Illuminate\\Pipeline\\Pipeline.php(167): Fruitcake\\Cors\\HandleCors->handle(Object(Illuminate\\Http\\Request), Object(Closure))
#52 C:\\Users\\hp\\Documents\\ResumeLayout\\WebProject\\ums-app\\vendor\\fideloper\\proxy\\src\\TrustProxies.php(57): Illuminate\\Pipeline\\Pipeline->Illuminate\\Pipeline\\{closure}(Object(Illuminate\\Http\\Request))
#53 C:\\Users\\hp\\Documents\\ResumeLayout\\WebProject\\ums-app\\vendor\\laravel\\framework\\src\\Illuminate\\Pipeline\\Pipeline.php(167): Fideloper\\Proxy\\TrustProxies->handle(Object(Illuminate\\Http\\Request), Object(Closure))
#54 C:\\Users\\hp\\Documents\\ResumeLayout\\WebProject\\ums-app\\vendor\\laravel\\framework\\src\\Illuminate\\Pipeline\\Pipeline.php(103): Illuminate\\Pipeline\\Pipeline->Illuminate\\Pipeline\\{closure}(Object(Illuminate\\Http\\Request))
#55 C:\\Users\\hp\\Documents\\ResumeLayout\\WebProject\\ums-app\\vendor\\laravel\\framework\\src\\Illuminate\\Foundation\\Http\\Kernel.php(142): Illuminate\\Pipeline\\Pipeline->then(Object(Closure))
#56 C:\\Users\\hp\\Documents\\ResumeLayout\\WebProject\\ums-app\\vendor\\laravel\\framework\\src\\Illuminate\\Foundation\\Http\\Kernel.php(111): Illuminate\\Foundation\\Http\\Kernel->sendRequestThroughRouter(Object(Illuminate\\Http\\Request))
#57 C:\\Users\\hp\\Documents\\ResumeLayout\\WebProject\\ums-app\\vendor\\laravel\\framework\\src\\Illuminate\\Foundation\\Testing\\Concerns\\MakesHttpRequests.php(510): Illuminate\\Foundation\\Http\\Kernel->handle(Object(Illuminate\\Http\\Request))
#58 C:\\Users\\hp\\Documents\\ResumeLayout\\WebProject\\ums-app\\vendor\\laravel\\framework\\src\\Illuminate\\Foundation\\Testing\\Concerns\\MakesHttpRequests.php(476): Illuminate\\Foundation\\Testing\\TestCase->call('POST', '/api/attendance', Array, Array, Array, Array, '{\"student_id\":5...')
#59 C:\\Users\\hp\\Documents\\ResumeLayout\\WebProject\\ums-app\\vendor\\laravel\\framework\\src\\Illuminate\\Foundation\\Testing\\Concerns\\MakesHttpRequests.php(335): Illuminate\\Foundation\\Testing\\TestCase->json('POST', '/api/attendance', Array, Array)
#60 C:\\Users\\hp\\Documents\\ResumeLayout\\WebProject\\ums-app\\tests\\Feature\\Attendance\\ValidAttendanceSubmissionPropertyTest.php(98): Illuminate\\Foundation\\Testing\\TestCase->postJson('/api/attendance', Array)
#61 [internal function]: Tests\\Feature\\Attendance\\ValidAttendanceSubmissionPropertyTest->Tests\\Feature\\Attendance\\{closure}(0)
#62 C:\\Users\\hp\\Documents\\ResumeLayout\\WebProject\\ums-app\\vendor\\giorgiosironi\\eris\\src\\Quantifier\\Evaluation.php(54): call_user_func_array(Object(Closure), Array)
#63 C:\\Users\\hp\\Documents\\ResumeLayout\\WebProject\\ums-app\\vendor\\giorgiosironi\\eris\\src\\Shrinker\\Multiple.php(102): Eris\\Quantifier\\Evaluation->execute()
#64 C:\\Users\\hp\\Documents\\ResumeLayout\\WebProject\\ums-app\\vendor\\giorgiosironi\\eris\\src\\Quantifier\\ForAll.php(169): Eris\\Shrinker\\Multiple->from(Object(Eris\\Generator\\GeneratedValueSingle), Object(PHPUnit\\Framework\\ExpectationFailedException))
#65 [internal function]: Eris\\Quantifier\\ForAll->Eris\\Quantifier\\{closure}(Object(Eris\\Generator\\GeneratedValueSingle), Object(PHPUnit\\Framework\\ExpectationFailedException))
#66 C:\\Users\\hp\\Documents\\ResumeLayout\\WebProject\\ums-app\\vendor\\giorgiosironi\\eris\\src\\Quantifier\\Evaluation.php(57): call_user_func(Object(Closure), Object(Eris\\Generator\\GeneratedValueSingle), Object(PHPUnit\\Framework\\ExpectationFailedException))
#67 C:\\Users\\hp\\Documents\\ResumeLayout\\WebProject\\ums-app\\vendor\\giorgiosironi\\eris\\src\\Quantifier\\ForAll.php(171): Eris\\Quantifier\\Evaluation->execute()
#68 C:\\Users\\hp\\Documents\\ResumeLayout\\WebProject\\ums-app\\vendor\\giorgiosironi\\eris\\src\\Quantifier\\ForAll.php(194): Eris\\Quantifier\\ForAll->__invoke(Object(Closure))
#69 C:\\Users\\hp\\Documents\\ResumeLayout\\WebProject\\ums-app\\tests\\Feature\\Attendance\\ValidAttendanceSubmissionPropertyTest.php(115): Eris\\Quantifier\\ForAll->then(Object(Closure))
#70 C:\\Users\\hp\\Documents\\ResumeLayout\\WebProject\\ums-app\\vendor\\phpunit\\phpunit\\src\\Framework\\TestCase.php(1617): Tests\\Feature\\Attendance\\ValidAttendanceSubmissionPropertyTest->valid_attendance_submission_persists_and_returns_201()
#71 C:\\Users\\hp\\Documents\\ResumeLayout\\WebProject\\ums-app\\vendor\\phpunit\\phpunit\\src\\Framework\\TestCase.php(1223): PHPUnit\\Framework\\TestCase->runTest()
#72 C:\\Users\\hp\\Documents\\ResumeLayout\\WebProject\\ums-app\\vendor\\phpunit\\phpunit\\src\\Framework\\TestResult.php(729): PHPUnit\\Framework\\TestCase->runBare()
#73 C:\\Users\\hp\\Documents\\ResumeLayout\\WebProject\\ums-app\\vendor\\phpunit\\phpunit\\src\\Framework\\TestCase.php(973): PHPUnit\\Framework\\TestResult->run(Object(Tests\\Feature\\Attendance\\ValidAttendanceSubmissionPropertyTest))
#74 C:\\Users\\hp\\Documents\\ResumeLayout\\WebProject\\ums-app\\vendor\\phpunit\\phpunit\\src\\Framework\\TestSuite.php(685): PHPUnit\\Framework\\TestCase->run(Object(PHPUnit\\Framework\\TestResult))
#75 C:\\Users\\hp\\Documents\\ResumeLayout\\WebProject\\ums-app\\vendor\\phpunit\\phpunit\\src\\Framework\\TestSuite.php(685): PHPUnit\\Framework\\TestSuite->run(Object(PHPUnit\\Framework\\TestResult))
#76 C:\\Users\\hp\\Documents\\ResumeLayout\\WebProject\\ums-app\\vendor\\phpunit\\phpunit\\src\\Framework\\TestSuite.php(685): PHPUnit\\Framework\\TestSuite->run(Object(PHPUnit\\Framework\\TestResult))
#77 C:\\Users\\hp\\Documents\\ResumeLayout\\WebProject\\ums-app\\vendor\\phpunit\\phpunit\\src\\TextUI\\TestRunner.php(651): PHPUnit\\Framework\\TestSuite->run(Object(PHPUnit\\Framework\\TestResult))
#78 C:\\Users\\hp\\Documents\\ResumeLayout\\WebProject\\ums-app\\vendor\\phpunit\\phpunit\\src\\TextUI\\Command.php(146): PHPUnit\\TextUI\\TestRunner->run(Object(PHPUnit\\Framework\\TestSuite), Array, Array, true)
#79 C:\\Users\\hp\\Documents\\ResumeLayout\\WebProject\\ums-app\\vendor\\phpunit\\phpunit\\src\\TextUI\\Command.php(99): PHPUnit\\TextUI\\Command->run(Array, true)
#80 C:\\Users\\hp\\Documents\\ResumeLayout\\WebProject\\ums-app\\vendor\\phpunit\\phpunit\\phpunit(107): PHPUnit\\TextUI\\Command::main()
#81 {main}
"} 
[2026-05-29 13:39:46] testing.ERROR: Internal boom {"exception":"[object] (RuntimeException(code: 0): Internal boom at C:\\Users\\hp\\Documents\\ResumeLayout\\WebProject\\ums-app\\tests\\Feature\\ApiResponseAndExceptionHandlerTest.php:52)
[stacktrace]
#0 C:\\Users\\hp\\Documents\\ResumeLayout\\WebProject\\ums-app\\vendor\\laravel\\framework\\src\\Illuminate\\Routing\\Route.php(238): Tests\\Feature\\ApiResponseAndExceptionHandlerTest->Tests\\Feature\\{closure}()
#1 C:\\Users\\hp\\Documents\\ResumeLayout\\WebProject\\ums-app\\vendor\\laravel\\framework\\src\\Illuminate\\Routing\\Route.php(208): Illuminate\\Routing\\Route->runCallable()
#2 C:\\Users\\hp\\Documents\\ResumeLayout\\WebProject\\ums-app\\vendor\\laravel\\framework\\src\\Illuminate\\Routing\\Router.php(721): Illuminate\\Routing\\Route->run()
#3 C:\\Users\\hp\\Documents\\ResumeLayout\\WebProject\\ums-app\\vendor\\laravel\\framework\\src\\Illuminate\\Pipeline\\Pipeline.php(128): Illuminate\\Routing\\Router->Illuminate\\Routing\\{closure}(Object(Illuminate\\Http\\Request))
#4 C:\\Users\\hp\\Documents\\ResumeLayout\\WebProject\\ums-app\\vendor\\laravel\\framework\\src\\Illuminate\\Pipeline\\Pipeline.php(103): Illuminate\\Pipeline\\Pipeline->Illuminate\\Pipeline\\{closure}(Object(Illuminate\\Http\\Request))
#5 C:\\Users\\hp\\Documents\\ResumeLayout\\WebProject\\ums-app\\vendor\\laravel\\framework\\src\\Illuminate\\Routing\\Router.php(723): Illuminate\\Pipeline\\Pipeline->then(Object(Closure))
#6 C:\\Users\\hp\\Documents\\ResumeLayout\\WebProject\\ums-app\\vendor\\laravel\\framework\\src\\Illuminate\\Routing\\Router.php(698): Illuminate\\Routing\\Router->runRouteWithinStack(Object(Illuminate\\Routing\\Route), Object(Illuminate\\Http\\Request))
#7 C:\\Users\\hp\\Documents\\ResumeLayout\\WebProject\\ums-app\\vendor\\laravel\\framework\\src\\Illuminate\\Routing\\Router.php(662): Illuminate\\Routing\\Router->runRoute(Object(Illuminate\\Http\\Request), Object(Illuminate\\Routing\\Route))
#8 C:\\Users\\hp\\Documents\\ResumeLayout\\WebProject\\ums-app\\vendor\\laravel\\framework\\src\\Illuminate\\Routing\\Router.php(651): Illuminate\\Routing\\Router->dispatchToRoute(Object(Illuminate\\Http\\Request))
#9 C:\\Users\\hp\\Documents\\ResumeLayout\\WebProject\\ums-app\\vendor\\laravel\\framework\\src\\Illuminate\\Foundation\\Http\\Kernel.php(167): Illuminate\\Routing\\Router->dispatch(Object(Illuminate\\Http\\Request))
#10 C:\\Users\\hp\\Documents\\ResumeLayout\\WebProject\\ums-app\\vendor\\laravel\\framework\\src\\Illuminate\\Pipeline\\Pipeline.php(128): Illuminate\\Foundation\\Http\\Kernel->Illuminate\\Foundation\\Http\\{closure}(Object(Illuminate\\Http\\Request))
#11 C:\\Users\\hp\\Documents\\ResumeLayout\\WebProject\\ums-app\\vendor\\laravel\\framework\\src\\Illuminate\\Foundation\\Http\\Middleware\\TransformsRequest.php(21): Illuminate\\Pipeline\\Pipeline->Illuminate\\Pipeline\\{closure}(Object(Illuminate\\Http\\Request))
#12 C:\\Users\\hp\\Documents\\ResumeLayout\\WebProject\\ums-app\\vendor\\laravel\\framework\\src\\Illuminate\\Foundation\\Http\\Middleware\\ConvertEmptyStringsToNull.php(31): Illuminate\\Foundation\\Http\\Middleware\\TransformsRequest->handle(Object(Illuminate\\Http\\Request), Object(Closure))
#13 C:\\Users\\hp\\Documents\\ResumeLayout\\WebProject\\ums-app\\vendor\\laravel\\framework\\src\\Illuminate\\Pipeline\\Pipeline.php(167): Illuminate\\Foundation\\Http\\Middleware\\ConvertEmptyStringsToNull->handle(Object(Illuminate\\Http\\Request), Object(Closure))
#14 C:\\Users\\hp\\Documents\\ResumeLayout\\WebProject\\ums-app\\vendor\\laravel\\framework\\src\\Illuminate\\Foundation\\Http\\Middleware\\TransformsRequest.php(21): Illuminate\\Pipeline\\Pipeline->Illuminate\\Pipeline\\{closure}(Object(Illuminate\\Http\\Request))
#15 C:\\Users\\hp\\Documents\\ResumeLayout\\WebProject\\ums-app\\vendor\\laravel\\framework\\src\\Illuminate\\Foundation\\Http\\Middleware\\TrimStrings.php(40): Illuminate\\Foundation\\Http\\Middleware\\TransformsRequest->handle(Object(Illuminate\\Http\\Request), Object(Closure))
#16 C:\\Users\\hp\\Documents\\ResumeLayout\\WebProject\\ums-app\\vendor\\laravel\\framework\\src\\Illuminate\\Pipeline\\Pipeline.php(167): Illuminate\\Foundation\\Http\\Middleware\\TrimStrings->handle(Object(Illuminate\\Http\\Request), Object(Closure))
#17 C:\\Users\\hp\\Documents\\ResumeLayout\\WebProject\\ums-app\\vendor\\laravel\\framework\\src\\Illuminate\\Foundation\\Http\\Middleware\\ValidatePostSize.php(27): Illuminate\\Pipeline\\Pipeline->Illuminate\\Pipeline\\{closure}(Object(Illuminate\\Http\\Request))
#18 C:\\Users\\hp\\Documents\\ResumeLayout\\WebProject\\ums-app\\vendor\\laravel\\framework\\src\\Illuminate\\Pipeline\\Pipeline.php(167): Illuminate\\Foundation\\Http\\Middleware\\ValidatePostSize->handle(Object(Illuminate\\Http\\Request), Object(Closure))
#19 C:\\Users\\hp\\Documents\\ResumeLayout\\WebProject\\ums-app\\vendor\\laravel\\framework\\src\\Illuminate\\Foundation\\Http\\Middleware\\PreventRequestsDuringMaintenance.php(86): Illuminate\\Pipeline\\Pipeline->Illuminate\\Pipeline\\{closure}(Object(Illuminate\\Http\\Request))
#20 C:\\Users\\hp\\Documents\\ResumeLayout\\WebProject\\ums-app\\vendor\\laravel\\framework\\src\\Illuminate\\Pipeline\\Pipeline.php(167): Illuminate\\Foundation\\Http\\Middleware\\PreventRequestsDuringMaintenance->handle(Object(Illuminate\\Http\\Request), Object(Closure))
#21 C:\\Users\\hp\\Documents\\ResumeLayout\\WebProject\\ums-app\\vendor\\fruitcake\\laravel-cors\\src\\HandleCors.php(52): Illuminate\\Pipeline\\Pipeline->Illuminate\\Pipeline\\{closure}(Object(Illuminate\\Http\\Request))
#22 C:\\Users\\hp\\Documents\\ResumeLayout\\WebProject\\ums-app\\vendor\\laravel\\framework\\src\\Illuminate\\Pipeline\\Pipeline.php(167): Fruitcake\\Cors\\HandleCors->handle(Object(Illuminate\\Http\\Request), Object(Closure))
#23 C:\\Users\\hp\\Documents\\ResumeLayout\\WebProject\\ums-app\\vendor\\fideloper\\proxy\\src\\TrustProxies.php(57): Illuminate\\Pipeline\\Pipeline->Illuminate\\Pipeline\\{closure}(Object(Illuminate\\Http\\Request))
#24 C:\\Users\\hp\\Documents\\ResumeLayout\\WebProject\\ums-app\\vendor\\laravel\\framework\\src\\Illuminate\\Pipeline\\Pipeline.php(167): Fideloper\\Proxy\\TrustProxies->handle(Object(Illuminate\\Http\\Request), Object(Closure))
#25 C:\\Users\\hp\\Documents\\ResumeLayout\\WebProject\\ums-app\\vendor\\laravel\\framework\\src\\Illuminate\\Pipeline\\Pipeline.php(103): Illuminate\\Pipeline\\Pipeline->Illuminate\\Pipeline\\{closure}(Object(Illuminate\\Http\\Request))
#26 C:\\Users\\hp\\Documents\\ResumeLayout\\WebProject\\ums-app\\vendor\\laravel\\framework\\src\\Illuminate\\Foundation\\Http\\Kernel.php(142): Illuminate\\Pipeline\\Pipeline->then(Object(Closure))
#27 C:\\Users\\hp\\Documents\\ResumeLayout\\WebProject\\ums-app\\vendor\\laravel\\framework\\src\\Illuminate\\Foundation\\Http\\Kernel.php(111): Illuminate\\Foundation\\Http\\Kernel->sendRequestThroughRouter(Object(Illuminate\\Http\\Request))
#28 C:\\Users\\hp\\Documents\\ResumeLayout\\WebProject\\ums-app\\vendor\\laravel\\framework\\src\\Illuminate\\Foundation\\Testing\\Concerns\\MakesHttpRequests.php(510): Illuminate\\Foundation\\Http\\Kernel->handle(Object(Illuminate\\Http\\Request))
#29 C:\\Users\\hp\\Documents\\ResumeLayout\\WebProject\\ums-app\\vendor\\laravel\\framework\\src\\Illuminate\\Foundation\\Testing\\Concerns\\MakesHttpRequests.php(476): Illuminate\\Foundation\\Testing\\TestCase->call('GET', '/api/test/unhan...', Array, Array, Array, Array, '[]')
#30 C:\\Users\\hp\\Documents\\ResumeLayout\\WebProject\\ums-app\\vendor\\laravel\\framework\\src\\Illuminate\\Foundation\\Testing\\Concerns\\MakesHttpRequests.php(306): Illuminate\\Foundation\\Testing\\TestCase->json('GET', '/api/test/unhan...', Array, Array)
#31 C:\\Users\\hp\\Documents\\ResumeLayout\\WebProject\\ums-app\\tests\\Feature\\ApiResponseAndExceptionHandlerTest.php(173): Illuminate\\Foundation\\Testing\\TestCase->getJson('/api/test/unhan...')
#32 C:\\Users\\hp\\Documents\\ResumeLayout\\WebProject\\ums-app\\vendor\\phpunit\\phpunit\\src\\Framework\\TestCase.php(1617): Tests\\Feature\\ApiResponseAndExceptionHandlerTest->unhandled_exception_returns_500_with_generic_message()
#33 C:\\Users\\hp\\Documents\\ResumeLayout\\WebProject\\ums-app\\vendor\\phpunit\\phpunit\\src\\Framework\\TestCase.php(1223): PHPUnit\\Framework\\TestCase->runTest()
#34 C:\\Users\\hp\\Documents\\ResumeLayout\\WebProject\\ums-app\\vendor\\phpunit\\phpunit\\src\\Framework\\TestResult.php(729): PHPUnit\\Framework\\TestCase->runBare()
#35 C:\\Users\\hp\\Documents\\ResumeLayout\\WebProject\\ums-app\\vendor\\phpunit\\phpunit\\src\\Framework\\TestCase.php(973): PHPUnit\\Framework\\TestResult->run(Object(Tests\\Feature\\ApiResponseAndExceptionHandlerTest))
#36 C:\\Users\\hp\\Documents\\ResumeLayout\\WebProject\\ums-app\\vendor\\phpunit\\phpunit\\src\\Framework\\TestSuite.php(685): PHPUnit\\Framework\\TestCase->run(Object(PHPUnit\\Framework\\TestResult))
#37 C:\\Users\\hp\\Documents\\ResumeLayout\\WebProject\\ums-app\\vendor\\phpunit\\phpunit\\src\\Framework\\TestSuite.php(685): PHPUnit\\Framework\\TestSuite->run(Object(PHPUnit\\Framework\\TestResult))
#38 C:\\Users\\hp\\Documents\\ResumeLayout\\WebProject\\ums-app\\vendor\\phpunit\\phpunit\\src\\Framework\\TestSuite.php(685): PHPUnit\\Framework\\TestSuite->run(Object(PHPUnit\\Framework\\TestResult))
#39 C:\\Users\\hp\\Documents\\ResumeLayout\\WebProject\\ums-app\\vendor\\phpunit\\phpunit\\src\\TextUI\\TestRunner.php(651): PHPUnit\\Framework\\TestSuite->run(Object(PHPUnit\\Framework\\TestResult))
#40 C:\\Users\\hp\\Documents\\ResumeLayout\\WebProject\\ums-app\\vendor\\phpunit\\phpunit\\src\\TextUI\\Command.php(146): PHPUnit\\TextUI\\TestRunner->run(Object(PHPUnit\\Framework\\TestSuite), Array, Array, true)
#41 C:\\Users\\hp\\Documents\\ResumeLayout\\WebProject\\ums-app\\vendor\\phpunit\\phpunit\\src\\TextUI\\Command.php(99): PHPUnit\\TextUI\\Command->run(Array, true)
#42 C:\\Users\\hp\\Documents\\ResumeLayout\\WebProject\\ums-app\\vendor\\phpunit\\phpunit\\phpunit(107): PHPUnit\\TextUI\\Command::main()
#43 {main}
"} 
[2026-05-29 13:39:46] testing.ERROR: Internal boom {"exception":"[object] (RuntimeException(code: 0): Internal boom at C:\\Users\\hp\\Documents\\ResumeLayout\\WebProject\\ums-app\\tests\\Feature\\ApiResponseAndExceptionHandlerTest.php:52)
[stacktrace]
#0 C:\\Users\\hp\\Documents\\ResumeLayout\\WebProject\\ums-app\\vendor\\laravel\\framework\\src\\Illuminate\\Routing\\Route.php(238): Tests\\Feature\\ApiResponseAndExceptionHandlerTest->Tests\\Feature\\{closure}()
#1 C:\\Users\\hp\\Documents\\ResumeLayout\\WebProject\\ums-app\\vendor\\laravel\\framework\\src\\Illuminate\\Routing\\Route.php(208): Illuminate\\Routing\\Route->runCallable()
#2 C:\\Users\\hp\\Documents\\ResumeLayout\\WebProject\\ums-app\\vendor\\laravel\\framework\\src\\Illuminate\\Routing\\Router.php(721): Illuminate\\Routing\\Route->run()
#3 C:\\Users\\hp\\Documents\\ResumeLayout\\WebProject\\ums-app\\vendor\\laravel\\framework\\src\\Illuminate\\Pipeline\\Pipeline.php(128): Illuminate\\Routing\\Router->Illuminate\\Routing\\{closure}(Object(Illuminate\\Http\\Request))
#4 C:\\Users\\hp\\Documents\\ResumeLayout\\WebProject\\ums-app\\vendor\\laravel\\framework\\src\\Illuminate\\Pipeline\\Pipeline.php(103): Illuminate\\Pipeline\\Pipeline->Illuminate\\Pipeline\\{closure}(Object(Illuminate\\Http\\Request))
#5 C:\\Users\\hp\\Documents\\ResumeLayout\\WebProject\\ums-app\\vendor\\laravel\\framework\\src\\Illuminate\\Routing\\Router.php(723): Illuminate\\Pipeline\\Pipeline->then(Object(Closure))
#6 C:\\Users\\hp\\Documents\\ResumeLayout\\WebProject\\ums-app\\vendor\\laravel\\framework\\src\\Illuminate\\Routing\\Router.php(698): Illuminate\\Routing\\Router->runRouteWithinStack(Object(Illuminate\\Routing\\Route), Object(Illuminate\\Http\\Request))
#7 C:\\Users\\hp\\Documents\\ResumeLayout\\WebProject\\ums-app\\vendor\\laravel\\framework\\src\\Illuminate\\Routing\\Router.php(662): Illuminate\\Routing\\Router->runRoute(Object(Illuminate\\Http\\Request), Object(Illuminate\\Routing\\Route))
#8 C:\\Users\\hp\\Documents\\ResumeLayout\\WebProject\\ums-app\\vendor\\laravel\\framework\\src\\Illuminate\\Routing\\Router.php(651): Illuminate\\Routing\\Router->dispatchToRoute(Object(Illuminate\\Http\\Request))
#9 C:\\Users\\hp\\Documents\\ResumeLayout\\WebProject\\ums-app\\vendor\\laravel\\framework\\src\\Illuminate\\Foundation\\Http\\Kernel.php(167): Illuminate\\Routing\\Router->dispatch(Object(Illuminate\\Http\\Request))
#10 C:\\Users\\hp\\Documents\\ResumeLayout\\WebProject\\ums-app\\vendor\\laravel\\framework\\src\\Illuminate\\Pipeline\\Pipeline.php(128): Illuminate\\Foundation\\Http\\Kernel->Illuminate\\Foundation\\Http\\{closure}(Object(Illuminate\\Http\\Request))
#11 C:\\Users\\hp\\Documents\\ResumeLayout\\WebProject\\ums-app\\vendor\\laravel\\framework\\src\\Illuminate\\Foundation\\Http\\Middleware\\TransformsRequest.php(21): Illuminate\\Pipeline\\Pipeline->Illuminate\\Pipeline\\{closure}(Object(Illuminate\\Http\\Request))
#12 C:\\Users\\hp\\Documents\\ResumeLayout\\WebProject\\ums-app\\vendor\\laravel\\framework\\src\\Illuminate\\Foundation\\Http\\Middleware\\ConvertEmptyStringsToNull.php(31): Illuminate\\Foundation\\Http\\Middleware\\TransformsRequest->handle(Object(Illuminate\\Http\\Request), Object(Closure))
#13 C:\\Users\\hp\\Documents\\ResumeLayout\\WebProject\\ums-app\\vendor\\laravel\\framework\\src\\Illuminate\\Pipeline\\Pipeline.php(167): Illuminate\\Foundation\\Http\\Middleware\\ConvertEmptyStringsToNull->handle(Object(Illuminate\\Http\\Request), Object(Closure))
#14 C:\\Users\\hp\\Documents\\ResumeLayout\\WebProject\\ums-app\\vendor\\laravel\\framework\\src\\Illuminate\\Foundation\\Http\\Middleware\\TransformsRequest.php(21): Illuminate\\Pipeline\\Pipeline->Illuminate\\Pipeline\\{closure}(Object(Illuminate\\Http\\Request))
#15 C:\\Users\\hp\\Documents\\ResumeLayout\\WebProject\\ums-app\\vendor\\laravel\\framework\\src\\Illuminate\\Foundation\\Http\\Middleware\\TrimStrings.php(40): Illuminate\\Foundation\\Http\\Middleware\\TransformsRequest->handle(Object(Illuminate\\Http\\Request), Object(Closure))
#16 C:\\Users\\hp\\Documents\\ResumeLayout\\WebProject\\ums-app\\vendor\\laravel\\framework\\src\\Illuminate\\Pipeline\\Pipeline.php(167): Illuminate\\Foundation\\Http\\Middleware\\TrimStrings->handle(Object(Illuminate\\Http\\Request), Object(Closure))
#17 C:\\Users\\hp\\Documents\\ResumeLayout\\WebProject\\ums-app\\vendor\\laravel\\framework\\src\\Illuminate\\Foundation\\Http\\Middleware\\ValidatePostSize.php(27): Illuminate\\Pipeline\\Pipeline->Illuminate\\Pipeline\\{closure}(Object(Illuminate\\Http\\Request))
#18 C:\\Users\\hp\\Documents\\ResumeLayout\\WebProject\\ums-app\\vendor\\laravel\\framework\\src\\Illuminate\\Pipeline\\Pipeline.php(167): Illuminate\\Foundation\\Http\\Middleware\\ValidatePostSize->handle(Object(Illuminate\\Http\\Request), Object(Closure))
#19 C:\\Users\\hp\\Documents\\ResumeLayout\\WebProject\\ums-app\\vendor\\laravel\\framework\\src\\Illuminate\\Foundation\\Http\\Middleware\\PreventRequestsDuringMaintenance.php(86): Illuminate\\Pipeline\\Pipeline->Illuminate\\Pipeline\\{closure}(Object(Illuminate\\Http\\Request))
#20 C:\\Users\\hp\\Documents\\ResumeLayout\\WebProject\\ums-app\\vendor\\laravel\\framework\\src\\Illuminate\\Pipeline\\Pipeline.php(167): Illuminate\\Foundation\\Http\\Middleware\\PreventRequestsDuringMaintenance->handle(Object(Illuminate\\Http\\Request), Object(Closure))
#21 C:\\Users\\hp\\Documents\\ResumeLayout\\WebProject\\ums-app\\vendor\\fruitcake\\laravel-cors\\src\\HandleCors.php(52): Illuminate\\Pipeline\\Pipeline->Illuminate\\Pipeline\\{closure}(Object(Illuminate\\Http\\Request))
#22 C:\\Users\\hp\\Documents\\ResumeLayout\\WebProject\\ums-app\\vendor\\laravel\\framework\\src\\Illuminate\\Pipeline\\Pipeline.php(167): Fruitcake\\Cors\\HandleCors->handle(Object(Illuminate\\Http\\Request), Object(Closure))
#23 C:\\Users\\hp\\Documents\\ResumeLayout\\WebProject\\ums-app\\vendor\\fideloper\\proxy\\src\\TrustProxies.php(57): Illuminate\\Pipeline\\Pipeline->Illuminate\\Pipeline\\{closure}(Object(Illuminate\\Http\\Request))
#24 C:\\Users\\hp\\Documents\\ResumeLayout\\WebProject\\ums-app\\vendor\\laravel\\framework\\src\\Illuminate\\Pipeline\\Pipeline.php(167): Fideloper\\Proxy\\TrustProxies->handle(Object(Illuminate\\Http\\Request), Object(Closure))
#25 C:\\Users\\hp\\Documents\\ResumeLayout\\WebProject\\ums-app\\vendor\\laravel\\framework\\src\\Illuminate\\Pipeline\\Pipeline.php(103): Illuminate\\Pipeline\\Pipeline->Illuminate\\Pipeline\\{closure}(Object(Illuminate\\Http\\Request))
#26 C:\\Users\\hp\\Documents\\ResumeLayout\\WebProject\\ums-app\\vendor\\laravel\\framework\\src\\Illuminate\\Foundation\\Http\\Kernel.php(142): Illuminate\\Pipeline\\Pipeline->then(Object(Closure))
#27 C:\\Users\\hp\\Documents\\ResumeLayout\\WebProject\\ums-app\\vendor\\laravel\\framework\\src\\Illuminate\\Foundation\\Http\\Kernel.php(111): Illuminate\\Foundation\\Http\\Kernel->sendRequestThroughRouter(Object(Illuminate\\Http\\Request))
#28 C:\\Users\\hp\\Documents\\ResumeLayout\\WebProject\\ums-app\\vendor\\laravel\\framework\\src\\Illuminate\\Foundation\\Testing\\Concerns\\MakesHttpRequests.php(510): Illuminate\\Foundation\\Http\\Kernel->handle(Object(Illuminate\\Http\\Request))
#29 C:\\Users\\hp\\Documents\\ResumeLayout\\WebProject\\ums-app\\vendor\\laravel\\framework\\src\\Illuminate\\Foundation\\Testing\\Concerns\\MakesHttpRequests.php(476): Illuminate\\Foundation\\Testing\\TestCase->call('GET', '/api/test/unhan...', Array, Array, Array, Array, '[]')
#30 C:\\Users\\hp\\Documents\\ResumeLayout\\WebProject\\ums-app\\vendor\\laravel\\framework\\src\\Illuminate\\Foundation\\Testing\\Concerns\\MakesHttpRequests.php(306): Illuminate\\Foundation\\Testing\\TestCase->json('GET', '/api/test/unhan...', Array, Array)
#31 C:\\Users\\hp\\Documents\\ResumeLayout\\WebProject\\ums-app\\tests\\Feature\\ApiResponseAndExceptionHandlerTest.php(185): Illuminate\\Foundation\\Testing\\TestCase->getJson('/api/test/unhan...')
#32 C:\\Users\\hp\\Documents\\ResumeLayout\\WebProject\\ums-app\\vendor\\phpunit\\phpunit\\src\\Framework\\TestCase.php(1617): Tests\\Feature\\ApiResponseAndExceptionHandlerTest->unhandled_exception_response_does_not_expose_stack_trace()
#33 C:\\Users\\hp\\Documents\\ResumeLayout\\WebProject\\ums-app\\vendor\\phpunit\\phpunit\\src\\Framework\\TestCase.php(1223): PHPUnit\\Framework\\TestCase->runTest()
#34 C:\\Users\\hp\\Documents\\ResumeLayout\\WebProject\\ums-app\\vendor\\phpunit\\phpunit\\src\\Framework\\TestResult.php(729): PHPUnit\\Framework\\TestCase->runBare()
#35 C:\\Users\\hp\\Documents\\ResumeLayout\\WebProject\\ums-app\\vendor\\phpunit\\phpunit\\src\\Framework\\TestCase.php(973): PHPUnit\\Framework\\TestResult->run(Object(Tests\\Feature\\ApiResponseAndExceptionHandlerTest))
#36 C:\\Users\\hp\\Documents\\ResumeLayout\\WebProject\\ums-app\\vendor\\phpunit\\phpunit\\src\\Framework\\TestSuite.php(685): PHPUnit\\Framework\\TestCase->run(Object(PHPUnit\\Framework\\TestResult))
#37 C:\\Users\\hp\\Documents\\ResumeLayout\\WebProject\\ums-app\\vendor\\phpunit\\phpunit\\src\\Framework\\TestSuite.php(685): PHPUnit\\Framework\\TestSuite->run(Object(PHPUnit\\Framework\\TestResult))
#38 C:\\Users\\hp\\Documents\\ResumeLayout\\WebProject\\ums-app\\vendor\\phpunit\\phpunit\\src\\Framework\\TestSuite.php(685): PHPUnit\\Framework\\TestSuite->run(Object(PHPUnit\\Framework\\TestResult))
#39 C:\\Users\\hp\\Documents\\ResumeLayout\\WebProject\\ums-app\\vendor\\phpunit\\phpunit\\src\\TextUI\\TestRunner.php(651): PHPUnit\\Framework\\TestSuite->run(Object(PHPUnit\\Framework\\TestResult))
#40 C:\\Users\\hp\\Documents\\ResumeLayout\\WebProject\\ums-app\\vendor\\phpunit\\phpunit\\src\\TextUI\\Command.php(146): PHPUnit\\TextUI\\TestRunner->run(Object(PHPUnit\\Framework\\TestSuite), Array, Array, true)
#41 C:\\Users\\hp\\Documents\\ResumeLayout\\WebProject\\ums-app\\vendor\\phpunit\\phpunit\\src\\TextUI\\Command.php(99): PHPUnit\\TextUI\\Command->run(Array, true)
#42 C:\\Users\\hp\\Documents\\ResumeLayout\\WebProject\\ums-app\\vendor\\phpunit\\phpunit\\phpunit(107): PHPUnit\\TextUI\\Command::main()
#43 {main}
"} 
[2026-05-29 13:40:10] testing.ERROR: Internal boom {"exception":"[object] (RuntimeException(code: 0): Internal boom at C:\\Users\\hp\\Documents\\ResumeLayout\\WebProject\\ums-app\\tests\\Feature\\ApiResponseAndExceptionHandlerTest.php:52)
[stacktrace]
#0 C:\\Users\\hp\\Documents\\ResumeLayout\\WebProject\\ums-app\\vendor\\laravel\\framework\\src\\Illuminate\\Routing\\Route.php(238): Tests\\Feature\\ApiResponseAndExceptionHandlerTest->Tests\\Feature\\{closure}()
#1 C:\\Users\\hp\\Documents\\ResumeLayout\\WebProject\\ums-app\\vendor\\laravel\\framework\\src\\Illuminate\\Routing\\Route.php(208): Illuminate\\Routing\\Route->runCallable()
#2 C:\\Users\\hp\\Documents\\ResumeLayout\\WebProject\\ums-app\\vendor\\laravel\\framework\\src\\Illuminate\\Routing\\Router.php(721): Illuminate\\Routing\\Route->run()
#3 C:\\Users\\hp\\Documents\\ResumeLayout\\WebProject\\ums-app\\vendor\\laravel\\framework\\src\\Illuminate\\Pipeline\\Pipeline.php(128): Illuminate\\Routing\\Router->Illuminate\\Routing\\{closure}(Object(Illuminate\\Http\\Request))
#4 C:\\Users\\hp\\Documents\\ResumeLayout\\WebProject\\ums-app\\vendor\\laravel\\framework\\src\\Illuminate\\Pipeline\\Pipeline.php(103): Illuminate\\Pipeline\\Pipeline->Illuminate\\Pipeline\\{closure}(Object(Illuminate\\Http\\Request))
#5 C:\\Users\\hp\\Documents\\ResumeLayout\\WebProject\\ums-app\\vendor\\laravel\\framework\\src\\Illuminate\\Routing\\Router.php(723): Illuminate\\Pipeline\\Pipeline->then(Object(Closure))
#6 C:\\Users\\hp\\Documents\\ResumeLayout\\WebProject\\ums-app\\vendor\\laravel\\framework\\src\\Illuminate\\Routing\\Router.php(698): Illuminate\\Routing\\Router->runRouteWithinStack(Object(Illuminate\\Routing\\Route), Object(Illuminate\\Http\\Request))
#7 C:\\Users\\hp\\Documents\\ResumeLayout\\WebProject\\ums-app\\vendor\\laravel\\framework\\src\\Illuminate\\Routing\\Router.php(662): Illuminate\\Routing\\Router->runRoute(Object(Illuminate\\Http\\Request), Object(Illuminate\\Routing\\Route))
#8 C:\\Users\\hp\\Documents\\ResumeLayout\\WebProject\\ums-app\\vendor\\laravel\\framework\\src\\Illuminate\\Routing\\Router.php(651): Illuminate\\Routing\\Router->dispatchToRoute(Object(Illuminate\\Http\\Request))
#9 C:\\Users\\hp\\Documents\\ResumeLayout\\WebProject\\ums-app\\vendor\\laravel\\framework\\src\\Illuminate\\Foundation\\Http\\Kernel.php(167): Illuminate\\Routing\\Router->dispatch(Object(Illuminate\\Http\\Request))
#10 C:\\Users\\hp\\Documents\\ResumeLayout\\WebProject\\ums-app\\vendor\\laravel\\framework\\src\\Illuminate\\Pipeline\\Pipeline.php(128): Illuminate\\Foundation\\Http\\Kernel->Illuminate\\Foundation\\Http\\{closure}(Object(Illuminate\\Http\\Request))
#11 C:\\Users\\hp\\Documents\\ResumeLayout\\WebProject\\ums-app\\vendor\\laravel\\framework\\src\\Illuminate\\Foundation\\Http\\Middleware\\TransformsRequest.php(21): Illuminate\\Pipeline\\Pipeline->Illuminate\\Pipeline\\{closure}(Object(Illuminate\\Http\\Request))
#12 C:\\Users\\hp\\Documents\\ResumeLayout\\WebProject\\ums-app\\vendor\\laravel\\framework\\src\\Illuminate\\Foundation\\Http\\Middleware\\ConvertEmptyStringsToNull.php(31): Illuminate\\Foundation\\Http\\Middleware\\TransformsRequest->handle(Object(Illuminate\\Http\\Request), Object(Closure))
#13 C:\\Users\\hp\\Documents\\ResumeLayout\\WebProject\\ums-app\\vendor\\laravel\\framework\\src\\Illuminate\\Pipeline\\Pipeline.php(167): Illuminate\\Foundation\\Http\\Middleware\\ConvertEmptyStringsToNull->handle(Object(Illuminate\\Http\\Request), Object(Closure))
#14 C:\\Users\\hp\\Documents\\ResumeLayout\\WebProject\\ums-app\\vendor\\laravel\\framework\\src\\Illuminate\\Foundation\\Http\\Middleware\\TransformsRequest.php(21): Illuminate\\Pipeline\\Pipeline->Illuminate\\Pipeline\\{closure}(Object(Illuminate\\Http\\Request))
#15 C:\\Users\\hp\\Documents\\ResumeLayout\\WebProject\\ums-app\\vendor\\laravel\\framework\\src\\Illuminate\\Foundation\\Http\\Middleware\\TrimStrings.php(40): Illuminate\\Foundation\\Http\\Middleware\\TransformsRequest->handle(Object(Illuminate\\Http\\Request), Object(Closure))
#16 C:\\Users\\hp\\Documents\\ResumeLayout\\WebProject\\ums-app\\vendor\\laravel\\framework\\src\\Illuminate\\Pipeline\\Pipeline.php(167): Illuminate\\Foundation\\Http\\Middleware\\TrimStrings->handle(Object(Illuminate\\Http\\Request), Object(Closure))
#17 C:\\Users\\hp\\Documents\\ResumeLayout\\WebProject\\ums-app\\vendor\\laravel\\framework\\src\\Illuminate\\Foundation\\Http\\Middleware\\ValidatePostSize.php(27): Illuminate\\Pipeline\\Pipeline->Illuminate\\Pipeline\\{closure}(Object(Illuminate\\Http\\Request))
#18 C:\\Users\\hp\\Documents\\ResumeLayout\\WebProject\\ums-app\\vendor\\laravel\\framework\\src\\Illuminate\\Pipeline\\Pipeline.php(167): Illuminate\\Foundation\\Http\\Middleware\\ValidatePostSize->handle(Object(Illuminate\\Http\\Request), Object(Closure))
#19 C:\\Users\\hp\\Documents\\ResumeLayout\\WebProject\\ums-app\\vendor\\laravel\\framework\\src\\Illuminate\\Foundation\\Http\\Middleware\\PreventRequestsDuringMaintenance.php(86): Illuminate\\Pipeline\\Pipeline->Illuminate\\Pipeline\\{closure}(Object(Illuminate\\Http\\Request))
#20 C:\\Users\\hp\\Documents\\ResumeLayout\\WebProject\\ums-app\\vendor\\laravel\\framework\\src\\Illuminate\\Pipeline\\Pipeline.php(167): Illuminate\\Foundation\\Http\\Middleware\\PreventRequestsDuringMaintenance->handle(Object(Illuminate\\Http\\Request), Object(Closure))
#21 C:\\Users\\hp\\Documents\\ResumeLayout\\WebProject\\ums-app\\vendor\\fruitcake\\laravel-cors\\src\\HandleCors.php(52): Illuminate\\Pipeline\\Pipeline->Illuminate\\Pipeline\\{closure}(Object(Illuminate\\Http\\Request))
#22 C:\\Users\\hp\\Documents\\ResumeLayout\\WebProject\\ums-app\\vendor\\laravel\\framework\\src\\Illuminate\\Pipeline\\Pipeline.php(167): Fruitcake\\Cors\\HandleCors->handle(Object(Illuminate\\Http\\Request), Object(Closure))
#23 C:\\Users\\hp\\Documents\\ResumeLayout\\WebProject\\ums-app\\vendor\\fideloper\\proxy\\src\\TrustProxies.php(57): Illuminate\\Pipeline\\Pipeline->Illuminate\\Pipeline\\{closure}(Object(Illuminate\\Http\\Request))
#24 C:\\Users\\hp\\Documents\\ResumeLayout\\WebProject\\ums-app\\vendor\\laravel\\framework\\src\\Illuminate\\Pipeline\\Pipeline.php(167): Fideloper\\Proxy\\TrustProxies->handle(Object(Illuminate\\Http\\Request), Object(Closure))
#25 C:\\Users\\hp\\Documents\\ResumeLayout\\WebProject\\ums-app\\vendor\\laravel\\framework\\src\\Illuminate\\Pipeline\\Pipeline.php(103): Illuminate\\Pipeline\\Pipeline->Illuminate\\Pipeline\\{closure}(Object(Illuminate\\Http\\Request))
#26 C:\\Users\\hp\\Documents\\ResumeLayout\\WebProject\\ums-app\\vendor\\laravel\\framework\\src\\Illuminate\\Foundation\\Http\\Kernel.php(142): Illuminate\\Pipeline\\Pipeline->then(Object(Closure))
#27 C:\\Users\\hp\\Documents\\ResumeLayout\\WebProject\\ums-app\\vendor\\laravel\\framework\\src\\Illuminate\\Foundation\\Http\\Kernel.php(111): Illuminate\\Foundation\\Http\\Kernel->sendRequestThroughRouter(Object(Illuminate\\Http\\Request))
#28 C:\\Users\\hp\\Documents\\ResumeLayout\\WebProject\\ums-app\\vendor\\laravel\\framework\\src\\Illuminate\\Foundation\\Testing\\Concerns\\MakesHttpRequests.php(510): Illuminate\\Foundation\\Http\\Kernel->handle(Object(Illuminate\\Http\\Request))
#29 C:\\Users\\hp\\Documents\\ResumeLayout\\WebProject\\ums-app\\vendor\\laravel\\framework\\src\\Illuminate\\Foundation\\Testing\\Concerns\\MakesHttpRequests.php(476): Illuminate\\Foundation\\Testing\\TestCase->call('GET', '/api/test/unhan...', Array, Array, Array, Array, '[]')
#30 C:\\Users\\hp\\Documents\\ResumeLayout\\WebProject\\ums-app\\vendor\\laravel\\framework\\src\\Illuminate\\Foundation\\Testing\\Concerns\\MakesHttpRequests.php(306): Illuminate\\Foundation\\Testing\\TestCase->json('GET', '/api/test/unhan...', Array, Array)
#31 C:\\Users\\hp\\Documents\\ResumeLayout\\WebProject\\ums-app\\tests\\Feature\\ApiResponseAndExceptionHandlerTest.php(173): Illuminate\\Foundation\\Testing\\TestCase->getJson('/api/test/unhan...')
#32 C:\\Users\\hp\\Documents\\ResumeLayout\\WebProject\\ums-app\\vendor\\phpunit\\phpunit\\src\\Framework\\TestCase.php(1617): Tests\\Feature\\ApiResponseAndExceptionHandlerTest->unhandled_exception_returns_500_with_generic_message()
#33 C:\\Users\\hp\\Documents\\ResumeLayout\\WebProject\\ums-app\\vendor\\phpunit\\phpunit\\src\\Framework\\TestCase.php(1223): PHPUnit\\Framework\\TestCase->runTest()
#34 C:\\Users\\hp\\Documents\\ResumeLayout\\WebProject\\ums-app\\vendor\\phpunit\\phpunit\\src\\Framework\\TestResult.php(729): PHPUnit\\Framework\\TestCase->runBare()
#35 C:\\Users\\hp\\Documents\\ResumeLayout\\WebProject\\ums-app\\vendor\\phpunit\\phpunit\\src\\Framework\\TestCase.php(973): PHPUnit\\Framework\\TestResult->run(Object(Tests\\Feature\\ApiResponseAndExceptionHandlerTest))
#36 C:\\Users\\hp\\Documents\\ResumeLayout\\WebProject\\ums-app\\vendor\\phpunit\\phpunit\\src\\Framework\\TestSuite.php(685): PHPUnit\\Framework\\TestCase->run(Object(PHPUnit\\Framework\\TestResult))
#37 C:\\Users\\hp\\Documents\\ResumeLayout\\WebProject\\ums-app\\vendor\\phpunit\\phpunit\\src\\Framework\\TestSuite.php(685): PHPUnit\\Framework\\TestSuite->run(Object(PHPUnit\\Framework\\TestResult))
#38 C:\\Users\\hp\\Documents\\ResumeLayout\\WebProject\\ums-app\\vendor\\phpunit\\phpunit\\src\\Framework\\TestSuite.php(685): PHPUnit\\Framework\\TestSuite->run(Object(PHPUnit\\Framework\\TestResult))
#39 C:\\Users\\hp\\Documents\\ResumeLayout\\WebProject\\ums-app\\vendor\\phpunit\\phpunit\\src\\TextUI\\TestRunner.php(651): PHPUnit\\Framework\\TestSuite->run(Object(PHPUnit\\Framework\\TestResult))
#40 C:\\Users\\hp\\Documents\\ResumeLayout\\WebProject\\ums-app\\vendor\\phpunit\\phpunit\\src\\TextUI\\Command.php(146): PHPUnit\\TextUI\\TestRunner->run(Object(PHPUnit\\Framework\\TestSuite), Array, Array, true)
#41 C:\\Users\\hp\\Documents\\ResumeLayout\\WebProject\\ums-app\\vendor\\phpunit\\phpunit\\src\\TextUI\\Command.php(99): PHPUnit\\TextUI\\Command->run(Array, true)
#42 C:\\Users\\hp\\Documents\\ResumeLayout\\WebProject\\ums-app\\vendor\\phpunit\\phpunit\\phpunit(107): PHPUnit\\TextUI\\Command::main()
#43 {main}
"} 
[2026-05-29 13:40:10] testing.ERROR: Internal boom {"exception":"[object] (RuntimeException(code: 0): Internal boom at C:\\Users\\hp\\Documents\\ResumeLayout\\WebProject\\ums-app\\tests\\Feature\\ApiResponseAndExceptionHandlerTest.php:52)
[stacktrace]
#0 C:\\Users\\hp\\Documents\\ResumeLayout\\WebProject\\ums-app\\vendor\\laravel\\framework\\src\\Illuminate\\Routing\\Route.php(238): Tests\\Feature\\ApiResponseAndExceptionHandlerTest->Tests\\Feature\\{closure}()
#1 C:\\Users\\hp\\Documents\\ResumeLayout\\WebProject\\ums-app\\vendor\\laravel\\framework\\src\\Illuminate\\Routing\\Route.php(208): Illuminate\\Routing\\Route->runCallable()
#2 C:\\Users\\hp\\Documents\\ResumeLayout\\WebProject\\ums-app\\vendor\\laravel\\framework\\src\\Illuminate\\Routing\\Router.php(721): Illuminate\\Routing\\Route->run()
#3 C:\\Users\\hp\\Documents\\ResumeLayout\\WebProject\\ums-app\\vendor\\laravel\\framework\\src\\Illuminate\\Pipeline\\Pipeline.php(128): Illuminate\\Routing\\Router->Illuminate\\Routing\\{closure}(Object(Illuminate\\Http\\Request))
#4 C:\\Users\\hp\\Documents\\ResumeLayout\\WebProject\\ums-app\\vendor\\laravel\\framework\\src\\Illuminate\\Pipeline\\Pipeline.php(103): Illuminate\\Pipeline\\Pipeline->Illuminate\\Pipeline\\{closure}(Object(Illuminate\\Http\\Request))
#5 C:\\Users\\hp\\Documents\\ResumeLayout\\WebProject\\ums-app\\vendor\\laravel\\framework\\src\\Illuminate\\Routing\\Router.php(723): Illuminate\\Pipeline\\Pipeline->then(Object(Closure))
#6 C:\\Users\\hp\\Documents\\ResumeLayout\\WebProject\\ums-app\\vendor\\laravel\\framework\\src\\Illuminate\\Routing\\Router.php(698): Illuminate\\Routing\\Router->runRouteWithinStack(Object(Illuminate\\Routing\\Route), Object(Illuminate\\Http\\Request))
#7 C:\\Users\\hp\\Documents\\ResumeLayout\\WebProject\\ums-app\\vendor\\laravel\\framework\\src\\Illuminate\\Routing\\Router.php(662): Illuminate\\Routing\\Router->runRoute(Object(Illuminate\\Http\\Request), Object(Illuminate\\Routing\\Route))
#8 C:\\Users\\hp\\Documents\\ResumeLayout\\WebProject\\ums-app\\vendor\\laravel\\framework\\src\\Illuminate\\Routing\\Router.php(651): Illuminate\\Routing\\Router->dispatchToRoute(Object(Illuminate\\Http\\Request))
#9 C:\\Users\\hp\\Documents\\ResumeLayout\\WebProject\\ums-app\\vendor\\laravel\\framework\\src\\Illuminate\\Foundation\\Http\\Kernel.php(167): Illuminate\\Routing\\Router->dispatch(Object(Illuminate\\Http\\Request))
#10 C:\\Users\\hp\\Documents\\ResumeLayout\\WebProject\\ums-app\\vendor\\laravel\\framework\\src\\Illuminate\\Pipeline\\Pipeline.php(128): Illuminate\\Foundation\\Http\\Kernel->Illuminate\\Foundation\\Http\\{closure}(Object(Illuminate\\Http\\Request))
#11 C:\\Users\\hp\\Documents\\ResumeLayout\\WebProject\\ums-app\\vendor\\laravel\\framework\\src\\Illuminate\\Foundation\\Http\\Middleware\\TransformsRequest.php(21): Illuminate\\Pipeline\\Pipeline->Illuminate\\Pipeline\\{closure}(Object(Illuminate\\Http\\Request))
#12 C:\\Users\\hp\\Documents\\ResumeLayout\\WebProject\\ums-app\\vendor\\laravel\\framework\\src\\Illuminate\\Foundation\\Http\\Middleware\\ConvertEmptyStringsToNull.php(31): Illuminate\\Foundation\\Http\\Middleware\\TransformsRequest->handle(Object(Illuminate\\Http\\Request), Object(Closure))
#13 C:\\Users\\hp\\Documents\\ResumeLayout\\WebProject\\ums-app\\vendor\\laravel\\framework\\src\\Illuminate\\Pipeline\\Pipeline.php(167): Illuminate\\Foundation\\Http\\Middleware\\ConvertEmptyStringsToNull->handle(Object(Illuminate\\Http\\Request), Object(Closure))
#14 C:\\Users\\hp\\Documents\\ResumeLayout\\WebProject\\ums-app\\vendor\\laravel\\framework\\src\\Illuminate\\Foundation\\Http\\Middleware\\TransformsRequest.php(21): Illuminate\\Pipeline\\Pipeline->Illuminate\\Pipeline\\{closure}(Object(Illuminate\\Http\\Request))
#15 C:\\Users\\hp\\Documents\\ResumeLayout\\WebProject\\ums-app\\vendor\\laravel\\framework\\src\\Illuminate\\Foundation\\Http\\Middleware\\TrimStrings.php(40): Illuminate\\Foundation\\Http\\Middleware\\TransformsRequest->handle(Object(Illuminate\\Http\\Request), Object(Closure))
#16 C:\\Users\\hp\\Documents\\ResumeLayout\\WebProject\\ums-app\\vendor\\laravel\\framework\\src\\Illuminate\\Pipeline\\Pipeline.php(167): Illuminate\\Foundation\\Http\\Middleware\\TrimStrings->handle(Object(Illuminate\\Http\\Request), Object(Closure))
#17 C:\\Users\\hp\\Documents\\ResumeLayout\\WebProject\\ums-app\\vendor\\laravel\\framework\\src\\Illuminate\\Foundation\\Http\\Middleware\\ValidatePostSize.php(27): Illuminate\\Pipeline\\Pipeline->Illuminate\\Pipeline\\{closure}(Object(Illuminate\\Http\\Request))
#18 C:\\Users\\hp\\Documents\\ResumeLayout\\WebProject\\ums-app\\vendor\\laravel\\framework\\src\\Illuminate\\Pipeline\\Pipeline.php(167): Illuminate\\Foundation\\Http\\Middleware\\ValidatePostSize->handle(Object(Illuminate\\Http\\Request), Object(Closure))
#19 C:\\Users\\hp\\Documents\\ResumeLayout\\WebProject\\ums-app\\vendor\\laravel\\framework\\src\\Illuminate\\Foundation\\Http\\Middleware\\PreventRequestsDuringMaintenance.php(86): Illuminate\\Pipeline\\Pipeline->Illuminate\\Pipeline\\{closure}(Object(Illuminate\\Http\\Request))
#20 C:\\Users\\hp\\Documents\\ResumeLayout\\WebProject\\ums-app\\vendor\\laravel\\framework\\src\\Illuminate\\Pipeline\\Pipeline.php(167): Illuminate\\Foundation\\Http\\Middleware\\PreventRequestsDuringMaintenance->handle(Object(Illuminate\\Http\\Request), Object(Closure))
#21 C:\\Users\\hp\\Documents\\ResumeLayout\\WebProject\\ums-app\\vendor\\fruitcake\\laravel-cors\\src\\HandleCors.php(52): Illuminate\\Pipeline\\Pipeline->Illuminate\\Pipeline\\{closure}(Object(Illuminate\\Http\\Request))
#22 C:\\Users\\hp\\Documents\\ResumeLayout\\WebProject\\ums-app\\vendor\\laravel\\framework\\src\\Illuminate\\Pipeline\\Pipeline.php(167): Fruitcake\\Cors\\HandleCors->handle(Object(Illuminate\\Http\\Request), Object(Closure))
#23 C:\\Users\\hp\\Documents\\ResumeLayout\\WebProject\\ums-app\\vendor\\fideloper\\proxy\\src\\TrustProxies.php(57): Illuminate\\Pipeline\\Pipeline->Illuminate\\Pipeline\\{closure}(Object(Illuminate\\Http\\Request))
#24 C:\\Users\\hp\\Documents\\ResumeLayout\\WebProject\\ums-app\\vendor\\laravel\\framework\\src\\Illuminate\\Pipeline\\Pipeline.php(167): Fideloper\\Proxy\\TrustProxies->handle(Object(Illuminate\\Http\\Request), Object(Closure))
#25 C:\\Users\\hp\\Documents\\ResumeLayout\\WebProject\\ums-app\\vendor\\laravel\\framework\\src\\Illuminate\\Pipeline\\Pipeline.php(103): Illuminate\\Pipeline\\Pipeline->Illuminate\\Pipeline\\{closure}(Object(Illuminate\\Http\\Request))
#26 C:\\Users\\hp\\Documents\\ResumeLayout\\WebProject\\ums-app\\vendor\\laravel\\framework\\src\\Illuminate\\Foundation\\Http\\Kernel.php(142): Illuminate\\Pipeline\\Pipeline->then(Object(Closure))
#27 C:\\Users\\hp\\Documents\\ResumeLayout\\WebProject\\ums-app\\vendor\\laravel\\framework\\src\\Illuminate\\Foundation\\Http\\Kernel.php(111): Illuminate\\Foundation\\Http\\Kernel->sendRequestThroughRouter(Object(Illuminate\\Http\\Request))
#28 C:\\Users\\hp\\Documents\\ResumeLayout\\WebProject\\ums-app\\vendor\\laravel\\framework\\src\\Illuminate\\Foundation\\Testing\\Concerns\\MakesHttpRequests.php(510): Illuminate\\Foundation\\Http\\Kernel->handle(Object(Illuminate\\Http\\Request))
#29 C:\\Users\\hp\\Documents\\ResumeLayout\\WebProject\\ums-app\\vendor\\laravel\\framework\\src\\Illuminate\\Foundation\\Testing\\Concerns\\MakesHttpRequests.php(476): Illuminate\\Foundation\\Testing\\TestCase->call('GET', '/api/test/unhan...', Array, Array, Array, Array, '[]')
#30 C:\\Users\\hp\\Documents\\ResumeLayout\\WebProject\\ums-app\\vendor\\laravel\\framework\\src\\Illuminate\\Foundation\\Testing\\Concerns\\MakesHttpRequests.php(306): Illuminate\\Foundation\\Testing\\TestCase->json('GET', '/api/test/unhan...', Array, Array)
#31 C:\\Users\\hp\\Documents\\ResumeLayout\\WebProject\\ums-app\\tests\\Feature\\ApiResponseAndExceptionHandlerTest.php(185): Illuminate\\Foundation\\Testing\\TestCase->getJson('/api/test/unhan...')
#32 C:\\Users\\hp\\Documents\\ResumeLayout\\WebProject\\ums-app\\vendor\\phpunit\\phpunit\\src\\Framework\\TestCase.php(1617): Tests\\Feature\\ApiResponseAndExceptionHandlerTest->unhandled_exception_response_does_not_expose_stack_trace()
#33 C:\\Users\\hp\\Documents\\ResumeLayout\\WebProject\\ums-app\\vendor\\phpunit\\phpunit\\src\\Framework\\TestCase.php(1223): PHPUnit\\Framework\\TestCase->runTest()
#34 C:\\Users\\hp\\Documents\\ResumeLayout\\WebProject\\ums-app\\vendor\\phpunit\\phpunit\\src\\Framework\\TestResult.php(729): PHPUnit\\Framework\\TestCase->runBare()
#35 C:\\Users\\hp\\Documents\\ResumeLayout\\WebProject\\ums-app\\vendor\\phpunit\\phpunit\\src\\Framework\\TestCase.php(973): PHPUnit\\Framework\\TestResult->run(Object(Tests\\Feature\\ApiResponseAndExceptionHandlerTest))
#36 C:\\Users\\hp\\Documents\\ResumeLayout\\WebProject\\ums-app\\vendor\\phpunit\\phpunit\\src\\Framework\\TestSuite.php(685): PHPUnit\\Framework\\TestCase->run(Object(PHPUnit\\Framework\\TestResult))
#37 C:\\Users\\hp\\Documents\\ResumeLayout\\WebProject\\ums-app\\vendor\\phpunit\\phpunit\\src\\Framework\\TestSuite.php(685): PHPUnit\\Framework\\TestSuite->run(Object(PHPUnit\\Framework\\TestResult))
#38 C:\\Users\\hp\\Documents\\ResumeLayout\\WebProject\\ums-app\\vendor\\phpunit\\phpunit\\src\\Framework\\TestSuite.php(685): PHPUnit\\Framework\\TestSuite->run(Object(PHPUnit\\Framework\\TestResult))
#39 C:\\Users\\hp\\Documents\\ResumeLayout\\WebProject\\ums-app\\vendor\\phpunit\\phpunit\\src\\TextUI\\TestRunner.php(651): PHPUnit\\Framework\\TestSuite->run(Object(PHPUnit\\Framework\\TestResult))
#40 C:\\Users\\hp\\Documents\\ResumeLayout\\WebProject\\ums-app\\vendor\\phpunit\\phpunit\\src\\TextUI\\Command.php(146): PHPUnit\\TextUI\\TestRunner->run(Object(PHPUnit\\Framework\\TestSuite), Array, Array, true)
#41 C:\\Users\\hp\\Documents\\ResumeLayout\\WebProject\\ums-app\\vendor\\phpunit\\phpunit\\src\\TextUI\\Command.php(99): PHPUnit\\TextUI\\Command->run(Array, true)
#42 C:\\Users\\hp\\Documents\\ResumeLayout\\WebProject\\ums-app\\vendor\\phpunit\\phpunit\\phpunit(107): PHPUnit\\TextUI\\Command::main()
#43 {main}
"} 
[2026-05-29 13:45:28] local.ERROR: SQLSTATE[HY000] [1049] Unknown database 'laravel' (SQL: select * from information_schema.tables where table_schema = laravel and table_name = migrations and table_type = 'BASE TABLE') {"exception":"[object] (Illuminate\\Database\\QueryException(code: 1049): SQLSTATE[HY000] [1049] Unknown database 'laravel' (SQL: select * from information_schema.tables where table_schema = laravel and table_name = migrations and table_type = 'BASE TABLE') at C:\\Users\\hp\\Documents\\ResumeLayout\\WebProject\\ums-app\\vendor\\laravel\\framework\\src\\Illuminate\\Database\\Connection.php:712)
[stacktrace]
#0 C:\\Users\\hp\\Documents\\ResumeLayout\\WebProject\\ums-app\\vendor\\laravel\\framework\\src\\Illuminate\\Database\\Connection.php(672): Illuminate\\Database\\Connection->runQueryCallback('select * from i...', Array, Object(Closure))
#1 C:\\Users\\hp\\Documents\\ResumeLayout\\WebProject\\ums-app\\vendor\\laravel\\framework\\src\\Illuminate\\Database\\Connection.php(376): Illuminate\\Database\\Connection->run('select * from i...', Array, Object(Closure))
#2 C:\\Users\\hp\\Documents\\ResumeLayout\\WebProject\\ums-app\\vendor\\laravel\\framework\\src\\Illuminate\\Database\\Schema\\MySqlBuilder.php(44): Illuminate\\Database\\Connection->select('select * from i...', Array)
#3 C:\\Users\\hp\\Documents\\ResumeLayout\\WebProject\\ums-app\\vendor\\laravel\\framework\\src\\Illuminate\\Database\\Migrations\\DatabaseMigrationRepository.php(169): Illuminate\\Database\\Schema\\MySqlBuilder->hasTable('migrations')
#4 C:\\Users\\hp\\Documents\\ResumeLayout\\WebProject\\ums-app\\vendor\\laravel\\framework\\src\\Illuminate\\Database\\Migrations\\Migrator.php(673): Illuminate\\Database\\Migrations\\DatabaseMigrationRepository->repositoryExists()
#5 C:\\Users\\hp\\Documents\\ResumeLayout\\WebProject\\ums-app\\vendor\\laravel\\framework\\src\\Illuminate\\Database\\Console\\Migrations\\MigrateCommand.php(110): Illuminate\\Database\\Migrations\\Migrator->repositoryExists()
#6 C:\\Users\\hp\\Documents\\ResumeLayout\\WebProject\\ums-app\\vendor\\laravel\\framework\\src\\Illuminate\\Database\\Console\\Migrations\\MigrateCommand.php(78): Illuminate\\Database\\Console\\Migrations\\MigrateCommand->prepareDatabase()
#7 C:\\Users\\hp\\Documents\\ResumeLayout\\WebProject\\ums-app\\vendor\\laravel\\framework\\src\\Illuminate\\Database\\Migrations\\Migrator.php(606): Illuminate\\Database\\Console\\Migrations\\MigrateCommand->Illuminate\\Database\\Console\\Migrations\\{closure}()
#8 C:\\Users\\hp\\Documents\\ResumeLayout\\WebProject\\ums-app\\vendor\\laravel\\framework\\src\\Illuminate\\Database\\Console\\Migrations\\MigrateCommand.php(98): Illuminate\\Database\\Migrations\\Migrator->usingConnection(NULL, Object(Closure))
#9 C:\\Users\\hp\\Documents\\ResumeLayout\\WebProject\\ums-app\\vendor\\laravel\\framework\\src\\Illuminate\\Container\\BoundMethod.php(36): Illuminate\\Database\\Console\\Migrations\\MigrateCommand->handle()
#10 C:\\Users\\hp\\Documents\\ResumeLayout\\WebProject\\ums-app\\vendor\\laravel\\framework\\src\\Illuminate\\Container\\Util.php(40): Illuminate\\Container\\BoundMethod::Illuminate\\Container\\{closure}()
#11 C:\\Users\\hp\\Documents\\ResumeLayout\\WebProject\\ums-app\\vendor\\laravel\\framework\\src\\Illuminate\\Container\\BoundMethod.php(93): Illuminate\\Container\\Util::unwrapIfClosure(Object(Closure))
#12 C:\\Users\\hp\\Documents\\ResumeLayout\\WebProject\\ums-app\\vendor\\laravel\\framework\\src\\Illuminate\\Container\\BoundMethod.php(37): Illuminate\\Container\\BoundMethod::callBoundMethod(Object(Illuminate\\Foundation\\Application), Array, Object(Closure))
#13 C:\\Users\\hp\\Documents\\ResumeLayout\\WebProject\\ums-app\\vendor\\laravel\\framework\\src\\Illuminate\\Container\\Container.php(653): Illuminate\\Container\\BoundMethod::call(Object(Illuminate\\Foundation\\Application), Array, Array, NULL)
#14 C:\\Users\\hp\\Documents\\ResumeLayout\\WebProject\\ums-app\\vendor\\laravel\\framework\\src\\Illuminate\\Console\\Command.php(136): Illuminate\\Container\\Container->call(Array)
#15 C:\\Users\\hp\\Documents\\ResumeLayout\\WebProject\\ums-app\\vendor\\symfony\\console\\Command\\Command.php(298): Illuminate\\Console\\Command->execute(Object(Symfony\\Component\\Console\\Input\\ArgvInput), Object(Illuminate\\Console\\OutputStyle))
#16 C:\\Users\\hp\\Documents\\ResumeLayout\\WebProject\\ums-app\\vendor\\laravel\\framework\\src\\Illuminate\\Console\\Command.php(121): Symfony\\Component\\Console\\Command\\Command->run(Object(Symfony\\Component\\Console\\Input\\ArgvInput), Object(Illuminate\\Console\\OutputStyle))
#17 C:\\Users\\hp\\Documents\\ResumeLayout\\WebProject\\ums-app\\vendor\\symfony\\console\\Application.php(1040): Illuminate\\Console\\Command->run(Object(Symfony\\Component\\Console\\Input\\ArgvInput), Object(Symfony\\Component\\Console\\Output\\ConsoleOutput))
#18 C:\\Users\\hp\\Documents\\ResumeLayout\\WebProject\\ums-app\\vendor\\symfony\\console\\Application.php(301): Symfony\\Component\\Console\\Application->doRunCommand(Object(Illuminate\\Database\\Console\\Migrations\\MigrateCommand), Object(Symfony\\Component\\Console\\Input\\ArgvInput), Object(Symfony\\Component\\Console\\Output\\ConsoleOutput))
#19 C:\\Users\\hp\\Documents\\ResumeLayout\\WebProject\\ums-app\\vendor\\symfony\\console\\Application.php(171): Symfony\\Component\\Console\\Application->doRun(Object(Symfony\\Component\\Console\\Input\\ArgvInput), Object(Symfony\\Component\\Console\\Output\\ConsoleOutput))
#20 C:\\Users\\hp\\Documents\\ResumeLayout\\WebProject\\ums-app\\vendor\\laravel\\framework\\src\\Illuminate\\Console\\Application.php(94): Symfony\\Component\\Console\\Application->run(Object(Symfony\\Component\\Console\\Input\\ArgvInput), Object(Symfony\\Component\\Console\\Output\\ConsoleOutput))
#21 C:\\Users\\hp\\Documents\\ResumeLayout\\WebProject\\ums-app\\vendor\\laravel\\framework\\src\\Illuminate\\Foundation\\Console\\Kernel.php(129): Illuminate\\Console\\Application->run(Object(Symfony\\Component\\Console\\Input\\ArgvInput), Object(Symfony\\Component\\Console\\Output\\ConsoleOutput))
#22 C:\\Users\\hp\\Documents\\ResumeLayout\\WebProject\\ums-app\\artisan(37): Illuminate\\Foundation\\Console\\Kernel->handle(Object(Symfony\\Component\\Console\\Input\\ArgvInput), Object(Symfony\\Component\\Console\\Output\\ConsoleOutput))
#23 {main}

[previous exception] [object] (PDOException(code: 1049): SQLSTATE[HY000] [1049] Unknown database 'laravel' at C:\\Users\\hp\\Documents\\ResumeLayout\\WebProject\\ums-app\\vendor\\laravel\\framework\\src\\Illuminate\\Database\\Connectors\\Connector.php:70)
[stacktrace]
#0 C:\\Users\\hp\\Documents\\ResumeLayout\\WebProject\\ums-app\\vendor\\laravel\\framework\\src\\Illuminate\\Database\\Connectors\\Connector.php(70): PDO->__construct('mysql:host=127....', 'root', '', Array)
#1 C:\\Users\\hp\\Documents\\ResumeLayout\\WebProject\\ums-app\\vendor\\laravel\\framework\\src\\Illuminate\\Database\\Connectors\\Connector.php(46): Illuminate\\Database\\Connectors\\Connector->createPdoConnection('mysql:host=127....', 'root', '', Array)
#2 C:\\Users\\hp\\Documents\\ResumeLayout\\WebProject\\ums-app\\vendor\\laravel\\framework\\src\\Illuminate\\Database\\Connectors\\MySqlConnector.php(24): Illuminate\\Database\\Connectors\\Connector->createConnection('mysql:host=127....', Array, Array)
#3 C:\\Users\\hp\\Documents\\ResumeLayout\\WebProject\\ums-app\\vendor\\laravel\\framework\\src\\Illuminate\\Database\\Connectors\\ConnectionFactory.php(184): Illuminate\\Database\\Connectors\\MySqlConnector->connect(Array)
#4 [internal function]: Illuminate\\Database\\Connectors\\ConnectionFactory->Illuminate\\Database\\Connectors\\{closure}()
#5 C:\\Users\\hp\\Documents\\ResumeLayout\\WebProject\\ums-app\\vendor\\laravel\\framework\\src\\Illuminate\\Database\\Connection.php(1064): call_user_func(Object(Closure))
#6 C:\\Users\\hp\\Documents\\ResumeLayout\\WebProject\\ums-app\\vendor\\laravel\\framework\\src\\Illuminate\\Database\\Connection.php(1100): Illuminate\\Database\\Connection->getPdo()
#7 C:\\Users\\hp\\Documents\\ResumeLayout\\WebProject\\ums-app\\vendor\\laravel\\framework\\src\\Illuminate\\Database\\Connection.php(442): Illuminate\\Database\\Connection->getReadPdo()
#8 C:\\Users\\hp\\Documents\\ResumeLayout\\WebProject\\ums-app\\vendor\\laravel\\framework\\src\\Illuminate\\Database\\Connection.php(368): Illuminate\\Database\\Connection->getPdoForSelect(true)
#9 C:\\Users\\hp\\Documents\\ResumeLayout\\WebProject\\ums-app\\vendor\\laravel\\framework\\src\\Illuminate\\Database\\Connection.php(705): Illuminate\\Database\\Connection->Illuminate\\Database\\{closure}('select * from i...', Array)
#10 C:\\Users\\hp\\Documents\\ResumeLayout\\WebProject\\ums-app\\vendor\\laravel\\framework\\src\\Illuminate\\Database\\Connection.php(672): Illuminate\\Database\\Connection->runQueryCallback('select * from i...', Array, Object(Closure))
#11 C:\\Users\\hp\\Documents\\ResumeLayout\\WebProject\\ums-app\\vendor\\laravel\\framework\\src\\Illuminate\\Database\\Connection.php(376): Illuminate\\Database\\Connection->run('select * from i...', Array, Object(Closure))
#12 C:\\Users\\hp\\Documents\\ResumeLayout\\WebProject\\ums-app\\vendor\\laravel\\framework\\src\\Illuminate\\Database\\Schema\\MySqlBuilder.php(44): Illuminate\\Database\\Connection->select('select * from i...', Array)
#13 C:\\Users\\hp\\Documents\\ResumeLayout\\WebProject\\ums-app\\vendor\\laravel\\framework\\src\\Illuminate\\Database\\Migrations\\DatabaseMigrationRepository.php(169): Illuminate\\Database\\Schema\\MySqlBuilder->hasTable('migrations')
#14 C:\\Users\\hp\\Documents\\ResumeLayout\\WebProject\\ums-app\\vendor\\laravel\\framework\\src\\Illuminate\\Database\\Migrations\\Migrator.php(673): Illuminate\\Database\\Migrations\\DatabaseMigrationRepository->repositoryExists()
#15 C:\\Users\\hp\\Documents\\ResumeLayout\\WebProject\\ums-app\\vendor\\laravel\\framework\\src\\Illuminate\\Database\\Console\\Migrations\\MigrateCommand.php(110): Illuminate\\Database\\Migrations\\Migrator->repositoryExists()
#16 C:\\Users\\hp\\Documents\\ResumeLayout\\WebProject\\ums-app\\vendor\\laravel\\framework\\src\\Illuminate\\Database\\Console\\Migrations\\MigrateCommand.php(78): Illuminate\\Database\\Console\\Migrations\\MigrateCommand->prepareDatabase()
#17 C:\\Users\\hp\\Documents\\ResumeLayout\\WebProject\\ums-app\\vendor\\laravel\\framework\\src\\Illuminate\\Database\\Migrations\\Migrator.php(606): Illuminate\\Database\\Console\\Migrations\\MigrateCommand->Illuminate\\Database\\Console\\Migrations\\{closure}()
#18 C:\\Users\\hp\\Documents\\ResumeLayout\\WebProject\\ums-app\\vendor\\laravel\\framework\\src\\Illuminate\\Database\\Console\\Migrations\\MigrateCommand.php(98): Illuminate\\Database\\Migrations\\Migrator->usingConnection(NULL, Object(Closure))
#19 C:\\Users\\hp\\Documents\\ResumeLayout\\WebProject\\ums-app\\vendor\\laravel\\framework\\src\\Illuminate\\Container\\BoundMethod.php(36): Illuminate\\Database\\Console\\Migrations\\MigrateCommand->handle()
#20 C:\\Users\\hp\\Documents\\ResumeLayout\\WebProject\\ums-app\\vendor\\laravel\\framework\\src\\Illuminate\\Container\\Util.php(40): Illuminate\\Container\\BoundMethod::Illuminate\\Container\\{closure}()
#21 C:\\Users\\hp\\Documents\\ResumeLayout\\WebProject\\ums-app\\vendor\\laravel\\framework\\src\\Illuminate\\Container\\BoundMethod.php(93): Illuminate\\Container\\Util::unwrapIfClosure(Object(Closure))
#22 C:\\Users\\hp\\Documents\\ResumeLayout\\WebProject\\ums-app\\vendor\\laravel\\framework\\src\\Illuminate\\Container\\BoundMethod.php(37): Illuminate\\Container\\BoundMethod::callBoundMethod(Object(Illuminate\\Foundation\\Application), Array, Object(Closure))
#23 C:\\Users\\hp\\Documents\\ResumeLayout\\WebProject\\ums-app\\vendor\\laravel\\framework\\src\\Illuminate\\Container\\Container.php(653): Illuminate\\Container\\BoundMethod::call(Object(Illuminate\\Foundation\\Application), Array, Array, NULL)
#24 C:\\Users\\hp\\Documents\\ResumeLayout\\WebProject\\ums-app\\vendor\\laravel\\framework\\src\\Illuminate\\Console\\Command.php(136): Illuminate\\Container\\Container->call(Array)
#25 C:\\Users\\hp\\Documents\\ResumeLayout\\WebProject\\ums-app\\vendor\\symfony\\console\\Command\\Command.php(298): Illuminate\\Console\\Command->execute(Object(Symfony\\Component\\Console\\Input\\ArgvInput), Object(Illuminate\\Console\\OutputStyle))
#26 C:\\Users\\hp\\Documents\\ResumeLayout\\WebProject\\ums-app\\vendor\\laravel\\framework\\src\\Illuminate\\Console\\Command.php(121): Symfony\\Component\\Console\\Command\\Command->run(Object(Symfony\\Component\\Console\\Input\\ArgvInput), Object(Illuminate\\Console\\OutputStyle))
#27 C:\\Users\\hp\\Documents\\ResumeLayout\\WebProject\\ums-app\\vendor\\symfony\\console\\Application.php(1040): Illuminate\\Console\\Command->run(Object(Symfony\\Component\\Console\\Input\\ArgvInput), Object(Symfony\\Component\\Console\\Output\\ConsoleOutput))
#28 C:\\Users\\hp\\Documents\\ResumeLayout\\WebProject\\ums-app\\vendor\\symfony\\console\\Application.php(301): Symfony\\Component\\Console\\Application->doRunCommand(Object(Illuminate\\Database\\Console\\Migrations\\MigrateCommand), Object(Symfony\\Component\\Console\\Input\\ArgvInput), Object(Symfony\\Component\\Console\\Output\\ConsoleOutput))
#29 C:\\Users\\hp\\Documents\\ResumeLayout\\WebProject\\ums-app\\vendor\\symfony\\console\\Application.php(171): Symfony\\Component\\Console\\Application->doRun(Object(Symfony\\Component\\Console\\Input\\ArgvInput), Object(Symfony\\Component\\Console\\Output\\ConsoleOutput))
#30 C:\\Users\\hp\\Documents\\ResumeLayout\\WebProject\\ums-app\\vendor\\laravel\\framework\\src\\Illuminate\\Console\\Application.php(94): Symfony\\Component\\Console\\Application->run(Object(Symfony\\Component\\Console\\Input\\ArgvInput), Object(Symfony\\Component\\Console\\Output\\ConsoleOutput))
#31 C:\\Users\\hp\\Documents\\ResumeLayout\\WebProject\\ums-app\\vendor\\laravel\\framework\\src\\Illuminate\\Foundation\\Console\\Kernel.php(129): Illuminate\\Console\\Application->run(Object(Symfony\\Component\\Console\\Input\\ArgvInput), Object(Symfony\\Component\\Console\\Output\\ConsoleOutput))
#32 C:\\Users\\hp\\Documents\\ResumeLayout\\WebProject\\ums-app\\artisan(37): Illuminate\\Foundation\\Console\\Kernel->handle(Object(Symfony\\Component\\Console\\Input\\ArgvInput), Object(Symfony\\Component\\Console\\Output\\ConsoleOutput))
#33 {main}
"} 
[2026-05-29 15:01:58] local.ERROR: There are no commands defined in the "l5-swagger" namespace. {"exception":"[object] (Symfony\\Component\\Console\\Exception\\NamespaceNotFoundException(code: 0): There are no commands defined in the \"l5-swagger\" namespace. at C:\\Users\\hp\\Documents\\ResumeLayout\\WebProject\\ums-app\\vendor\\symfony\\console\\Application.php:650)
[stacktrace]
#0 C:\\Users\\hp\\Documents\\ResumeLayout\\WebProject\\ums-app\\vendor\\symfony\\console\\Application.php(701): Symfony\\Component\\Console\\Application->findNamespace('l5-swagger')
#1 C:\\Users\\hp\\Documents\\ResumeLayout\\WebProject\\ums-app\\vendor\\symfony\\console\\Application.php(259): Symfony\\Component\\Console\\Application->find('l5-swagger:gene...')
#2 C:\\Users\\hp\\Documents\\ResumeLayout\\WebProject\\ums-app\\vendor\\symfony\\console\\Application.php(171): Symfony\\Component\\Console\\Application->doRun(Object(Symfony\\Component\\Console\\Input\\ArgvInput), Object(Symfony\\Component\\Console\\Output\\ConsoleOutput))
#3 C:\\Users\\hp\\Documents\\ResumeLayout\\WebProject\\ums-app\\vendor\\laravel\\framework\\src\\Illuminate\\Console\\Application.php(94): Symfony\\Component\\Console\\Application->run(Object(Symfony\\Component\\Console\\Input\\ArgvInput), Object(Symfony\\Component\\Console\\Output\\ConsoleOutput))
#4 C:\\Users\\hp\\Documents\\ResumeLayout\\WebProject\\ums-app\\vendor\\laravel\\framework\\src\\Illuminate\\Foundation\\Console\\Kernel.php(129): Illuminate\\Console\\Application->run(Object(Symfony\\Component\\Console\\Input\\ArgvInput), Object(Symfony\\Component\\Console\\Output\\ConsoleOutput))
#5 C:\\Users\\hp\\Documents\\ResumeLayout\\WebProject\\ums-app\\artisan(37): Illuminate\\Foundation\\Console\\Kernel->handle(Object(Symfony\\Component\\Console\\Input\\ArgvInput), Object(Symfony\\Component\\Console\\Output\\ConsoleOutput))
#6 {main}
"} 
[2026-05-29 15:47:50] local.ERROR: Database (database/database.sqlite) does not exist. (SQL: PRAGMA foreign_keys = ON;) {"exception":"[object] (Illuminate\\Database\\QueryException(code: 0): Database (database/database.sqlite) does not exist. (SQL: PRAGMA foreign_keys = ON;) at C:\\Users\\hp\\Documents\\ResumeLayout\\WebProject\\ums-app\\vendor\\laravel\\framework\\src\\Illuminate\\Database\\Connection.php:712)
[stacktrace]
#0 C:\\Users\\hp\\Documents\\ResumeLayout\\WebProject\\ums-app\\vendor\\laravel\\framework\\src\\Illuminate\\Database\\Connection.php(672): Illuminate\\Database\\Connection->runQueryCallback('PRAGMA foreign_...', Array, Object(Closure))
#1 C:\\Users\\hp\\Documents\\ResumeLayout\\WebProject\\ums-app\\vendor\\laravel\\framework\\src\\Illuminate\\Database\\Connection.php(502): Illuminate\\Database\\Connection->run('PRAGMA foreign_...', Array, Object(Closure))
#2 C:\\Users\\hp\\Documents\\ResumeLayout\\WebProject\\ums-app\\vendor\\laravel\\framework\\src\\Illuminate\\Database\\Schema\\Builder.php(340): Illuminate\\Database\\Connection->statement('PRAGMA foreign_...')
#3 C:\\Users\\hp\\Documents\\ResumeLayout\\WebProject\\ums-app\\vendor\\laravel\\framework\\src\\Illuminate\\Database\\SQLiteConnection.php(37): Illuminate\\Database\\Schema\\Builder->enableForeignKeyConstraints()
#4 C:\\Users\\hp\\Documents\\ResumeLayout\\WebProject\\ums-app\\vendor\\laravel\\framework\\src\\Illuminate\\Database\\Connectors\\ConnectionFactory.php(282): Illuminate\\Database\\SQLiteConnection->__construct(Object(Closure), 'database/databa...', '', Array)
#5 C:\\Users\\hp\\Documents\\ResumeLayout\\WebProject\\ums-app\\vendor\\laravel\\framework\\src\\Illuminate\\Database\\Connectors\\ConnectionFactory.php(76): Illuminate\\Database\\Connectors\\ConnectionFactory->createConnection('sqlite', Object(Closure), 'database/databa...', '', Array)
#6 C:\\Users\\hp\\Documents\\ResumeLayout\\WebProject\\ums-app\\vendor\\laravel\\framework\\src\\Illuminate\\Database\\Connectors\\ConnectionFactory.php(50): Illuminate\\Database\\Connectors\\ConnectionFactory->createSingleConnection(Array)
#7 C:\\Users\\hp\\Documents\\ResumeLayout\\WebProject\\ums-app\\vendor\\laravel\\framework\\src\\Illuminate\\Database\\DatabaseManager.php(140): Illuminate\\Database\\Connectors\\ConnectionFactory->make(Array, 'sqlite')
#8 C:\\Users\\hp\\Documents\\ResumeLayout\\WebProject\\ums-app\\vendor\\laravel\\framework\\src\\Illuminate\\Database\\DatabaseManager.php(95): Illuminate\\Database\\DatabaseManager->makeConnection('sqlite')
#9 C:\\Users\\hp\\Documents\\ResumeLayout\\WebProject\\ums-app\\vendor\\laravel\\framework\\src\\Illuminate\\Database\\Eloquent\\Model.php(1653): Illuminate\\Database\\DatabaseManager->connection('sqlite')
#10 C:\\Users\\hp\\Documents\\ResumeLayout\\WebProject\\ums-app\\vendor\\laravel\\framework\\src\\Illuminate\\Database\\Eloquent\\Model.php(1619): Illuminate\\Database\\Eloquent\\Model::resolveConnection(NULL)
#11 C:\\Users\\hp\\Documents\\ResumeLayout\\WebProject\\ums-app\\vendor\\laravel\\framework\\src\\Illuminate\\Database\\Eloquent\\Model.php(1425): Illuminate\\Database\\Eloquent\\Model->getConnection()
#12 C:\\Users\\hp\\Documents\\ResumeLayout\\WebProject\\ums-app\\vendor\\laravel\\framework\\src\\Illuminate\\Database\\Eloquent\\Model.php(1342): Illuminate\\Database\\Eloquent\\Model->newBaseQueryBuilder()
#13 C:\\Users\\hp\\Documents\\ResumeLayout\\WebProject\\ums-app\\vendor\\laravel\\framework\\src\\Illuminate\\Database\\Eloquent\\Model.php(1378): Illuminate\\Database\\Eloquent\\Model->newModelQuery()
#14 C:\\Users\\hp\\Documents\\ResumeLayout\\WebProject\\ums-app\\vendor\\laravel\\framework\\src\\Illuminate\\Database\\Eloquent\\Model.php(1331): Illuminate\\Database\\Eloquent\\Model->newQueryWithoutScopes()
#15 C:\\Users\\hp\\Documents\\ResumeLayout\\WebProject\\ums-app\\vendor\\laravel\\framework\\src\\Illuminate\\Auth\\EloquentUserProvider.php(172): Illuminate\\Database\\Eloquent\\Model->newQuery()
#16 C:\\Users\\hp\\Documents\\ResumeLayout\\WebProject\\ums-app\\vendor\\laravel\\framework\\src\\Illuminate\\Auth\\EloquentUserProvider.php(117): Illuminate\\Auth\\EloquentUserProvider->newModelQuery()
#17 C:\\Users\\hp\\Documents\\ResumeLayout\\WebProject\\ums-app\\vendor\\tymon\\jwt-auth\\src\\JWTGuard.php(124): Illuminate\\Auth\\EloquentUserProvider->retrieveByCredentials(Array)
#18 C:\\Users\\hp\\Documents\\ResumeLayout\\WebProject\\ums-app\\app\\Services\\AuthService.php(21): Tymon\\JWTAuth\\JWTGuard->attempt(Array)
#19 C:\\Users\\hp\\Documents\\ResumeLayout\\WebProject\\ums-app\\app\\Http\\Controllers\\Api\\AuthController.php(40): App\\Services\\AuthService->login('test@test.com', 'wrong')
#20 C:\\Users\\hp\\Documents\\ResumeLayout\\WebProject\\ums-app\\vendor\\laravel\\framework\\src\\Illuminate\\Routing\\Controller.php(54): App\\Http\\Controllers\\Api\\AuthController->login(Object(App\\Http\\Requests\\LoginRequest))
#21 C:\\Users\\hp\\Documents\\ResumeLayout\\WebProject\\ums-app\\vendor\\laravel\\framework\\src\\Illuminate\\Routing\\ControllerDispatcher.php(45): Illuminate\\Routing\\Controller->callAction('login', Array)
#22 C:\\Users\\hp\\Documents\\ResumeLayout\\WebProject\\ums-app\\vendor\\laravel\\framework\\src\\Illuminate\\Routing\\Route.php(262): Illuminate\\Routing\\ControllerDispatcher->dispatch(Object(Illuminate\\Routing\\Route), Object(App\\Http\\Controllers\\Api\\AuthController), 'login')
#23 C:\\Users\\hp\\Documents\\ResumeLayout\\WebProject\\ums-app\\vendor\\laravel\\framework\\src\\Illuminate\\Routing\\Route.php(205): Illuminate\\Routing\\Route->runController()
#24 C:\\Users\\hp\\Documents\\ResumeLayout\\WebProject\\ums-app\\vendor\\laravel\\framework\\src\\Illuminate\\Routing\\Router.php(721): Illuminate\\Routing\\Route->run()
#25 C:\\Users\\hp\\Documents\\ResumeLayout\\WebProject\\ums-app\\vendor\\laravel\\framework\\src\\Illuminate\\Pipeline\\Pipeline.php(128): Illuminate\\Routing\\Router->Illuminate\\Routing\\{closure}(Object(Illuminate\\Http\\Request))
#26 C:\\Users\\hp\\Documents\\ResumeLayout\\WebProject\\ums-app\\vendor\\laravel\\framework\\src\\Illuminate\\Routing\\Middleware\\SubstituteBindings.php(50): Illuminate\\Pipeline\\Pipeline->Illuminate\\Pipeline\\{closure}(Object(Illuminate\\Http\\Request))
#27 C:\\Users\\hp\\Documents\\ResumeLayout\\WebProject\\ums-app\\vendor\\laravel\\framework\\src\\Illuminate\\Pipeline\\Pipeline.php(167): Illuminate\\Routing\\Middleware\\SubstituteBindings->handle(Object(Illuminate\\Http\\Request), Object(Closure))
#28 C:\\Users\\hp\\Documents\\ResumeLayout\\WebProject\\ums-app\\vendor\\laravel\\framework\\src\\Illuminate\\Routing\\Middleware\\ThrottleRequests.php(127): Illuminate\\Pipeline\\Pipeline->Illuminate\\Pipeline\\{closure}(Object(Illuminate\\Http\\Request))
#29 C:\\Users\\hp\\Documents\\ResumeLayout\\WebProject\\ums-app\\vendor\\laravel\\framework\\src\\Illuminate\\Routing\\Middleware\\ThrottleRequests.php(103): Illuminate\\Routing\\Middleware\\ThrottleRequests->handleRequest(Object(Illuminate\\Http\\Request), Object(Closure), Array)
#30 C:\\Users\\hp\\Documents\\ResumeLayout\\WebProject\\ums-app\\vendor\\laravel\\framework\\src\\Illuminate\\Routing\\Middleware\\ThrottleRequests.php(55): Illuminate\\Routing\\Middleware\\ThrottleRequests->handleRequestUsingNamedLimiter(Object(Illuminate\\Http\\Request), Object(Closure), 'api', Object(Closure))
#31 C:\\Users\\hp\\Documents\\ResumeLayout\\WebProject\\ums-app\\vendor\\laravel\\framework\\src\\Illuminate\\Pipeline\\Pipeline.php(167): Illuminate\\Routing\\Middleware\\ThrottleRequests->handle(Object(Illuminate\\Http\\Request), Object(Closure), 'api')
#32 C:\\Users\\hp\\Documents\\ResumeLayout\\WebProject\\ums-app\\vendor\\laravel\\framework\\src\\Illuminate\\Pipeline\\Pipeline.php(103): Illuminate\\Pipeline\\Pipeline->Illuminate\\Pipeline\\{closure}(Object(Illuminate\\Http\\Request))
#33 C:\\Users\\hp\\Documents\\ResumeLayout\\WebProject\\ums-app\\vendor\\laravel\\framework\\src\\Illuminate\\Routing\\Router.php(723): Illuminate\\Pipeline\\Pipeline->then(Object(Closure))
#34 C:\\Users\\hp\\Documents\\ResumeLayout\\WebProject\\ums-app\\vendor\\laravel\\framework\\src\\Illuminate\\Routing\\Router.php(698): Illuminate\\Routing\\Router->runRouteWithinStack(Object(Illuminate\\Routing\\Route), Object(Illuminate\\Http\\Request))
#35 C:\\Users\\hp\\Documents\\ResumeLayout\\WebProject\\ums-app\\vendor\\laravel\\framework\\src\\Illuminate\\Routing\\Router.php(662): Illuminate\\Routing\\Router->runRoute(Object(Illuminate\\Http\\Request), Object(Illuminate\\Routing\\Route))
#36 C:\\Users\\hp\\Documents\\ResumeLayout\\WebProject\\ums-app\\vendor\\laravel\\framework\\src\\Illuminate\\Routing\\Router.php(651): Illuminate\\Routing\\Router->dispatchToRoute(Object(Illuminate\\Http\\Request))
#37 C:\\Users\\hp\\Documents\\ResumeLayout\\WebProject\\ums-app\\vendor\\laravel\\framework\\src\\Illuminate\\Foundation\\Http\\Kernel.php(167): Illuminate\\Routing\\Router->dispatch(Object(Illuminate\\Http\\Request))
#38 C:\\Users\\hp\\Documents\\ResumeLayout\\WebProject\\ums-app\\vendor\\laravel\\framework\\src\\Illuminate\\Pipeline\\Pipeline.php(128): Illuminate\\Foundation\\Http\\Kernel->Illuminate\\Foundation\\Http\\{closure}(Object(Illuminate\\Http\\Request))
#39 C:\\Users\\hp\\Documents\\ResumeLayout\\WebProject\\ums-app\\vendor\\laravel\\framework\\src\\Illuminate\\Foundation\\Http\\Middleware\\TransformsRequest.php(21): Illuminate\\Pipeline\\Pipeline->Illuminate\\Pipeline\\{closure}(Object(Illuminate\\Http\\Request))
#40 C:\\Users\\hp\\Documents\\ResumeLayout\\WebProject\\ums-app\\vendor\\laravel\\framework\\src\\Illuminate\\Foundation\\Http\\Middleware\\ConvertEmptyStringsToNull.php(31): Illuminate\\Foundation\\Http\\Middleware\\TransformsRequest->handle(Object(Illuminate\\Http\\Request), Object(Closure))
#41 C:\\Users\\hp\\Documents\\ResumeLayout\\WebProject\\ums-app\\vendor\\laravel\\framework\\src\\Illuminate\\Pipeline\\Pipeline.php(167): Illuminate\\Foundation\\Http\\Middleware\\ConvertEmptyStringsToNull->handle(Object(Illuminate\\Http\\Request), Object(Closure))
#42 C:\\Users\\hp\\Documents\\ResumeLayout\\WebProject\\ums-app\\vendor\\laravel\\framework\\src\\Illuminate\\Foundation\\Http\\Middleware\\TransformsRequest.php(21): Illuminate\\Pipeline\\Pipeline->Illuminate\\Pipeline\\{closure}(Object(Illuminate\\Http\\Request))
#43 C:\\Users\\hp\\Documents\\ResumeLayout\\WebProject\\ums-app\\vendor\\laravel\\framework\\src\\Illuminate\\Foundation\\Http\\Middleware\\TrimStrings.php(40): Illuminate\\Foundation\\Http\\Middleware\\TransformsRequest->handle(Object(Illuminate\\Http\\Request), Object(Closure))
#44 C:\\Users\\hp\\Documents\\ResumeLayout\\WebProject\\ums-app\\vendor\\laravel\\framework\\src\\Illuminate\\Pipeline\\Pipeline.php(167): Illuminate\\Foundation\\Http\\Middleware\\TrimStrings->handle(Object(Illuminate\\Http\\Request), Object(Closure))
#45 C:\\Users\\hp\\Documents\\ResumeLayout\\WebProject\\ums-app\\vendor\\laravel\\framework\\src\\Illuminate\\Foundation\\Http\\Middleware\\ValidatePostSize.php(27): Illuminate\\Pipeline\\Pipeline->Illuminate\\Pipeline\\{closure}(Object(Illuminate\\Http\\Request))
#46 C:\\Users\\hp\\Documents\\ResumeLayout\\WebProject\\ums-app\\vendor\\laravel\\framework\\src\\Illuminate\\Pipeline\\Pipeline.php(167): Illuminate\\Foundation\\Http\\Middleware\\ValidatePostSize->handle(Object(Illuminate\\Http\\Request), Object(Closure))
#47 C:\\Users\\hp\\Documents\\ResumeLayout\\WebProject\\ums-app\\vendor\\laravel\\framework\\src\\Illuminate\\Foundation\\Http\\Middleware\\PreventRequestsDuringMaintenance.php(86): Illuminate\\Pipeline\\Pipeline->Illuminate\\Pipeline\\{closure}(Object(Illuminate\\Http\\Request))
#48 C:\\Users\\hp\\Documents\\ResumeLayout\\WebProject\\ums-app\\vendor\\laravel\\framework\\src\\Illuminate\\Pipeline\\Pipeline.php(167): Illuminate\\Foundation\\Http\\Middleware\\PreventRequestsDuringMaintenance->handle(Object(Illuminate\\Http\\Request), Object(Closure))
#49 C:\\Users\\hp\\Documents\\ResumeLayout\\WebProject\\ums-app\\vendor\\fruitcake\\laravel-cors\\src\\HandleCors.php(52): Illuminate\\Pipeline\\Pipeline->Illuminate\\Pipeline\\{closure}(Object(Illuminate\\Http\\Request))
#50 C:\\Users\\hp\\Documents\\ResumeLayout\\WebProject\\ums-app\\vendor\\laravel\\framework\\src\\Illuminate\\Pipeline\\Pipeline.php(167): Fruitcake\\Cors\\HandleCors->handle(Object(Illuminate\\Http\\Request), Object(Closure))
#51 C:\\Users\\hp\\Documents\\ResumeLayout\\WebProject\\ums-app\\vendor\\fideloper\\proxy\\src\\TrustProxies.php(57): Illuminate\\Pipeline\\Pipeline->Illuminate\\Pipeline\\{closure}(Object(Illuminate\\Http\\Request))
#52 C:\\Users\\hp\\Documents\\ResumeLayout\\WebProject\\ums-app\\vendor\\laravel\\framework\\src\\Illuminate\\Pipeline\\Pipeline.php(167): Fideloper\\Proxy\\TrustProxies->handle(Object(Illuminate\\Http\\Request), Object(Closure))
#53 C:\\Users\\hp\\Documents\\ResumeLayout\\WebProject\\ums-app\\vendor\\laravel\\framework\\src\\Illuminate\\Pipeline\\Pipeline.php(103): Illuminate\\Pipeline\\Pipeline->Illuminate\\Pipeline\\{closure}(Object(Illuminate\\Http\\Request))
#54 C:\\Users\\hp\\Documents\\ResumeLayout\\WebProject\\ums-app\\vendor\\laravel\\framework\\src\\Illuminate\\Foundation\\Http\\Kernel.php(142): Illuminate\\Pipeline\\Pipeline->then(Object(Closure))
#55 C:\\Users\\hp\\Documents\\ResumeLayout\\WebProject\\ums-app\\vendor\\laravel\\framework\\src\\Illuminate\\Foundation\\Http\\Kernel.php(111): Illuminate\\Foundation\\Http\\Kernel->sendRequestThroughRouter(Object(Illuminate\\Http\\Request))
#56 C:\\Users\\hp\\Documents\\ResumeLayout\\WebProject\\ums-app\\public\\index.php(52): Illuminate\\Foundation\\Http\\Kernel->handle(Object(Illuminate\\Http\\Request))
#57 C:\\Users\\hp\\Documents\\ResumeLayout\\WebProject\\ums-app\\server.php(21): require_once('C:\\\\Users\\\\hp\\\\Doc...')
#58 {main}

[previous exception] [object] (InvalidArgumentException(code: 0): Database (database/database.sqlite) does not exist. at C:\\Users\\hp\\Documents\\ResumeLayout\\WebProject\\ums-app\\vendor\\laravel\\framework\\src\\Illuminate\\Database\\Connectors\\SQLiteConnector.php:34)
[stacktrace]
#0 C:\\Users\\hp\\Documents\\ResumeLayout\\WebProject\\ums-app\\vendor\\laravel\\framework\\src\\Illuminate\\Database\\Connectors\\ConnectionFactory.php(222): Illuminate\\Database\\Connectors\\SQLiteConnector->connect(Array)
#1 [internal function]: Illuminate\\Database\\Connectors\\ConnectionFactory->Illuminate\\Database\\Connectors\\{closure}()
#2 C:\\Users\\hp\\Documents\\ResumeLayout\\WebProject\\ums-app\\vendor\\laravel\\framework\\src\\Illuminate\\Database\\Connection.php(1064): call_user_func(Object(Closure))
#3 C:\\Users\\hp\\Documents\\ResumeLayout\\WebProject\\ums-app\\vendor\\laravel\\framework\\src\\Illuminate\\Database\\Connection.php(495): Illuminate\\Database\\Connection->getPdo()
#4 C:\\Users\\hp\\Documents\\ResumeLayout\\WebProject\\ums-app\\vendor\\laravel\\framework\\src\\Illuminate\\Database\\Connection.php(705): Illuminate\\Database\\Connection->Illuminate\\Database\\{closure}('PRAGMA foreign_...', Array)
#5 C:\\Users\\hp\\Documents\\ResumeLayout\\WebProject\\ums-app\\vendor\\laravel\\framework\\src\\Illuminate\\Database\\Connection.php(672): Illuminate\\Database\\Connection->runQueryCallback('PRAGMA foreign_...', Array, Object(Closure))
#6 C:\\Users\\hp\\Documents\\ResumeLayout\\WebProject\\ums-app\\vendor\\laravel\\framework\\src\\Illuminate\\Database\\Connection.php(502): Illuminate\\Database\\Connection->run('PRAGMA foreign_...', Array, Object(Closure))
#7 C:\\Users\\hp\\Documents\\ResumeLayout\\WebProject\\ums-app\\vendor\\laravel\\framework\\src\\Illuminate\\Database\\Schema\\Builder.php(340): Illuminate\\Database\\Connection->statement('PRAGMA foreign_...')
#8 C:\\Users\\hp\\Documents\\ResumeLayout\\WebProject\\ums-app\\vendor\\laravel\\framework\\src\\Illuminate\\Database\\SQLiteConnection.php(37): Illuminate\\Database\\Schema\\Builder->enableForeignKeyConstraints()
#9 C:\\Users\\hp\\Documents\\ResumeLayout\\WebProject\\ums-app\\vendor\\laravel\\framework\\src\\Illuminate\\Database\\Connectors\\ConnectionFactory.php(282): Illuminate\\Database\\SQLiteConnection->__construct(Object(Closure), 'database/databa...', '', Array)
#10 C:\\Users\\hp\\Documents\\ResumeLayout\\WebProject\\ums-app\\vendor\\laravel\\framework\\src\\Illuminate\\Database\\Connectors\\ConnectionFactory.php(76): Illuminate\\Database\\Connectors\\ConnectionFactory->createConnection('sqlite', Object(Closure), 'database/databa...', '', Array)
#11 C:\\Users\\hp\\Documents\\ResumeLayout\\WebProject\\ums-app\\vendor\\laravel\\framework\\src\\Illuminate\\Database\\Connectors\\ConnectionFactory.php(50): Illuminate\\Database\\Connectors\\ConnectionFactory->createSingleConnection(Array)
#12 C:\\Users\\hp\\Documents\\ResumeLayout\\WebProject\\ums-app\\vendor\\laravel\\framework\\src\\Illuminate\\Database\\DatabaseManager.php(140): Illuminate\\Database\\Connectors\\ConnectionFactory->make(Array, 'sqlite')
#13 C:\\Users\\hp\\Documents\\ResumeLayout\\WebProject\\ums-app\\vendor\\laravel\\framework\\src\\Illuminate\\Database\\DatabaseManager.php(95): Illuminate\\Database\\DatabaseManager->makeConnection('sqlite')
#14 C:\\Users\\hp\\Documents\\ResumeLayout\\WebProject\\ums-app\\vendor\\laravel\\framework\\src\\Illuminate\\Database\\Eloquent\\Model.php(1653): Illuminate\\Database\\DatabaseManager->connection('sqlite')
#15 C:\\Users\\hp\\Documents\\ResumeLayout\\WebProject\\ums-app\\vendor\\laravel\\framework\\src\\Illuminate\\Database\\Eloquent\\Model.php(1619): Illuminate\\Database\\Eloquent\\Model::resolveConnection(NULL)
#16 C:\\Users\\hp\\Documents\\ResumeLayout\\WebProject\\ums-app\\vendor\\laravel\\framework\\src\\Illuminate\\Database\\Eloquent\\Model.php(1425): Illuminate\\Database\\Eloquent\\Model->getConnection()
#17 C:\\Users\\hp\\Documents\\ResumeLayout\\WebProject\\ums-app\\vendor\\laravel\\framework\\src\\Illuminate\\Database\\Eloquent\\Model.php(1342): Illuminate\\Database\\Eloquent\\Model->newBaseQueryBuilder()
#18 C:\\Users\\hp\\Documents\\ResumeLayout\\WebProject\\ums-app\\vendor\\laravel\\framework\\src\\Illuminate\\Database\\Eloquent\\Model.php(1378): Illuminate\\Database\\Eloquent\\Model->newModelQuery()
#19 C:\\Users\\hp\\Documents\\ResumeLayout\\WebProject\\ums-app\\vendor\\laravel\\framework\\src\\Illuminate\\Database\\Eloquent\\Model.php(1331): Illuminate\\Database\\Eloquent\\Model->newQueryWithoutScopes()
#20 C:\\Users\\hp\\Documents\\ResumeLayout\\WebProject\\ums-app\\vendor\\laravel\\framework\\src\\Illuminate\\Auth\\EloquentUserProvider.php(172): Illuminate\\Database\\Eloquent\\Model->newQuery()
#21 C:\\Users\\hp\\Documents\\ResumeLayout\\WebProject\\ums-app\\vendor\\laravel\\framework\\src\\Illuminate\\Auth\\EloquentUserProvider.php(117): Illuminate\\Auth\\EloquentUserProvider->newModelQuery()
#22 C:\\Users\\hp\\Documents\\ResumeLayout\\WebProject\\ums-app\\vendor\\tymon\\jwt-auth\\src\\JWTGuard.php(124): Illuminate\\Auth\\EloquentUserProvider->retrieveByCredentials(Array)
#23 C:\\Users\\hp\\Documents\\ResumeLayout\\WebProject\\ums-app\\app\\Services\\AuthService.php(21): Tymon\\JWTAuth\\JWTGuard->attempt(Array)
#24 C:\\Users\\hp\\Documents\\ResumeLayout\\WebProject\\ums-app\\app\\Http\\Controllers\\Api\\AuthController.php(40): App\\Services\\AuthService->login('test@test.com', 'wrong')
#25 C:\\Users\\hp\\Documents\\ResumeLayout\\WebProject\\ums-app\\vendor\\laravel\\framework\\src\\Illuminate\\Routing\\Controller.php(54): App\\Http\\Controllers\\Api\\AuthController->login(Object(App\\Http\\Requests\\LoginRequest))
#26 C:\\Users\\hp\\Documents\\ResumeLayout\\WebProject\\ums-app\\vendor\\laravel\\framework\\src\\Illuminate\\Routing\\ControllerDispatcher.php(45): Illuminate\\Routing\\Controller->callAction('login', Array)
#27 C:\\Users\\hp\\Documents\\ResumeLayout\\WebProject\\ums-app\\vendor\\laravel\\framework\\src\\Illuminate\\Routing\\Route.php(262): Illuminate\\Routing\\ControllerDispatcher->dispatch(Object(Illuminate\\Routing\\Route), Object(App\\Http\\Controllers\\Api\\AuthController), 'login')
#28 C:\\Users\\hp\\Documents\\ResumeLayout\\WebProject\\ums-app\\vendor\\laravel\\framework\\src\\Illuminate\\Routing\\Route.php(205): Illuminate\\Routing\\Route->runController()
#29 C:\\Users\\hp\\Documents\\ResumeLayout\\WebProject\\ums-app\\vendor\\laravel\\framework\\src\\Illuminate\\Routing\\Router.php(721): Illuminate\\Routing\\Route->run()
#30 C:\\Users\\hp\\Documents\\ResumeLayout\\WebProject\\ums-app\\vendor\\laravel\\framework\\src\\Illuminate\\Pipeline\\Pipeline.php(128): Illuminate\\Routing\\Router->Illuminate\\Routing\\{closure}(Object(Illuminate\\Http\\Request))
#31 C:\\Users\\hp\\Documents\\ResumeLayout\\WebProject\\ums-app\\vendor\\laravel\\framework\\src\\Illuminate\\Routing\\Middleware\\SubstituteBindings.php(50): Illuminate\\Pipeline\\Pipeline->Illuminate\\Pipeline\\{closure}(Object(Illuminate\\Http\\Request))
#32 C:\\Users\\hp\\Documents\\ResumeLayout\\WebProject\\ums-app\\vendor\\laravel\\framework\\src\\Illuminate\\Pipeline\\Pipeline.php(167): Illuminate\\Routing\\Middleware\\SubstituteBindings->handle(Object(Illuminate\\Http\\Request), Object(Closure))
#33 C:\\Users\\hp\\Documents\\ResumeLayout\\WebProject\\ums-app\\vendor\\laravel\\framework\\src\\Illuminate\\Routing\\Middleware\\ThrottleRequests.php(127): Illuminate\\Pipeline\\Pipeline->Illuminate\\Pipeline\\{closure}(Object(Illuminate\\Http\\Request))
#34 C:\\Users\\hp\\Documents\\ResumeLayout\\WebProject\\ums-app\\vendor\\laravel\\framework\\src\\Illuminate\\Routing\\Middleware\\ThrottleRequests.php(103): Illuminate\\Routing\\Middleware\\ThrottleRequests->handleRequest(Object(Illuminate\\Http\\Request), Object(Closure), Array)
#35 C:\\Users\\hp\\Documents\\ResumeLayout\\WebProject\\ums-app\\vendor\\laravel\\framework\\src\\Illuminate\\Routing\\Middleware\\ThrottleRequests.php(55): Illuminate\\Routing\\Middleware\\ThrottleRequests->handleRequestUsingNamedLimiter(Object(Illuminate\\Http\\Request), Object(Closure), 'api', Object(Closure))
#36 C:\\Users\\hp\\Documents\\ResumeLayout\\WebProject\\ums-app\\vendor\\laravel\\framework\\src\\Illuminate\\Pipeline\\Pipeline.php(167): Illuminate\\Routing\\Middleware\\ThrottleRequests->handle(Object(Illuminate\\Http\\Request), Object(Closure), 'api')
#37 C:\\Users\\hp\\Documents\\ResumeLayout\\WebProject\\ums-app\\vendor\\laravel\\framework\\src\\Illuminate\\Pipeline\\Pipeline.php(103): Illuminate\\Pipeline\\Pipeline->Illuminate\\Pipeline\\{closure}(Object(Illuminate\\Http\\Request))
#38 C:\\Users\\hp\\Documents\\ResumeLayout\\WebProject\\ums-app\\vendor\\laravel\\framework\\src\\Illuminate\\Routing\\Router.php(723): Illuminate\\Pipeline\\Pipeline->then(Object(Closure))
#39 C:\\Users\\hp\\Documents\\ResumeLayout\\WebProject\\ums-app\\vendor\\laravel\\framework\\src\\Illuminate\\Routing\\Router.php(698): Illuminate\\Routing\\Router->runRouteWithinStack(Object(Illuminate\\Routing\\Route), Object(Illuminate\\Http\\Request))
#40 C:\\Users\\hp\\Documents\\ResumeLayout\\WebProject\\ums-app\\vendor\\laravel\\framework\\src\\Illuminate\\Routing\\Router.php(662): Illuminate\\Routing\\Router->runRoute(Object(Illuminate\\Http\\Request), Object(Illuminate\\Routing\\Route))
#41 C:\\Users\\hp\\Documents\\ResumeLayout\\WebProject\\ums-app\\vendor\\laravel\\framework\\src\\Illuminate\\Routing\\Router.php(651): Illuminate\\Routing\\Router->dispatchToRoute(Object(Illuminate\\Http\\Request))
#42 C:\\Users\\hp\\Documents\\ResumeLayout\\WebProject\\ums-app\\vendor\\laravel\\framework\\src\\Illuminate\\Foundation\\Http\\Kernel.php(167): Illuminate\\Routing\\Router->dispatch(Object(Illuminate\\Http\\Request))
#43 C:\\Users\\hp\\Documents\\ResumeLayout\\WebProject\\ums-app\\vendor\\laravel\\framework\\src\\Illuminate\\Pipeline\\Pipeline.php(128): Illuminate\\Foundation\\Http\\Kernel->Illuminate\\Foundation\\Http\\{closure}(Object(Illuminate\\Http\\Request))
#44 C:\\Users\\hp\\Documents\\ResumeLayout\\WebProject\\ums-app\\vendor\\laravel\\framework\\src\\Illuminate\\Foundation\\Http\\Middleware\\TransformsRequest.php(21): Illuminate\\Pipeline\\Pipeline->Illuminate\\Pipeline\\{closure}(Object(Illuminate\\Http\\Request))
#45 C:\\Users\\hp\\Documents\\ResumeLayout\\WebProject\\ums-app\\vendor\\laravel\\framework\\src\\Illuminate\\Foundation\\Http\\Middleware\\ConvertEmptyStringsToNull.php(31): Illuminate\\Foundation\\Http\\Middleware\\TransformsRequest->handle(Object(Illuminate\\Http\\Request), Object(Closure))
#46 C:\\Users\\hp\\Documents\\ResumeLayout\\WebProject\\ums-app\\vendor\\laravel\\framework\\src\\Illuminate\\Pipeline\\Pipeline.php(167): Illuminate\\Foundation\\Http\\Middleware\\ConvertEmptyStringsToNull->handle(Object(Illuminate\\Http\\Request), Object(Closure))
#47 C:\\Users\\hp\\Documents\\ResumeLayout\\WebProject\\ums-app\\vendor\\laravel\\framework\\src\\Illuminate\\Foundation\\Http\\Middleware\\TransformsRequest.php(21): Illuminate\\Pipeline\\Pipeline->Illuminate\\Pipeline\\{closure}(Object(Illuminate\\Http\\Request))
#48 C:\\Users\\hp\\Documents\\ResumeLayout\\WebProject\\ums-app\\vendor\\laravel\\framework\\src\\Illuminate\\Foundation\\Http\\Middleware\\TrimStrings.php(40): Illuminate\\Foundation\\Http\\Middleware\\TransformsRequest->handle(Object(Illuminate\\Http\\Request), Object(Closure))
#49 C:\\Users\\hp\\Documents\\ResumeLayout\\WebProject\\ums-app\\vendor\\laravel\\framework\\src\\Illuminate\\Pipeline\\Pipeline.php(167): Illuminate\\Foundation\\Http\\Middleware\\TrimStrings->handle(Object(Illuminate\\Http\\Request), Object(Closure))
#50 C:\\Users\\hp\\Documents\\ResumeLayout\\WebProject\\ums-app\\vendor\\laravel\\framework\\src\\Illuminate\\Foundation\\Http\\Middleware\\ValidatePostSize.php(27): Illuminate\\Pipeline\\Pipeline->Illuminate\\Pipeline\\{closure}(Object(Illuminate\\Http\\Request))
#51 C:\\Users\\hp\\Documents\\ResumeLayout\\WebProject\\ums-app\\vendor\\laravel\\framework\\src\\Illuminate\\Pipeline\\Pipeline.php(167): Illuminate\\Foundation\\Http\\Middleware\\ValidatePostSize->handle(Object(Illuminate\\Http\\Request), Object(Closure))
#52 C:\\Users\\hp\\Documents\\ResumeLayout\\WebProject\\ums-app\\vendor\\laravel\\framework\\src\\Illuminate\\Foundation\\Http\\Middleware\\PreventRequestsDuringMaintenance.php(86): Illuminate\\Pipeline\\Pipeline->Illuminate\\Pipeline\\{closure}(Object(Illuminate\\Http\\Request))
#53 C:\\Users\\hp\\Documents\\ResumeLayout\\WebProject\\ums-app\\vendor\\laravel\\framework\\src\\Illuminate\\Pipeline\\Pipeline.php(167): Illuminate\\Foundation\\Http\\Middleware\\PreventRequestsDuringMaintenance->handle(Object(Illuminate\\Http\\Request), Object(Closure))
#54 C:\\Users\\hp\\Documents\\ResumeLayout\\WebProject\\ums-app\\vendor\\fruitcake\\laravel-cors\\src\\HandleCors.php(52): Illuminate\\Pipeline\\Pipeline->Illuminate\\Pipeline\\{closure}(Object(Illuminate\\Http\\Request))
#55 C:\\Users\\hp\\Documents\\ResumeLayout\\WebProject\\ums-app\\vendor\\laravel\\framework\\src\\Illuminate\\Pipeline\\Pipeline.php(167): Fruitcake\\Cors\\HandleCors->handle(Object(Illuminate\\Http\\Request), Object(Closure))
#56 C:\\Users\\hp\\Documents\\ResumeLayout\\WebProject\\ums-app\\vendor\\fideloper\\proxy\\src\\TrustProxies.php(57): Illuminate\\Pipeline\\Pipeline->Illuminate\\Pipeline\\{closure}(Object(Illuminate\\Http\\Request))
#57 C:\\Users\\hp\\Documents\\ResumeLayout\\WebProject\\ums-app\\vendor\\laravel\\framework\\src\\Illuminate\\Pipeline\\Pipeline.php(167): Fideloper\\Proxy\\TrustProxies->handle(Object(Illuminate\\Http\\Request), Object(Closure))
#58 C:\\Users\\hp\\Documents\\ResumeLayout\\WebProject\\ums-app\\vendor\\laravel\\framework\\src\\Illuminate\\Pipeline\\Pipeline.php(103): Illuminate\\Pipeline\\Pipeline->Illuminate\\Pipeline\\{closure}(Object(Illuminate\\Http\\Request))
#59 C:\\Users\\hp\\Documents\\ResumeLayout\\WebProject\\ums-app\\vendor\\laravel\\framework\\src\\Illuminate\\Foundation\\Http\\Kernel.php(142): Illuminate\\Pipeline\\Pipeline->then(Object(Closure))
#60 C:\\Users\\hp\\Documents\\ResumeLayout\\WebProject\\ums-app\\vendor\\laravel\\framework\\src\\Illuminate\\Foundation\\Http\\Kernel.php(111): Illuminate\\Foundation\\Http\\Kernel->sendRequestThroughRouter(Object(Illuminate\\Http\\Request))
#61 C:\\Users\\hp\\Documents\\ResumeLayout\\WebProject\\ums-app\\public\\index.php(52): Illuminate\\Foundation\\Http\\Kernel->handle(Object(Illuminate\\Http\\Request))
#62 C:\\Users\\hp\\Documents\\ResumeLayout\\WebProject\\ums-app\\server.php(21): require_once('C:\\\\Users\\\\hp\\\\Doc...')
#63 {main}
"} 
[2026-05-29 15:48:08] local.ERROR: SQLSTATE[HY000] [14] unable to open database file (SQL: PRAGMA foreign_keys = ON;) {"exception":"[object] (Illuminate\\Database\\QueryException(code: 14): SQLSTATE[HY000] [14] unable to open database file (SQL: PRAGMA foreign_keys = ON;) at C:\\Users\\hp\\Documents\\ResumeLayout\\WebProject\\ums-app\\vendor\\laravel\\framework\\src\\Illuminate\\Database\\Connection.php:712)
[stacktrace]
#0 C:\\Users\\hp\\Documents\\ResumeLayout\\WebProject\\ums-app\\vendor\\laravel\\framework\\src\\Illuminate\\Database\\Connection.php(672): Illuminate\\Database\\Connection->runQueryCallback('PRAGMA foreign_...', Array, Object(Closure))
#1 C:\\Users\\hp\\Documents\\ResumeLayout\\WebProject\\ums-app\\vendor\\laravel\\framework\\src\\Illuminate\\Database\\Connection.php(502): Illuminate\\Database\\Connection->run('PRAGMA foreign_...', Array, Object(Closure))
#2 C:\\Users\\hp\\Documents\\ResumeLayout\\WebProject\\ums-app\\vendor\\laravel\\framework\\src\\Illuminate\\Database\\Schema\\Builder.php(340): Illuminate\\Database\\Connection->statement('PRAGMA foreign_...')
#3 C:\\Users\\hp\\Documents\\ResumeLayout\\WebProject\\ums-app\\vendor\\laravel\\framework\\src\\Illuminate\\Database\\SQLiteConnection.php(37): Illuminate\\Database\\Schema\\Builder->enableForeignKeyConstraints()
#4 C:\\Users\\hp\\Documents\\ResumeLayout\\WebProject\\ums-app\\vendor\\laravel\\framework\\src\\Illuminate\\Database\\Connectors\\ConnectionFactory.php(282): Illuminate\\Database\\SQLiteConnection->__construct(Object(Closure), '', '', Array)
#5 C:\\Users\\hp\\Documents\\ResumeLayout\\WebProject\\ums-app\\vendor\\laravel\\framework\\src\\Illuminate\\Database\\Connectors\\ConnectionFactory.php(76): Illuminate\\Database\\Connectors\\ConnectionFactory->createConnection('sqlite', Object(Closure), '', '', Array)
#6 C:\\Users\\hp\\Documents\\ResumeLayout\\WebProject\\ums-app\\vendor\\laravel\\framework\\src\\Illuminate\\Database\\Connectors\\ConnectionFactory.php(50): Illuminate\\Database\\Connectors\\ConnectionFactory->createSingleConnection(Array)
#7 C:\\Users\\hp\\Documents\\ResumeLayout\\WebProject\\ums-app\\vendor\\laravel\\framework\\src\\Illuminate\\Database\\DatabaseManager.php(140): Illuminate\\Database\\Connectors\\ConnectionFactory->make(Array, 'sqlite')
#8 C:\\Users\\hp\\Documents\\ResumeLayout\\WebProject\\ums-app\\vendor\\laravel\\framework\\src\\Illuminate\\Database\\DatabaseManager.php(95): Illuminate\\Database\\DatabaseManager->makeConnection('sqlite')
#9 C:\\Users\\hp\\Documents\\ResumeLayout\\WebProject\\ums-app\\vendor\\laravel\\framework\\src\\Illuminate\\Database\\Migrations\\DatabaseMigrationRepository.php(211): Illuminate\\Database\\DatabaseManager->connection('sqlite')
#10 C:\\Users\\hp\\Documents\\ResumeLayout\\WebProject\\ums-app\\vendor\\laravel\\framework\\src\\Illuminate\\Database\\Migrations\\DatabaseMigrationRepository.php(167): Illuminate\\Database\\Migrations\\DatabaseMigrationRepository->getConnection()
#11 C:\\Users\\hp\\Documents\\ResumeLayout\\WebProject\\ums-app\\vendor\\laravel\\framework\\src\\Illuminate\\Database\\Migrations\\Migrator.php(673): Illuminate\\Database\\Migrations\\DatabaseMigrationRepository->repositoryExists()
#12 C:\\Users\\hp\\Documents\\ResumeLayout\\WebProject\\ums-app\\vendor\\laravel\\framework\\src\\Illuminate\\Database\\Console\\Migrations\\MigrateCommand.php(110): Illuminate\\Database\\Migrations\\Migrator->repositoryExists()
#13 C:\\Users\\hp\\Documents\\ResumeLayout\\WebProject\\ums-app\\vendor\\laravel\\framework\\src\\Illuminate\\Database\\Console\\Migrations\\MigrateCommand.php(78): Illuminate\\Database\\Console\\Migrations\\MigrateCommand->prepareDatabase()
#14 C:\\Users\\hp\\Documents\\ResumeLayout\\WebProject\\ums-app\\vendor\\laravel\\framework\\src\\Illuminate\\Database\\Migrations\\Migrator.php(606): Illuminate\\Database\\Console\\Migrations\\MigrateCommand->Illuminate\\Database\\Console\\Migrations\\{closure}()
#15 C:\\Users\\hp\\Documents\\ResumeLayout\\WebProject\\ums-app\\vendor\\laravel\\framework\\src\\Illuminate\\Database\\Console\\Migrations\\MigrateCommand.php(98): Illuminate\\Database\\Migrations\\Migrator->usingConnection(NULL, Object(Closure))
#16 C:\\Users\\hp\\Documents\\ResumeLayout\\WebProject\\ums-app\\vendor\\laravel\\framework\\src\\Illuminate\\Container\\BoundMethod.php(36): Illuminate\\Database\\Console\\Migrations\\MigrateCommand->handle()
#17 C:\\Users\\hp\\Documents\\ResumeLayout\\WebProject\\ums-app\\vendor\\laravel\\framework\\src\\Illuminate\\Container\\Util.php(40): Illuminate\\Container\\BoundMethod::Illuminate\\Container\\{closure}()
#18 C:\\Users\\hp\\Documents\\ResumeLayout\\WebProject\\ums-app\\vendor\\laravel\\framework\\src\\Illuminate\\Container\\BoundMethod.php(93): Illuminate\\Container\\Util::unwrapIfClosure(Object(Closure))
#19 C:\\Users\\hp\\Documents\\ResumeLayout\\WebProject\\ums-app\\vendor\\laravel\\framework\\src\\Illuminate\\Container\\BoundMethod.php(37): Illuminate\\Container\\BoundMethod::callBoundMethod(Object(Illuminate\\Foundation\\Application), Array, Object(Closure))
#20 C:\\Users\\hp\\Documents\\ResumeLayout\\WebProject\\ums-app\\vendor\\laravel\\framework\\src\\Illuminate\\Container\\Container.php(653): Illuminate\\Container\\BoundMethod::call(Object(Illuminate\\Foundation\\Application), Array, Array, NULL)
#21 C:\\Users\\hp\\Documents\\ResumeLayout\\WebProject\\ums-app\\vendor\\laravel\\framework\\src\\Illuminate\\Console\\Command.php(136): Illuminate\\Container\\Container->call(Array)
#22 C:\\Users\\hp\\Documents\\ResumeLayout\\WebProject\\ums-app\\vendor\\symfony\\console\\Command\\Command.php(298): Illuminate\\Console\\Command->execute(Object(Symfony\\Component\\Console\\Input\\ArgvInput), Object(Illuminate\\Console\\OutputStyle))
#23 C:\\Users\\hp\\Documents\\ResumeLayout\\WebProject\\ums-app\\vendor\\laravel\\framework\\src\\Illuminate\\Console\\Command.php(121): Symfony\\Component\\Console\\Command\\Command->run(Object(Symfony\\Component\\Console\\Input\\ArgvInput), Object(Illuminate\\Console\\OutputStyle))
#24 C:\\Users\\hp\\Documents\\ResumeLayout\\WebProject\\ums-app\\vendor\\symfony\\console\\Application.php(1040): Illuminate\\Console\\Command->run(Object(Symfony\\Component\\Console\\Input\\ArgvInput), Object(Symfony\\Component\\Console\\Output\\ConsoleOutput))
#25 C:\\Users\\hp\\Documents\\ResumeLayout\\WebProject\\ums-app\\vendor\\symfony\\console\\Application.php(301): Symfony\\Component\\Console\\Application->doRunCommand(Object(Illuminate\\Database\\Console\\Migrations\\MigrateCommand), Object(Symfony\\Component\\Console\\Input\\ArgvInput), Object(Symfony\\Component\\Console\\Output\\ConsoleOutput))
#26 C:\\Users\\hp\\Documents\\ResumeLayout\\WebProject\\ums-app\\vendor\\symfony\\console\\Application.php(171): Symfony\\Component\\Console\\Application->doRun(Object(Symfony\\Component\\Console\\Input\\ArgvInput), Object(Symfony\\Component\\Console\\Output\\ConsoleOutput))
#27 C:\\Users\\hp\\Documents\\ResumeLayout\\WebProject\\ums-app\\vendor\\laravel\\framework\\src\\Illuminate\\Console\\Application.php(94): Symfony\\Component\\Console\\Application->run(Object(Symfony\\Component\\Console\\Input\\ArgvInput), Object(Symfony\\Component\\Console\\Output\\ConsoleOutput))
#28 C:\\Users\\hp\\Documents\\ResumeLayout\\WebProject\\ums-app\\vendor\\laravel\\framework\\src\\Illuminate\\Foundation\\Console\\Kernel.php(129): Illuminate\\Console\\Application->run(Object(Symfony\\Component\\Console\\Input\\ArgvInput), Object(Symfony\\Component\\Console\\Output\\ConsoleOutput))
#29 C:\\Users\\hp\\Documents\\ResumeLayout\\WebProject\\ums-app\\artisan(37): Illuminate\\Foundation\\Console\\Kernel->handle(Object(Symfony\\Component\\Console\\Input\\ArgvInput), Object(Symfony\\Component\\Console\\Output\\ConsoleOutput))
#30 {main}

[previous exception] [object] (PDOException(code: 14): SQLSTATE[HY000] [14] unable to open database file at C:\\Users\\hp\\Documents\\ResumeLayout\\WebProject\\ums-app\\vendor\\laravel\\framework\\src\\Illuminate\\Database\\Connectors\\Connector.php:70)
[stacktrace]
#0 C:\\Users\\hp\\Documents\\ResumeLayout\\WebProject\\ums-app\\vendor\\laravel\\framework\\src\\Illuminate\\Database\\Connectors\\Connector.php(70): PDO->__construct('sqlite:C:\\\\Users...', NULL, NULL, Array)
#1 C:\\Users\\hp\\Documents\\ResumeLayout\\WebProject\\ums-app\\vendor\\laravel\\framework\\src\\Illuminate\\Database\\Connectors\\Connector.php(46): Illuminate\\Database\\Connectors\\Connector->createPdoConnection('sqlite:C:\\\\Users...', NULL, NULL, Array)
#2 C:\\Users\\hp\\Documents\\ResumeLayout\\WebProject\\ums-app\\vendor\\laravel\\framework\\src\\Illuminate\\Database\\Connectors\\SQLiteConnector.php(37): Illuminate\\Database\\Connectors\\Connector->createConnection('sqlite:C:\\\\Users...', Array, Array)
#3 C:\\Users\\hp\\Documents\\ResumeLayout\\WebProject\\ums-app\\vendor\\laravel\\framework\\src\\Illuminate\\Database\\Connectors\\ConnectionFactory.php(222): Illuminate\\Database\\Connectors\\SQLiteConnector->connect(Array)
#4 [internal function]: Illuminate\\Database\\Connectors\\ConnectionFactory->Illuminate\\Database\\Connectors\\{closure}()
#5 C:\\Users\\hp\\Documents\\ResumeLayout\\WebProject\\ums-app\\vendor\\laravel\\framework\\src\\Illuminate\\Database\\Connection.php(1064): call_user_func(Object(Closure))
#6 C:\\Users\\hp\\Documents\\ResumeLayout\\WebProject\\ums-app\\vendor\\laravel\\framework\\src\\Illuminate\\Database\\Connection.php(495): Illuminate\\Database\\Connection->getPdo()
#7 C:\\Users\\hp\\Documents\\ResumeLayout\\WebProject\\ums-app\\vendor\\laravel\\framework\\src\\Illuminate\\Database\\Connection.php(705): Illuminate\\Database\\Connection->Illuminate\\Database\\{closure}('PRAGMA foreign_...', Array)
#8 C:\\Users\\hp\\Documents\\ResumeLayout\\WebProject\\ums-app\\vendor\\laravel\\framework\\src\\Illuminate\\Database\\Connection.php(672): Illuminate\\Database\\Connection->runQueryCallback('PRAGMA foreign_...', Array, Object(Closure))
#9 C:\\Users\\hp\\Documents\\ResumeLayout\\WebProject\\ums-app\\vendor\\laravel\\framework\\src\\Illuminate\\Database\\Connection.php(502): Illuminate\\Database\\Connection->run('PRAGMA foreign_...', Array, Object(Closure))
#10 C:\\Users\\hp\\Documents\\ResumeLayout\\WebProject\\ums-app\\vendor\\laravel\\framework\\src\\Illuminate\\Database\\Schema\\Builder.php(340): Illuminate\\Database\\Connection->statement('PRAGMA foreign_...')
#11 C:\\Users\\hp\\Documents\\ResumeLayout\\WebProject\\ums-app\\vendor\\laravel\\framework\\src\\Illuminate\\Database\\SQLiteConnection.php(37): Illuminate\\Database\\Schema\\Builder->enableForeignKeyConstraints()
#12 C:\\Users\\hp\\Documents\\ResumeLayout\\WebProject\\ums-app\\vendor\\laravel\\framework\\src\\Illuminate\\Database\\Connectors\\ConnectionFactory.php(282): Illuminate\\Database\\SQLiteConnection->__construct(Object(Closure), '', '', Array)
#13 C:\\Users\\hp\\Documents\\ResumeLayout\\WebProject\\ums-app\\vendor\\laravel\\framework\\src\\Illuminate\\Database\\Connectors\\ConnectionFactory.php(76): Illuminate\\Database\\Connectors\\ConnectionFactory->createConnection('sqlite', Object(Closure), '', '', Array)
#14 C:\\Users\\hp\\Documents\\ResumeLayout\\WebProject\\ums-app\\vendor\\laravel\\framework\\src\\Illuminate\\Database\\Connectors\\ConnectionFactory.php(50): Illuminate\\Database\\Connectors\\ConnectionFactory->createSingleConnection(Array)
#15 C:\\Users\\hp\\Documents\\ResumeLayout\\WebProject\\ums-app\\vendor\\laravel\\framework\\src\\Illuminate\\Database\\DatabaseManager.php(140): Illuminate\\Database\\Connectors\\ConnectionFactory->make(Array, 'sqlite')
#16 C:\\Users\\hp\\Documents\\ResumeLayout\\WebProject\\ums-app\\vendor\\laravel\\framework\\src\\Illuminate\\Database\\DatabaseManager.php(95): Illuminate\\Database\\DatabaseManager->makeConnection('sqlite')
#17 C:\\Users\\hp\\Documents\\ResumeLayout\\WebProject\\ums-app\\vendor\\laravel\\framework\\src\\Illuminate\\Database\\Migrations\\DatabaseMigrationRepository.php(211): Illuminate\\Database\\DatabaseManager->connection('sqlite')
#18 C:\\Users\\hp\\Documents\\ResumeLayout\\WebProject\\ums-app\\vendor\\laravel\\framework\\src\\Illuminate\\Database\\Migrations\\DatabaseMigrationRepository.php(167): Illuminate\\Database\\Migrations\\DatabaseMigrationRepository->getConnection()
#19 C:\\Users\\hp\\Documents\\ResumeLayout\\WebProject\\ums-app\\vendor\\laravel\\framework\\src\\Illuminate\\Database\\Migrations\\Migrator.php(673): Illuminate\\Database\\Migrations\\DatabaseMigrationRepository->repositoryExists()
#20 C:\\Users\\hp\\Documents\\ResumeLayout\\WebProject\\ums-app\\vendor\\laravel\\framework\\src\\Illuminate\\Database\\Console\\Migrations\\MigrateCommand.php(110): Illuminate\\Database\\Migrations\\Migrator->repositoryExists()
#21 C:\\Users\\hp\\Documents\\ResumeLayout\\WebProject\\ums-app\\vendor\\laravel\\framework\\src\\Illuminate\\Database\\Console\\Migrations\\MigrateCommand.php(78): Illuminate\\Database\\Console\\Migrations\\MigrateCommand->prepareDatabase()
#22 C:\\Users\\hp\\Documents\\ResumeLayout\\WebProject\\ums-app\\vendor\\laravel\\framework\\src\\Illuminate\\Database\\Migrations\\Migrator.php(606): Illuminate\\Database\\Console\\Migrations\\MigrateCommand->Illuminate\\Database\\Console\\Migrations\\{closure}()
#23 C:\\Users\\hp\\Documents\\ResumeLayout\\WebProject\\ums-app\\vendor\\laravel\\framework\\src\\Illuminate\\Database\\Console\\Migrations\\MigrateCommand.php(98): Illuminate\\Database\\Migrations\\Migrator->usingConnection(NULL, Object(Closure))
#24 C:\\Users\\hp\\Documents\\ResumeLayout\\WebProject\\ums-app\\vendor\\laravel\\framework\\src\\Illuminate\\Container\\BoundMethod.php(36): Illuminate\\Database\\Console\\Migrations\\MigrateCommand->handle()
#25 C:\\Users\\hp\\Documents\\ResumeLayout\\WebProject\\ums-app\\vendor\\laravel\\framework\\src\\Illuminate\\Container\\Util.php(40): Illuminate\\Container\\BoundMethod::Illuminate\\Container\\{closure}()
#26 C:\\Users\\hp\\Documents\\ResumeLayout\\WebProject\\ums-app\\vendor\\laravel\\framework\\src\\Illuminate\\Container\\BoundMethod.php(93): Illuminate\\Container\\Util::unwrapIfClosure(Object(Closure))
#27 C:\\Users\\hp\\Documents\\ResumeLayout\\WebProject\\ums-app\\vendor\\laravel\\framework\\src\\Illuminate\\Container\\BoundMethod.php(37): Illuminate\\Container\\BoundMethod::callBoundMethod(Object(Illuminate\\Foundation\\Application), Array, Object(Closure))
#28 C:\\Users\\hp\\Documents\\ResumeLayout\\WebProject\\ums-app\\vendor\\laravel\\framework\\src\\Illuminate\\Container\\Container.php(653): Illuminate\\Container\\BoundMethod::call(Object(Illuminate\\Foundation\\Application), Array, Array, NULL)
#29 C:\\Users\\hp\\Documents\\ResumeLayout\\WebProject\\ums-app\\vendor\\laravel\\framework\\src\\Illuminate\\Console\\Command.php(136): Illuminate\\Container\\Container->call(Array)
#30 C:\\Users\\hp\\Documents\\ResumeLayout\\WebProject\\ums-app\\vendor\\symfony\\console\\Command\\Command.php(298): Illuminate\\Console\\Command->execute(Object(Symfony\\Component\\Console\\Input\\ArgvInput), Object(Illuminate\\Console\\OutputStyle))
#31 C:\\Users\\hp\\Documents\\ResumeLayout\\WebProject\\ums-app\\vendor\\laravel\\framework\\src\\Illuminate\\Console\\Command.php(121): Symfony\\Component\\Console\\Command\\Command->run(Object(Symfony\\Component\\Console\\Input\\ArgvInput), Object(Illuminate\\Console\\OutputStyle))
#32 C:\\Users\\hp\\Documents\\ResumeLayout\\WebProject\\ums-app\\vendor\\symfony\\console\\Application.php(1040): Illuminate\\Console\\Command->run(Object(Symfony\\Component\\Console\\Input\\ArgvInput), Object(Symfony\\Component\\Console\\Output\\ConsoleOutput))
#33 C:\\Users\\hp\\Documents\\ResumeLayout\\WebProject\\ums-app\\vendor\\symfony\\console\\Application.php(301): Symfony\\Component\\Console\\Application->doRunCommand(Object(Illuminate\\Database\\Console\\Migrations\\MigrateCommand), Object(Symfony\\Component\\Console\\Input\\ArgvInput), Object(Symfony\\Component\\Console\\Output\\ConsoleOutput))
#34 C:\\Users\\hp\\Documents\\ResumeLayout\\WebProject\\ums-app\\vendor\\symfony\\console\\Application.php(171): Symfony\\Component\\Console\\Application->doRun(Object(Symfony\\Component\\Console\\Input\\ArgvInput), Object(Symfony\\Component\\Console\\Output\\ConsoleOutput))
#35 C:\\Users\\hp\\Documents\\ResumeLayout\\WebProject\\ums-app\\vendor\\laravel\\framework\\src\\Illuminate\\Console\\Application.php(94): Symfony\\Component\\Console\\Application->run(Object(Symfony\\Component\\Console\\Input\\ArgvInput), Object(Symfony\\Component\\Console\\Output\\ConsoleOutput))
#36 C:\\Users\\hp\\Documents\\ResumeLayout\\WebProject\\ums-app\\vendor\\laravel\\framework\\src\\Illuminate\\Foundation\\Console\\Kernel.php(129): Illuminate\\Console\\Application->run(Object(Symfony\\Component\\Console\\Input\\ArgvInput), Object(Symfony\\Component\\Console\\Output\\ConsoleOutput))
#37 C:\\Users\\hp\\Documents\\ResumeLayout\\WebProject\\ums-app\\artisan(37): Illuminate\\Foundation\\Console\\Kernel->handle(Object(Symfony\\Component\\Console\\Input\\ArgvInput), Object(Symfony\\Component\\Console\\Output\\ConsoleOutput))
#38 {main}
"} 
[2026-05-29 16:41:40] testing.ERROR: Internal boom {"exception":"[object] (RuntimeException(code: 0): Internal boom at C:\\Users\\hp\\Documents\\ResumeLayout\\WebProject\\ums-app\\tests\\Feature\\ApiResponseAndExceptionHandlerTest.php:52)
[stacktrace]
#0 C:\\Users\\hp\\Documents\\ResumeLayout\\WebProject\\ums-app\\vendor\\laravel\\framework\\src\\Illuminate\\Routing\\Route.php(238): Tests\\Feature\\ApiResponseAndExceptionHandlerTest->Tests\\Feature\\{closure}()
#1 C:\\Users\\hp\\Documents\\ResumeLayout\\WebProject\\ums-app\\vendor\\laravel\\framework\\src\\Illuminate\\Routing\\Route.php(208): Illuminate\\Routing\\Route->runCallable()
#2 C:\\Users\\hp\\Documents\\ResumeLayout\\WebProject\\ums-app\\vendor\\laravel\\framework\\src\\Illuminate\\Routing\\Router.php(721): Illuminate\\Routing\\Route->run()
#3 C:\\Users\\hp\\Documents\\ResumeLayout\\WebProject\\ums-app\\vendor\\laravel\\framework\\src\\Illuminate\\Pipeline\\Pipeline.php(128): Illuminate\\Routing\\Router->Illuminate\\Routing\\{closure}(Object(Illuminate\\Http\\Request))
#4 C:\\Users\\hp\\Documents\\ResumeLayout\\WebProject\\ums-app\\vendor\\laravel\\framework\\src\\Illuminate\\Pipeline\\Pipeline.php(103): Illuminate\\Pipeline\\Pipeline->Illuminate\\Pipeline\\{closure}(Object(Illuminate\\Http\\Request))
#5 C:\\Users\\hp\\Documents\\ResumeLayout\\WebProject\\ums-app\\vendor\\laravel\\framework\\src\\Illuminate\\Routing\\Router.php(723): Illuminate\\Pipeline\\Pipeline->then(Object(Closure))
#6 C:\\Users\\hp\\Documents\\ResumeLayout\\WebProject\\ums-app\\vendor\\laravel\\framework\\src\\Illuminate\\Routing\\Router.php(698): Illuminate\\Routing\\Router->runRouteWithinStack(Object(Illuminate\\Routing\\Route), Object(Illuminate\\Http\\Request))
#7 C:\\Users\\hp\\Documents\\ResumeLayout\\WebProject\\ums-app\\vendor\\laravel\\framework\\src\\Illuminate\\Routing\\Router.php(662): Illuminate\\Routing\\Router->runRoute(Object(Illuminate\\Http\\Request), Object(Illuminate\\Routing\\Route))
#8 C:\\Users\\hp\\Documents\\ResumeLayout\\WebProject\\ums-app\\vendor\\laravel\\framework\\src\\Illuminate\\Routing\\Router.php(651): Illuminate\\Routing\\Router->dispatchToRoute(Object(Illuminate\\Http\\Request))
#9 C:\\Users\\hp\\Documents\\ResumeLayout\\WebProject\\ums-app\\vendor\\laravel\\framework\\src\\Illuminate\\Foundation\\Http\\Kernel.php(167): Illuminate\\Routing\\Router->dispatch(Object(Illuminate\\Http\\Request))
#10 C:\\Users\\hp\\Documents\\ResumeLayout\\WebProject\\ums-app\\vendor\\laravel\\framework\\src\\Illuminate\\Pipeline\\Pipeline.php(128): Illuminate\\Foundation\\Http\\Kernel->Illuminate\\Foundation\\Http\\{closure}(Object(Illuminate\\Http\\Request))
#11 C:\\Users\\hp\\Documents\\ResumeLayout\\WebProject\\ums-app\\vendor\\laravel\\framework\\src\\Illuminate\\Foundation\\Http\\Middleware\\TransformsRequest.php(21): Illuminate\\Pipeline\\Pipeline->Illuminate\\Pipeline\\{closure}(Object(Illuminate\\Http\\Request))
#12 C:\\Users\\hp\\Documents\\ResumeLayout\\WebProject\\ums-app\\vendor\\laravel\\framework\\src\\Illuminate\\Foundation\\Http\\Middleware\\ConvertEmptyStringsToNull.php(31): Illuminate\\Foundation\\Http\\Middleware\\TransformsRequest->handle(Object(Illuminate\\Http\\Request), Object(Closure))
#13 C:\\Users\\hp\\Documents\\ResumeLayout\\WebProject\\ums-app\\vendor\\laravel\\framework\\src\\Illuminate\\Pipeline\\Pipeline.php(167): Illuminate\\Foundation\\Http\\Middleware\\ConvertEmptyStringsToNull->handle(Object(Illuminate\\Http\\Request), Object(Closure))
#14 C:\\Users\\hp\\Documents\\ResumeLayout\\WebProject\\ums-app\\vendor\\laravel\\framework\\src\\Illuminate\\Foundation\\Http\\Middleware\\TransformsRequest.php(21): Illuminate\\Pipeline\\Pipeline->Illuminate\\Pipeline\\{closure}(Object(Illuminate\\Http\\Request))
#15 C:\\Users\\hp\\Documents\\ResumeLayout\\WebProject\\ums-app\\vendor\\laravel\\framework\\src\\Illuminate\\Foundation\\Http\\Middleware\\TrimStrings.php(40): Illuminate\\Foundation\\Http\\Middleware\\TransformsRequest->handle(Object(Illuminate\\Http\\Request), Object(Closure))
#16 C:\\Users\\hp\\Documents\\ResumeLayout\\WebProject\\ums-app\\vendor\\laravel\\framework\\src\\Illuminate\\Pipeline\\Pipeline.php(167): Illuminate\\Foundation\\Http\\Middleware\\TrimStrings->handle(Object(Illuminate\\Http\\Request), Object(Closure))
#17 C:\\Users\\hp\\Documents\\ResumeLayout\\WebProject\\ums-app\\vendor\\laravel\\framework\\src\\Illuminate\\Foundation\\Http\\Middleware\\ValidatePostSize.php(27): Illuminate\\Pipeline\\Pipeline->Illuminate\\Pipeline\\{closure}(Object(Illuminate\\Http\\Request))
#18 C:\\Users\\hp\\Documents\\ResumeLayout\\WebProject\\ums-app\\vendor\\laravel\\framework\\src\\Illuminate\\Pipeline\\Pipeline.php(167): Illuminate\\Foundation\\Http\\Middleware\\ValidatePostSize->handle(Object(Illuminate\\Http\\Request), Object(Closure))
#19 C:\\Users\\hp\\Documents\\ResumeLayout\\WebProject\\ums-app\\vendor\\laravel\\framework\\src\\Illuminate\\Foundation\\Http\\Middleware\\PreventRequestsDuringMaintenance.php(86): Illuminate\\Pipeline\\Pipeline->Illuminate\\Pipeline\\{closure}(Object(Illuminate\\Http\\Request))
#20 C:\\Users\\hp\\Documents\\ResumeLayout\\WebProject\\ums-app\\vendor\\laravel\\framework\\src\\Illuminate\\Pipeline\\Pipeline.php(167): Illuminate\\Foundation\\Http\\Middleware\\PreventRequestsDuringMaintenance->handle(Object(Illuminate\\Http\\Request), Object(Closure))
#21 C:\\Users\\hp\\Documents\\ResumeLayout\\WebProject\\ums-app\\vendor\\fruitcake\\laravel-cors\\src\\HandleCors.php(52): Illuminate\\Pipeline\\Pipeline->Illuminate\\Pipeline\\{closure}(Object(Illuminate\\Http\\Request))
#22 C:\\Users\\hp\\Documents\\ResumeLayout\\WebProject\\ums-app\\vendor\\laravel\\framework\\src\\Illuminate\\Pipeline\\Pipeline.php(167): Fruitcake\\Cors\\HandleCors->handle(Object(Illuminate\\Http\\Request), Object(Closure))
#23 C:\\Users\\hp\\Documents\\ResumeLayout\\WebProject\\ums-app\\vendor\\fideloper\\proxy\\src\\TrustProxies.php(57): Illuminate\\Pipeline\\Pipeline->Illuminate\\Pipeline\\{closure}(Object(Illuminate\\Http\\Request))
#24 C:\\Users\\hp\\Documents\\ResumeLayout\\WebProject\\ums-app\\vendor\\laravel\\framework\\src\\Illuminate\\Pipeline\\Pipeline.php(167): Fideloper\\Proxy\\TrustProxies->handle(Object(Illuminate\\Http\\Request), Object(Closure))
#25 C:\\Users\\hp\\Documents\\ResumeLayout\\WebProject\\ums-app\\vendor\\laravel\\framework\\src\\Illuminate\\Pipeline\\Pipeline.php(103): Illuminate\\Pipeline\\Pipeline->Illuminate\\Pipeline\\{closure}(Object(Illuminate\\Http\\Request))
#26 C:\\Users\\hp\\Documents\\ResumeLayout\\WebProject\\ums-app\\vendor\\laravel\\framework\\src\\Illuminate\\Foundation\\Http\\Kernel.php(142): Illuminate\\Pipeline\\Pipeline->then(Object(Closure))
#27 C:\\Users\\hp\\Documents\\ResumeLayout\\WebProject\\ums-app\\vendor\\laravel\\framework\\src\\Illuminate\\Foundation\\Http\\Kernel.php(111): Illuminate\\Foundation\\Http\\Kernel->sendRequestThroughRouter(Object(Illuminate\\Http\\Request))
#28 C:\\Users\\hp\\Documents\\ResumeLayout\\WebProject\\ums-app\\vendor\\laravel\\framework\\src\\Illuminate\\Foundation\\Testing\\Concerns\\MakesHttpRequests.php(510): Illuminate\\Foundation\\Http\\Kernel->handle(Object(Illuminate\\Http\\Request))
#29 C:\\Users\\hp\\Documents\\ResumeLayout\\WebProject\\ums-app\\vendor\\laravel\\framework\\src\\Illuminate\\Foundation\\Testing\\Concerns\\MakesHttpRequests.php(476): Illuminate\\Foundation\\Testing\\TestCase->call('GET', '/api/test/unhan...', Array, Array, Array, Array, '[]')
#30 C:\\Users\\hp\\Documents\\ResumeLayout\\WebProject\\ums-app\\vendor\\laravel\\framework\\src\\Illuminate\\Foundation\\Testing\\Concerns\\MakesHttpRequests.php(306): Illuminate\\Foundation\\Testing\\TestCase->json('GET', '/api/test/unhan...', Array, Array)
#31 C:\\Users\\hp\\Documents\\ResumeLayout\\WebProject\\ums-app\\tests\\Feature\\ApiResponseAndExceptionHandlerTest.php(173): Illuminate\\Foundation\\Testing\\TestCase->getJson('/api/test/unhan...')
#32 C:\\Users\\hp\\Documents\\ResumeLayout\\WebProject\\ums-app\\vendor\\phpunit\\phpunit\\src\\Framework\\TestCase.php(1617): Tests\\Feature\\ApiResponseAndExceptionHandlerTest->unhandled_exception_returns_500_with_generic_message()
#33 C:\\Users\\hp\\Documents\\ResumeLayout\\WebProject\\ums-app\\vendor\\phpunit\\phpunit\\src\\Framework\\TestCase.php(1223): PHPUnit\\Framework\\TestCase->runTest()
#34 C:\\Users\\hp\\Documents\\ResumeLayout\\WebProject\\ums-app\\vendor\\phpunit\\phpunit\\src\\Framework\\TestResult.php(729): PHPUnit\\Framework\\TestCase->runBare()
#35 C:\\Users\\hp\\Documents\\ResumeLayout\\WebProject\\ums-app\\vendor\\phpunit\\phpunit\\src\\Framework\\TestCase.php(973): PHPUnit\\Framework\\TestResult->run(Object(Tests\\Feature\\ApiResponseAndExceptionHandlerTest))
#36 C:\\Users\\hp\\Documents\\ResumeLayout\\WebProject\\ums-app\\vendor\\phpunit\\phpunit\\src\\Framework\\TestSuite.php(685): PHPUnit\\Framework\\TestCase->run(Object(PHPUnit\\Framework\\TestResult))
#37 C:\\Users\\hp\\Documents\\ResumeLayout\\WebProject\\ums-app\\vendor\\phpunit\\phpunit\\src\\Framework\\TestSuite.php(685): PHPUnit\\Framework\\TestSuite->run(Object(PHPUnit\\Framework\\TestResult))
#38 C:\\Users\\hp\\Documents\\ResumeLayout\\WebProject\\ums-app\\vendor\\phpunit\\phpunit\\src\\Framework\\TestSuite.php(685): PHPUnit\\Framework\\TestSuite->run(Object(PHPUnit\\Framework\\TestResult))
#39 C:\\Users\\hp\\Documents\\ResumeLayout\\WebProject\\ums-app\\vendor\\phpunit\\phpunit\\src\\TextUI\\TestRunner.php(651): PHPUnit\\Framework\\TestSuite->run(Object(PHPUnit\\Framework\\TestResult))
#40 C:\\Users\\hp\\Documents\\ResumeLayout\\WebProject\\ums-app\\vendor\\phpunit\\phpunit\\src\\TextUI\\Command.php(146): PHPUnit\\TextUI\\TestRunner->run(Object(PHPUnit\\Framework\\TestSuite), Array, Array, true)
#41 C:\\Users\\hp\\Documents\\ResumeLayout\\WebProject\\ums-app\\vendor\\phpunit\\phpunit\\src\\TextUI\\Command.php(99): PHPUnit\\TextUI\\Command->run(Array, true)
#42 C:\\Users\\hp\\Documents\\ResumeLayout\\WebProject\\ums-app\\vendor\\phpunit\\phpunit\\phpunit(107): PHPUnit\\TextUI\\Command::main()
#43 {main}
"} 
[2026-05-29 16:41:40] testing.ERROR: Internal boom {"exception":"[object] (RuntimeException(code: 0): Internal boom at C:\\Users\\hp\\Documents\\ResumeLayout\\WebProject\\ums-app\\tests\\Feature\\ApiResponseAndExceptionHandlerTest.php:52)
[stacktrace]
#0 C:\\Users\\hp\\Documents\\ResumeLayout\\WebProject\\ums-app\\vendor\\laravel\\framework\\src\\Illuminate\\Routing\\Route.php(238): Tests\\Feature\\ApiResponseAndExceptionHandlerTest->Tests\\Feature\\{closure}()
#1 C:\\Users\\hp\\Documents\\ResumeLayout\\WebProject\\ums-app\\vendor\\laravel\\framework\\src\\Illuminate\\Routing\\Route.php(208): Illuminate\\Routing\\Route->runCallable()
#2 C:\\Users\\hp\\Documents\\ResumeLayout\\WebProject\\ums-app\\vendor\\laravel\\framework\\src\\Illuminate\\Routing\\Router.php(721): Illuminate\\Routing\\Route->run()
#3 C:\\Users\\hp\\Documents\\ResumeLayout\\WebProject\\ums-app\\vendor\\laravel\\framework\\src\\Illuminate\\Pipeline\\Pipeline.php(128): Illuminate\\Routing\\Router->Illuminate\\Routing\\{closure}(Object(Illuminate\\Http\\Request))
#4 C:\\Users\\hp\\Documents\\ResumeLayout\\WebProject\\ums-app\\vendor\\laravel\\framework\\src\\Illuminate\\Pipeline\\Pipeline.php(103): Illuminate\\Pipeline\\Pipeline->Illuminate\\Pipeline\\{closure}(Object(Illuminate\\Http\\Request))
#5 C:\\Users\\hp\\Documents\\ResumeLayout\\WebProject\\ums-app\\vendor\\laravel\\framework\\src\\Illuminate\\Routing\\Router.php(723): Illuminate\\Pipeline\\Pipeline->then(Object(Closure))
#6 C:\\Users\\hp\\Documents\\ResumeLayout\\WebProject\\ums-app\\vendor\\laravel\\framework\\src\\Illuminate\\Routing\\Router.php(698): Illuminate\\Routing\\Router->runRouteWithinStack(Object(Illuminate\\Routing\\Route), Object(Illuminate\\Http\\Request))
#7 C:\\Users\\hp\\Documents\\ResumeLayout\\WebProject\\ums-app\\vendor\\laravel\\framework\\src\\Illuminate\\Routing\\Router.php(662): Illuminate\\Routing\\Router->runRoute(Object(Illuminate\\Http\\Request), Object(Illuminate\\Routing\\Route))
#8 C:\\Users\\hp\\Documents\\ResumeLayout\\WebProject\\ums-app\\vendor\\laravel\\framework\\src\\Illuminate\\Routing\\Router.php(651): Illuminate\\Routing\\Router->dispatchToRoute(Object(Illuminate\\Http\\Request))
#9 C:\\Users\\hp\\Documents\\ResumeLayout\\WebProject\\ums-app\\vendor\\laravel\\framework\\src\\Illuminate\\Foundation\\Http\\Kernel.php(167): Illuminate\\Routing\\Router->dispatch(Object(Illuminate\\Http\\Request))
#10 C:\\Users\\hp\\Documents\\ResumeLayout\\WebProject\\ums-app\\vendor\\laravel\\framework\\src\\Illuminate\\Pipeline\\Pipeline.php(128): Illuminate\\Foundation\\Http\\Kernel->Illuminate\\Foundation\\Http\\{closure}(Object(Illuminate\\Http\\Request))
#11 C:\\Users\\hp\\Documents\\ResumeLayout\\WebProject\\ums-app\\vendor\\laravel\\framework\\src\\Illuminate\\Foundation\\Http\\Middleware\\TransformsRequest.php(21): Illuminate\\Pipeline\\Pipeline->Illuminate\\Pipeline\\{closure}(Object(Illuminate\\Http\\Request))
#12 C:\\Users\\hp\\Documents\\ResumeLayout\\WebProject\\ums-app\\vendor\\laravel\\framework\\src\\Illuminate\\Foundation\\Http\\Middleware\\ConvertEmptyStringsToNull.php(31): Illuminate\\Foundation\\Http\\Middleware\\TransformsRequest->handle(Object(Illuminate\\Http\\Request), Object(Closure))
#13 C:\\Users\\hp\\Documents\\ResumeLayout\\WebProject\\ums-app\\vendor\\laravel\\framework\\src\\Illuminate\\Pipeline\\Pipeline.php(167): Illuminate\\Foundation\\Http\\Middleware\\ConvertEmptyStringsToNull->handle(Object(Illuminate\\Http\\Request), Object(Closure))
#14 C:\\Users\\hp\\Documents\\ResumeLayout\\WebProject\\ums-app\\vendor\\laravel\\framework\\src\\Illuminate\\Foundation\\Http\\Middleware\\TransformsRequest.php(21): Illuminate\\Pipeline\\Pipeline->Illuminate\\Pipeline\\{closure}(Object(Illuminate\\Http\\Request))
#15 C:\\Users\\hp\\Documents\\ResumeLayout\\WebProject\\ums-app\\vendor\\laravel\\framework\\src\\Illuminate\\Foundation\\Http\\Middleware\\TrimStrings.php(40): Illuminate\\Foundation\\Http\\Middleware\\TransformsRequest->handle(Object(Illuminate\\Http\\Request), Object(Closure))
#16 C:\\Users\\hp\\Documents\\ResumeLayout\\WebProject\\ums-app\\vendor\\laravel\\framework\\src\\Illuminate\\Pipeline\\Pipeline.php(167): Illuminate\\Foundation\\Http\\Middleware\\TrimStrings->handle(Object(Illuminate\\Http\\Request), Object(Closure))
#17 C:\\Users\\hp\\Documents\\ResumeLayout\\WebProject\\ums-app\\vendor\\laravel\\framework\\src\\Illuminate\\Foundation\\Http\\Middleware\\ValidatePostSize.php(27): Illuminate\\Pipeline\\Pipeline->Illuminate\\Pipeline\\{closure}(Object(Illuminate\\Http\\Request))
#18 C:\\Users\\hp\\Documents\\ResumeLayout\\WebProject\\ums-app\\vendor\\laravel\\framework\\src\\Illuminate\\Pipeline\\Pipeline.php(167): Illuminate\\Foundation\\Http\\Middleware\\ValidatePostSize->handle(Object(Illuminate\\Http\\Request), Object(Closure))
#19 C:\\Users\\hp\\Documents\\ResumeLayout\\WebProject\\ums-app\\vendor\\laravel\\framework\\src\\Illuminate\\Foundation\\Http\\Middleware\\PreventRequestsDuringMaintenance.php(86): Illuminate\\Pipeline\\Pipeline->Illuminate\\Pipeline\\{closure}(Object(Illuminate\\Http\\Request))
#20 C:\\Users\\hp\\Documents\\ResumeLayout\\WebProject\\ums-app\\vendor\\laravel\\framework\\src\\Illuminate\\Pipeline\\Pipeline.php(167): Illuminate\\Foundation\\Http\\Middleware\\PreventRequestsDuringMaintenance->handle(Object(Illuminate\\Http\\Request), Object(Closure))
#21 C:\\Users\\hp\\Documents\\ResumeLayout\\WebProject\\ums-app\\vendor\\fruitcake\\laravel-cors\\src\\HandleCors.php(52): Illuminate\\Pipeline\\Pipeline->Illuminate\\Pipeline\\{closure}(Object(Illuminate\\Http\\Request))
#22 C:\\Users\\hp\\Documents\\ResumeLayout\\WebProject\\ums-app\\vendor\\laravel\\framework\\src\\Illuminate\\Pipeline\\Pipeline.php(167): Fruitcake\\Cors\\HandleCors->handle(Object(Illuminate\\Http\\Request), Object(Closure))
#23 C:\\Users\\hp\\Documents\\ResumeLayout\\WebProject\\ums-app\\vendor\\fideloper\\proxy\\src\\TrustProxies.php(57): Illuminate\\Pipeline\\Pipeline->Illuminate\\Pipeline\\{closure}(Object(Illuminate\\Http\\Request))
#24 C:\\Users\\hp\\Documents\\ResumeLayout\\WebProject\\ums-app\\vendor\\laravel\\framework\\src\\Illuminate\\Pipeline\\Pipeline.php(167): Fideloper\\Proxy\\TrustProxies->handle(Object(Illuminate\\Http\\Request), Object(Closure))
#25 C:\\Users\\hp\\Documents\\ResumeLayout\\WebProject\\ums-app\\vendor\\laravel\\framework\\src\\Illuminate\\Pipeline\\Pipeline.php(103): Illuminate\\Pipeline\\Pipeline->Illuminate\\Pipeline\\{closure}(Object(Illuminate\\Http\\Request))
#26 C:\\Users\\hp\\Documents\\ResumeLayout\\WebProject\\ums-app\\vendor\\laravel\\framework\\src\\Illuminate\\Foundation\\Http\\Kernel.php(142): Illuminate\\Pipeline\\Pipeline->then(Object(Closure))
#27 C:\\Users\\hp\\Documents\\ResumeLayout\\WebProject\\ums-app\\vendor\\laravel\\framework\\src\\Illuminate\\Foundation\\Http\\Kernel.php(111): Illuminate\\Foundation\\Http\\Kernel->sendRequestThroughRouter(Object(Illuminate\\Http\\Request))
#28 C:\\Users\\hp\\Documents\\ResumeLayout\\WebProject\\ums-app\\vendor\\laravel\\framework\\src\\Illuminate\\Foundation\\Testing\\Concerns\\MakesHttpRequests.php(510): Illuminate\\Foundation\\Http\\Kernel->handle(Object(Illuminate\\Http\\Request))
#29 C:\\Users\\hp\\Documents\\ResumeLayout\\WebProject\\ums-app\\vendor\\laravel\\framework\\src\\Illuminate\\Foundation\\Testing\\Concerns\\MakesHttpRequests.php(476): Illuminate\\Foundation\\Testing\\TestCase->call('GET', '/api/test/unhan...', Array, Array, Array, Array, '[]')
#30 C:\\Users\\hp\\Documents\\ResumeLayout\\WebProject\\ums-app\\vendor\\laravel\\framework\\src\\Illuminate\\Foundation\\Testing\\Concerns\\MakesHttpRequests.php(306): Illuminate\\Foundation\\Testing\\TestCase->json('GET', '/api/test/unhan...', Array, Array)
#31 C:\\Users\\hp\\Documents\\ResumeLayout\\WebProject\\ums-app\\tests\\Feature\\ApiResponseAndExceptionHandlerTest.php(185): Illuminate\\Foundation\\Testing\\TestCase->getJson('/api/test/unhan...')
#32 C:\\Users\\hp\\Documents\\ResumeLayout\\WebProject\\ums-app\\vendor\\phpunit\\phpunit\\src\\Framework\\TestCase.php(1617): Tests\\Feature\\ApiResponseAndExceptionHandlerTest->unhandled_exception_response_does_not_expose_stack_trace()
#33 C:\\Users\\hp\\Documents\\ResumeLayout\\WebProject\\ums-app\\vendor\\phpunit\\phpunit\\src\\Framework\\TestCase.php(1223): PHPUnit\\Framework\\TestCase->runTest()
#34 C:\\Users\\hp\\Documents\\ResumeLayout\\WebProject\\ums-app\\vendor\\phpunit\\phpunit\\src\\Framework\\TestResult.php(729): PHPUnit\\Framework\\TestCase->runBare()
#35 C:\\Users\\hp\\Documents\\ResumeLayout\\WebProject\\ums-app\\vendor\\phpunit\\phpunit\\src\\Framework\\TestCase.php(973): PHPUnit\\Framework\\TestResult->run(Object(Tests\\Feature\\ApiResponseAndExceptionHandlerTest))
#36 C:\\Users\\hp\\Documents\\ResumeLayout\\WebProject\\ums-app\\vendor\\phpunit\\phpunit\\src\\Framework\\TestSuite.php(685): PHPUnit\\Framework\\TestCase->run(Object(PHPUnit\\Framework\\TestResult))
#37 C:\\Users\\hp\\Documents\\ResumeLayout\\WebProject\\ums-app\\vendor\\phpunit\\phpunit\\src\\Framework\\TestSuite.php(685): PHPUnit\\Framework\\TestSuite->run(Object(PHPUnit\\Framework\\TestResult))
#38 C:\\Users\\hp\\Documents\\ResumeLayout\\WebProject\\ums-app\\vendor\\phpunit\\phpunit\\src\\Framework\\TestSuite.php(685): PHPUnit\\Framework\\TestSuite->run(Object(PHPUnit\\Framework\\TestResult))
#39 C:\\Users\\hp\\Documents\\ResumeLayout\\WebProject\\ums-app\\vendor\\phpunit\\phpunit\\src\\TextUI\\TestRunner.php(651): PHPUnit\\Framework\\TestSuite->run(Object(PHPUnit\\Framework\\TestResult))
#40 C:\\Users\\hp\\Documents\\ResumeLayout\\WebProject\\ums-app\\vendor\\phpunit\\phpunit\\src\\TextUI\\Command.php(146): PHPUnit\\TextUI\\TestRunner->run(Object(PHPUnit\\Framework\\TestSuite), Array, Array, true)
#41 C:\\Users\\hp\\Documents\\ResumeLayout\\WebProject\\ums-app\\vendor\\phpunit\\phpunit\\src\\TextUI\\Command.php(99): PHPUnit\\TextUI\\Command->run(Array, true)
#42 C:\\Users\\hp\\Documents\\ResumeLayout\\WebProject\\ums-app\\vendor\\phpunit\\phpunit\\phpunit(107): PHPUnit\\TextUI\\Command::main()
#43 {main}
"} 
